# Blender 5.2.0 LTS
# www.blender.org
mtllib Bismarck-Turret only.mtl
o Barrel-Left
v 0.182603 0.659590 1.553268
v 0.182603 0.718546 1.553268
v 0.153626 0.689068 1.552519
v 0.161551 0.667576 1.553268
v 0.161551 0.710560 1.553268
v 0.212080 0.689068 1.554017
v 0.204046 0.667638 1.553268
v 0.204046 0.710497 1.553268
v 0.182590 0.656954 0.984762
v 0.182590 0.721182 0.984762
v 0.151022 0.689068 0.984762
v 0.159655 0.665654 0.984762
v 0.159655 0.712482 0.984762
v 0.214703 0.689068 0.984762
v 0.205950 0.665722 0.984762
v 0.205950 0.712414 0.984762
v 0.182532 0.689068 0.287944
v 0.182500 0.638785 0.656569
v 0.182500 0.739351 0.656569
v 0.133072 0.689068 0.656788
v 0.146590 0.652407 0.656788
v 0.146590 0.725729 0.656788
v 0.232783 0.689068 0.656788
v 0.219077 0.652513 0.656568
v 0.219077 0.725622 0.656568
v 0.182485 0.635709 0.656569
v 0.182485 0.742427 0.656569
v 0.130033 0.689068 0.656788
v 0.144378 0.650164 0.656788
v 0.144378 0.727972 0.656788
v 0.235844 0.689068 0.656569
v 0.221300 0.650277 0.656568
v 0.221300 0.727859 0.656568
v 0.182484 0.635709 0.287944
v 0.182484 0.742427 0.287944
v 0.130032 0.689068 0.287944
v 0.144377 0.650164 0.287944
v 0.144377 0.727972 0.287944
v 0.235844 0.689068 0.287944
v 0.221299 0.650277 0.287944
v 0.221299 0.727859 0.287944
v 0.182637 0.665851 1.553268
v 0.182637 0.712284 1.553268
v 0.159815 0.689068 1.552678
v 0.166056 0.672141 1.553268
v 0.166056 0.705995 1.553268
v 0.205853 0.689068 1.553858
v 0.199525 0.672190 1.553268
v 0.199525 0.705946 1.553268
v 0.182637 0.665851 0.350388
v 0.182637 0.712284 0.350388
v 0.159815 0.689068 0.349798
v 0.166056 0.672141 0.350388
v 0.166056 0.705995 0.350388
v 0.205853 0.689068 0.350978
v 0.199525 0.672190 0.350388
v 0.199525 0.705946 0.350388
vn -0.0015 0.9995 0.0301
vn -0.0018 0.9985 0.0553
vn -0.7083 0.7037 0.0566
vn -0.7106 0.7029 0.0311
vn -0.9996 -0.0000 0.0297
vn -0.9985 -0.0000 0.0546
vn -0.7083 -0.7037 0.0566
vn -0.7106 -0.7029 0.0311
vn 0.7070 -0.7065 0.0311
vn 0.7057 -0.7062 0.0567
vn 0.9985 -0.0000 0.0550
vn 0.9996 -0.0000 0.0299
vn 0.7070 0.7065 0.0311
vn 0.7057 0.7062 0.0567
vn -0.0017 -1.0000 0.0046
vn -0.0015 -0.9995 0.0301
vn 0.7076 -0.7066 0.0048
vn 1.0000 -0.0000 0.0046
vn 0.7076 0.7066 0.0048
vn -0.7101 0.7041 0.0047
vn -1.0000 -0.0000 0.0046
vn -0.7101 -0.7041 0.0047
vn -0.0017 1.0000 0.0046
vn -0.0000 -0.0000 1.0000
vn 0.0026 -0.0011 1.0000
vn 0.0025 -0.0011 1.0000
vn 0.0174 -0.0080 0.9998
vn 0.0173 -0.0080 0.9998
vn 0.0347 -0.0000 0.9994
vn 0.0174 0.0080 0.9998
vn 0.0173 0.0080 0.9998
vn 0.0026 0.0011 1.0000
vn -0.0018 -0.9985 0.0553
vn 0.7072 0.7070 -0.0000
vn -0.0018 1.0000 -0.0000
vn -0.7104 -0.7037 -0.0000
vn -0.7104 -0.7038 -0.0000
vn -0.0018 -1.0000 -0.0000
vn -0.7104 0.7037 -0.0000
vn -0.7104 0.7038 -0.0000
vn -1.0000 -0.0000 -0.0000
vn 1.0000 -0.0000 -0.0000
vn 0.0025 0.0011 1.0000
vn -0.0000 -0.0000 -1.0000
vn 0.7072 -0.7070 -0.0000
vn -0.0255 -0.0000 0.9997
vn -0.0127 0.0126 0.9998
vn -0.0128 0.0127 0.9998
vn -0.0127 -0.0126 0.9998
vn -0.0257 -0.0000 0.9997
vn -0.0129 -0.0128 0.9998
vn -0.0129 0.0128 0.9998
vn -0.0128 -0.0127 0.9998
vn 0.7100 0.7042 -0.0000
vn 0.7108 0.7034 -0.0000
vn 0.0018 -1.0000 -0.0000
vn 0.7100 -0.7042 -0.0000
vn 0.7108 -0.7034 -0.0000
vn -0.7076 -0.7066 -0.0000
vn -0.7069 -0.7074 -0.0000
vn 0.0018 1.0000 -0.0000
vn -0.7076 0.7066 -0.0000
vn -0.7069 0.7074 -0.0000
vt 0.562500 0.875000
vt 0.562500 0.936437
vt 0.500000 0.936437
vt 0.437500 0.936437
vt 0.437500 0.812500
vt 0.500000 0.812500
vt 0.562500 0.812500
vt 0.437500 0.875000
vt 0.500000 0.875000
s 1
f 10/1/1 19/1/2 22/2/3 13/2/4
f 11/3/5 20/3/6 21/4/7 12/4/8
f 15/5/9 24/5/10 23/6/11 14/6/12
f 16/7/13 25/7/14 19/1/2 10/1/1
f 1/8/15 9/8/16 15/5/9 7/5/17
f 6/6/18 14/6/12 16/7/13 8/7/19
f 5/2/20 13/2/4 11/3/5 3/3/21
f 4/4/22 12/4/8 9/8/16 1/8/15
f 8/7/19 16/7/13 10/1/1 2/1/23
f 7/5/17 15/5/9 14/6/12 6/6/18
f 3/3/21 11/3/5 12/4/8 4/4/22
f 2/1/23 10/1/1 13/2/4 5/2/20
f 20/3/24 28/3/24 29/4/25 21/4/26
f 24/5/27 32/5/28 31/6/29 23/6/29
f 25/7/30 33/7/31 27/1/32 19/1/32
f 21/4/26 29/4/25 26/8/25 18/8/25
f 9/8/16 18/8/33 24/5/10 15/5/9
f 14/6/12 23/6/11 25/7/14 16/7/13
f 13/2/4 22/2/3 20/3/6 11/3/5
f 12/4/8 21/4/7 18/8/33 9/8/16
f 33/7/34 41/7/34 35/1/35 27/1/35
f 29/4/36 37/4/37 34/8/38 26/8/38
f 30/2/39 38/2/40 36/3/41 28/3/41
f 31/6/42 39/6/42 41/7/34 33/7/34
f 19/1/32 27/1/32 30/2/32 22/2/43
f 18/8/25 26/8/25 32/5/28 24/5/27
f 23/6/29 31/6/29 33/7/31 25/7/30
f 22/2/43 30/2/32 28/3/24 20/3/24
f 40/5/44 34/8/44 17/9/44 39/6/44
f 39/6/44 17/9/44 35/1/44 41/7/44
f 17/9/44 36/3/44 38/2/44 35/1/44
f 34/8/44 37/4/44 36/3/44 17/9/44
f 32/5/45 40/5/45 39/6/42 31/6/42
f 28/3/41 36/3/41 37/4/37 29/4/36
f 27/1/35 35/1/35 38/2/40 30/2/39
f 26/8/38 34/8/38 40/5/45 32/5/45
f 6/6/46 8/7/47 49/7/48 47/6/46
f 5/2/49 3/3/50 44/3/50 46/2/51
f 4/4/47 1/8/24 42/8/24 45/4/52
f 1/8/24 7/5/49 48/5/53 42/8/24
f 7/5/49 6/6/46 47/6/46 48/5/53
f 3/3/50 4/4/47 45/4/52 44/3/50
f 2/1/24 5/2/49 46/2/51 43/1/24
f 8/7/47 2/1/24 43/1/24 49/7/48
f 44/3/42 45/4/54 53/4/55 52/3/42
f 43/1/56 46/2/57 54/2/58 51/1/56
f 49/7/59 43/1/56 51/1/56 57/7/60
f 47/6/41 49/7/59 57/7/60 55/6/41
f 46/2/57 44/3/42 52/3/42 54/2/58
f 45/4/54 42/8/61 50/8/61 53/4/55
f 42/8/61 48/5/62 56/5/63 50/8/61
f 48/5/62 47/6/41 55/6/41 56/5/63
o Gunbag-Left
v 0.130820 0.649616 0.457632
v 0.135126 0.753528 0.457632
v 0.128341 0.639868 0.288254
v 0.132852 0.779145 0.288254
v 0.234423 0.649616 0.457632
v 0.230152 0.753528 0.457632
v 0.236913 0.639868 0.288254
v 0.232436 0.779145 0.288254
v 0.182627 0.601285 0.288254
v 0.182644 0.798672 0.288254
v 0.182622 0.616022 0.457632
v 0.182638 0.770134 0.457632
v 0.122074 0.693078 0.457632
v 0.119174 0.691897 0.288254
v 0.246113 0.691897 0.288254
v 0.243203 0.693078 0.457632
v 0.182644 0.691897 0.288254
v 0.120684 0.665647 0.288254
v 0.244570 0.665647 0.288254
v 0.241730 0.671539 0.457632
v 0.182627 0.646591 0.288254
v 0.123514 0.671539 0.457632
v 0.122074 0.731606 0.457632
v 0.119174 0.753366 0.288254
v 0.246113 0.753366 0.288254
v 0.243203 0.731606 0.457632
v 0.182644 0.753366 0.288254
v 0.222713 0.798672 0.288254
v 0.223021 0.633309 0.457632
v 0.224961 0.620675 0.288254
v 0.220873 0.770134 0.457632
v 0.222713 0.691897 0.288254
v 0.217032 0.646591 0.288254
v 0.222713 0.748855 0.288254
v 0.139761 0.620675 0.288254
v 0.143815 0.770134 0.457632
v 0.141959 0.798672 0.288254
v 0.141719 0.633309 0.457632
v 0.141959 0.691897 0.288254
v 0.147692 0.646591 0.288254
v 0.141959 0.753366 0.288254
v 0.135000 0.668204 0.510082
v 0.140257 0.724377 0.510082
v 0.230230 0.668204 0.510082
v 0.225004 0.724377 0.510082
v 0.182615 0.634194 0.510082
v 0.182630 0.744030 0.510082
v 0.128294 0.693780 0.510082
v 0.236967 0.693780 0.510082
v 0.235745 0.681489 0.510082
v 0.129486 0.681489 0.510082
v 0.133701 0.705896 0.510082
v 0.231560 0.705896 0.510082
v 0.222025 0.650519 0.510082
v 0.212086 0.735601 0.510082
v 0.152651 0.735601 0.510082
v 0.142757 0.650519 0.510082
v 0.129580 0.648155 0.384339
v 0.133989 0.769399 0.384339
v 0.235668 0.648155 0.384339
v 0.231294 0.769399 0.384339
v 0.182641 0.786406 0.384339
v 0.182624 0.614159 0.384339
v 0.244658 0.693078 0.384339
v 0.120624 0.693078 0.384339
v 0.122099 0.670607 0.384339
v 0.243150 0.670607 0.384339
v 0.244658 0.746946 0.384339
v 0.120624 0.746946 0.384339
v 0.221793 0.786406 0.384339
v 0.223991 0.631446 0.384339
v 0.140740 0.631446 0.384339
v 0.142887 0.786406 0.384339
vn -0.9796 0.1958 0.0453
vn -0.8769 0.4742 0.0782
vn -0.8882 0.4557 0.0580
vn -0.9469 0.3191 0.0402
vn -0.0000 -0.0000 -1.0000
vn 0.9796 0.1958 0.0454
vn 0.8708 0.4851 0.0795
vn 0.8386 0.5089 0.1944
vn 0.8889 0.3995 0.2243
vn 0.6848 -0.7269 0.0512
vn 0.9125 -0.4077 0.0329
vn 0.8981 -0.4392 0.0240
vn 0.6398 -0.7681 0.0267
vn -0.6766 0.7272 0.1154
vn -0.8432 0.5017 0.1933
vn -0.6820 0.6990 0.2153
vn 0.6563 0.7452 0.1179
vn -0.0000 0.9869 0.1616
vn 0.0003 0.9511 0.3090
vn 0.6593 0.7186 0.2213
vn -0.6947 -0.7175 0.0510
vn 0.0026 -0.9978 0.0662
vn 0.0024 -0.9996 0.0282
vn -0.6479 -0.7613 0.0267
vn 0.9862 -0.1640 0.0218
vn 0.9994 -0.0305 0.0179
vn 0.9983 -0.0278 0.0513
vn 0.9789 -0.1977 0.0515
vn -0.9864 -0.1631 0.0217
vn -0.9994 -0.0298 0.0178
vn -0.9993 -0.0337 0.0161
vn -0.9757 -0.2173 0.0280
vn -0.9155 -0.4011 0.0326
vn -0.8896 -0.4536 0.0528
vn 0.9998 -0.0000 0.0198
vn -0.9023 -0.4304 0.0239
vn -0.5967 -0.7537 0.2755
vn 0.0020 -0.9464 0.3230
vn 0.0024 -0.8651 0.5016
vn -0.7225 -0.5806 0.3754
vn 0.8898 0.1594 0.4276
vn 0.9663 0.0072 0.2573
vn -0.8889 0.3995 0.2242
vn -0.9983 -0.0269 0.0512
vn -0.9664 0.0082 0.2569
vn -0.8901 0.1593 0.4271
vn 0.0008 0.6920 0.7219
vn 0.3732 0.5917 0.7146
vn 0.9568 -0.1462 0.2512
vn -0.3869 0.5884 0.7100
vn -0.7195 0.3996 0.5680
vn 0.8720 -0.4461 0.2014
vn 0.8626 -0.3565 0.3589
vn -0.9791 -0.1969 0.0514
vn -0.8789 -0.4342 0.1976
vn -0.8646 -0.3519 0.3586
vn -0.9573 -0.1447 0.2502
vn 0.5909 -0.7579 0.2764
vn 0.7090 -0.5922 0.3830
vn 0.7161 0.4042 0.5691
vn -0.0000 0.9920 0.1266
vn -0.5156 0.8497 0.1107
vn -0.6277 -0.7727 0.0948
vn 0.0021 -0.9922 0.1243
vn 0.6220 -0.7772 0.0951
vn 0.8795 0.4721 0.0596
vn 0.5046 0.8562 0.1112
vn -0.9998 -0.0000 0.0198
vn 0.9993 -0.0344 0.0161
vn 0.9469 0.3191 0.0402
vn 0.8841 -0.4641 0.0538
vn 0.9756 -0.2177 0.0281
vt 0.562500 0.125000
vt 0.625000 0.125000
vt 0.625000 0.250000
vt 0.562500 0.250000
vt 0.562500 0.436553
vt 0.625000 0.436553
vt 0.625000 0.500000
vt 0.562500 0.500000
vt 0.562500 0.625000
vt 0.625000 0.625000
vt 0.625000 0.750000
vt 0.562500 0.750000
vt 0.311553 0.625000
vt 0.375000 0.625000
vt 0.375000 0.750000
vt 0.311553 0.750000
vt 0.812500 0.625000
vt 0.875000 0.625000
vt 0.875000 0.750000
vt 0.812500 0.750000
vt 0.688447 0.625000
vt 0.750000 0.625000
vt 0.750000 0.750000
vt 0.688447 0.750000
vt 0.187500 0.625000
vt 0.250000 0.625000
vt 0.250000 0.750000
vt 0.187500 0.750000
vt 0.562500 0.312500
vt 0.625000 0.312500
vt 0.625000 0.375000
vt 0.562500 0.375000
vt 0.437500 0.312500
vt 0.500000 0.312500
vt 0.500000 0.375000
vt 0.437500 0.375000
vt 0.437500 0.625000
vt 0.500000 0.625000
vt 0.500000 0.750000
vt 0.437500 0.750000
vt 0.437500 0.436553
vt 0.500000 0.436553
vt 0.500000 0.500000
vt 0.437500 0.500000
vt 0.437500 0.125000
vt 0.500000 0.125000
vt 0.500000 0.250000
vt 0.437500 0.250000
vt 0.375000 0.125000
vt 0.375000 0.250000
vt 0.375000 0.436553
vt 0.375000 0.500000
vt 0.375000 0.312500
vt 0.375000 0.375000
vt 0.125000 0.625000
vt 0.125000 0.750000
vt 0.562500 0.000000
vt 0.500000 0.000000
vt 0.625000 0.000000
vt 0.437500 0.000000
vt 0.375000 0.000000
vt 0.750000 0.500000
vt 0.812500 0.500000
vt 0.125000 0.500000
vt 0.187500 0.500000
vt 0.250000 0.500000
vt 0.311553 0.500000
vt 0.688447 0.500000
vt 0.875000 0.500000
s 1
f 126/10/64 116/11/65 61/12/66 81/13/67
f 91/14/68 85/15/68 65/16/68 82/17/68
f 125/18/69 118/19/70 63/20/71 83/21/72
f 128/22/73 117/23/74 62/24/75 86/25/76
f 130/26/77 116/27/65 59/28/78 93/29/79
f 127/30/80 119/31/81 69/32/82 88/33/83
f 129/34/84 120/35/85 68/36/86 95/37/87
f 98/38/68 94/39/68 67/40/68 84/41/68
f 97/42/68 96/43/68 74/44/68 78/45/68
f 124/46/88 121/47/89 73/48/90 77/49/91
f 90/50/68 89/51/68 72/52/68 76/53/68
f 123/54/92 122/55/93 71/56/94 75/57/95
f 115/58/96 123/54/92 75/57/95 60/59/97
f 87/60/68 90/50/68 76/53/68 64/61/68
f 117/23/74 124/46/88 77/49/91 62/24/75
f 92/62/68 97/42/68 78/45/68 66/63/68
f 96/43/68 98/38/68 84/41/68 74/44/68
f 121/47/89 125/18/69 83/21/98 73/48/90
f 89/51/68 91/14/68 82/17/68 72/52/68
f 122/55/93 126/10/64 81/13/67 71/56/94
f 74/44/68 84/41/68 91/14/68 89/51/68
f 66/63/68 78/45/68 90/50/68 87/60/68
f 78/45/68 74/44/68 89/51/68 90/50/68
f 118/19/70 127/30/80 88/33/83 63/20/71
f 120/35/85 128/22/73 86/25/76 68/36/86
f 84/41/68 67/40/68 85/15/68 91/14/68
f 71/56/68 81/13/68 98/38/68 96/43/68
f 60/59/68 75/57/68 97/42/68 92/62/68
f 75/57/68 71/56/68 96/43/68 97/42/68
f 81/13/68 61/12/68 94/39/68 98/38/68
f 115/64/96 129/34/84 95/37/87 58/65/99
f 119/31/81 130/26/77 93/29/79 69/32/82
f 95/37/100 68/36/101 103/36/102 114/37/103
f 73/48/90 83/21/72 110/21/104 106/48/105
f 80/66/106 70/67/107 105/67/108 109/66/109
f 88/33/83 69/32/82 104/32/110 112/33/111
f 77/49/91 73/48/90 106/48/105 107/49/112
f 69/32/82 93/29/79 113/29/113 104/32/110
f 59/68/78 80/66/106 109/66/109 100/68/114
f 62/24/115 77/49/91 107/49/112 101/24/116
f 79/69/117 58/70/118 99/70/119 108/69/120
f 86/25/121 62/24/115 101/24/116 111/25/122
f 68/36/101 86/25/121 111/25/122 103/36/102
f 58/65/118 95/37/100 114/37/103 99/65/119
f 83/21/72 63/20/71 102/20/123 110/21/104
f 93/29/79 59/28/78 100/28/114 113/29/113
f 70/67/107 79/69/117 108/69/120 105/67/108
f 63/20/71 88/33/83 112/33/111 102/20/123
f 109/66/109 105/67/108 108/69/120 99/70/119 114/37/103 103/36/102 111/25/122 101/24/116 107/49/112 106/48/105 110/21/104 102/20/123 112/33/111 104/32/110 113/29/113 100/28/114
f 67/71/124 94/72/125 130/26/77 119/31/81
f 60/73/97 92/74/126 129/34/84 115/64/96
f 66/75/127 87/76/128 128/22/73 120/35/85
f 65/16/129 85/77/130 127/30/80 118/19/70
f 70/67/107 80/66/131 126/10/64 122/55/93
f 72/52/132 82/17/133 125/18/69 121/47/89
f 64/61/134 76/53/135 124/46/88 117/23/74
f 58/70/99 79/69/117 123/54/92 115/58/96
f 79/69/117 70/67/107 122/55/93 123/54/92
f 76/53/135 72/52/132 121/47/89 124/46/88
f 92/74/126 66/75/127 120/35/85 129/34/84
f 85/77/130 67/71/124 119/31/81 127/30/80
f 94/72/125 61/78/66 116/27/65 130/26/77
f 87/76/128 64/61/134 117/23/74 128/22/73
f 82/17/133 65/16/129 118/19/70 125/18/69
f 80/66/106 59/68/78 116/11/65 126/10/64
o Gunbag-Right
v -0.209082 0.649616 0.457632
v -0.204776 0.753528 0.457632
v -0.211562 0.639868 0.288254
v -0.207050 0.779145 0.288254
v -0.105479 0.649616 0.457632
v -0.109750 0.753528 0.457632
v -0.102989 0.639868 0.288254
v -0.107466 0.779145 0.288254
v -0.157275 0.601285 0.288254
v -0.157258 0.798672 0.288254
v -0.157280 0.616022 0.457632
v -0.157264 0.770134 0.457632
v -0.217828 0.693078 0.457632
v -0.220728 0.691897 0.288254
v -0.093789 0.691897 0.288254
v -0.096699 0.693078 0.457632
v -0.157258 0.691897 0.288254
v -0.219219 0.665647 0.288254
v -0.095332 0.665647 0.288254
v -0.098172 0.671539 0.457632
v -0.157275 0.646591 0.288254
v -0.216388 0.671539 0.457632
v -0.217828 0.731606 0.457632
v -0.220728 0.753366 0.288254
v -0.093789 0.753366 0.288254
v -0.096699 0.731606 0.457632
v -0.157258 0.753366 0.288254
v -0.117189 0.798672 0.288254
v -0.116881 0.633309 0.457632
v -0.114941 0.620675 0.288254
v -0.119029 0.770134 0.457632
v -0.117189 0.691897 0.288254
v -0.122870 0.646591 0.288254
v -0.117189 0.748855 0.288254
v -0.200141 0.620675 0.288254
v -0.196087 0.770134 0.457632
v -0.197943 0.798672 0.288254
v -0.198183 0.633309 0.457632
v -0.197943 0.691897 0.288254
v -0.192210 0.646591 0.288254
v -0.197943 0.753366 0.288254
v -0.204902 0.668204 0.510082
v -0.199645 0.724377 0.510082
v -0.109672 0.668204 0.510082
v -0.114898 0.724377 0.510082
v -0.157287 0.634194 0.510082
v -0.157272 0.744030 0.510082
v -0.211608 0.693780 0.510082
v -0.102935 0.693780 0.510082
v -0.104157 0.681489 0.510082
v -0.210416 0.681489 0.510082
v -0.206201 0.705896 0.510082
v -0.108342 0.705896 0.510082
v -0.117877 0.650519 0.510082
v -0.127816 0.735601 0.510082
v -0.187251 0.735601 0.510082
v -0.197145 0.650519 0.510082
v -0.210322 0.648155 0.384339
v -0.205913 0.769399 0.384339
v -0.104234 0.648155 0.384339
v -0.108608 0.769399 0.384339
v -0.157261 0.786406 0.384339
v -0.157278 0.614159 0.384339
v -0.095244 0.693078 0.384339
v -0.219278 0.693078 0.384339
v -0.217803 0.670607 0.384339
v -0.096752 0.670607 0.384339
v -0.095244 0.746946 0.384339
v -0.219278 0.746946 0.384339
v -0.118109 0.786406 0.384339
v -0.115911 0.631446 0.384339
v -0.199162 0.631446 0.384339
v -0.197015 0.786406 0.384339
vn -0.9796 0.1958 0.0453
vn -0.8769 0.4742 0.0782
vn -0.8882 0.4557 0.0580
vn -0.9469 0.3191 0.0402
vn -0.0000 -0.0000 -1.0000
vn 0.9796 0.1958 0.0454
vn 0.8708 0.4851 0.0795
vn 0.8386 0.5089 0.1944
vn 0.8889 0.3995 0.2243
vn 0.6848 -0.7269 0.0512
vn 0.9125 -0.4077 0.0329
vn 0.8981 -0.4392 0.0240
vn 0.6398 -0.7681 0.0267
vn -0.6766 0.7272 0.1154
vn -0.8432 0.5017 0.1933
vn -0.6820 0.6990 0.2153
vn 0.6563 0.7452 0.1179
vn -0.0000 0.9869 0.1616
vn 0.0003 0.9511 0.3090
vn 0.6593 0.7186 0.2213
vn -0.6947 -0.7175 0.0510
vn 0.0026 -0.9978 0.0662
vn 0.0024 -0.9996 0.0282
vn -0.6479 -0.7613 0.0267
vn 0.9862 -0.1640 0.0218
vn 0.9994 -0.0305 0.0179
vn 0.9983 -0.0278 0.0513
vn 0.9789 -0.1977 0.0515
vn -0.9864 -0.1631 0.0217
vn -0.9994 -0.0298 0.0178
vn -0.9993 -0.0337 0.0161
vn -0.9757 -0.2173 0.0280
vn -0.9155 -0.4011 0.0326
vn -0.8896 -0.4536 0.0528
vn 0.9998 -0.0000 0.0198
vn -0.9023 -0.4304 0.0239
vn -0.5967 -0.7537 0.2755
vn 0.0020 -0.9464 0.3230
vn 0.0024 -0.8651 0.5016
vn -0.7225 -0.5806 0.3754
vn 0.8898 0.1594 0.4276
vn 0.9663 0.0072 0.2573
vn -0.8889 0.3995 0.2242
vn -0.9983 -0.0269 0.0512
vn -0.9664 0.0082 0.2569
vn -0.8901 0.1593 0.4271
vn 0.0008 0.6920 0.7219
vn 0.3732 0.5917 0.7146
vn 0.9568 -0.1462 0.2512
vn -0.3869 0.5884 0.7100
vn -0.7195 0.3996 0.5680
vn 0.8720 -0.4461 0.2014
vn 0.8626 -0.3565 0.3589
vn -0.9791 -0.1969 0.0514
vn -0.8789 -0.4342 0.1976
vn -0.8646 -0.3519 0.3586
vn -0.9573 -0.1447 0.2502
vn 0.5909 -0.7579 0.2764
vn 0.7090 -0.5922 0.3830
vn 0.7161 0.4042 0.5691
vn -0.0000 0.9920 0.1266
vn -0.5156 0.8497 0.1107
vn -0.6277 -0.7727 0.0948
vn 0.0021 -0.9922 0.1243
vn 0.6220 -0.7772 0.0951
vn 0.8795 0.4721 0.0596
vn 0.5046 0.8562 0.1112
vn -0.9998 -0.0000 0.0198
vn 0.9993 -0.0344 0.0161
vn 0.9469 0.3191 0.0402
vn 0.8841 -0.4641 0.0538
vn 0.9756 -0.2177 0.0281
vt 0.562500 0.125000
vt 0.625000 0.125000
vt 0.625000 0.250000
vt 0.562500 0.250000
vt 0.562500 0.436553
vt 0.625000 0.436553
vt 0.625000 0.500000
vt 0.562500 0.500000
vt 0.562500 0.625000
vt 0.625000 0.625000
vt 0.625000 0.750000
vt 0.562500 0.750000
vt 0.311553 0.625000
vt 0.375000 0.625000
vt 0.375000 0.750000
vt 0.311553 0.750000
vt 0.812500 0.625000
vt 0.875000 0.625000
vt 0.875000 0.750000
vt 0.812500 0.750000
vt 0.688447 0.625000
vt 0.750000 0.625000
vt 0.750000 0.750000
vt 0.688447 0.750000
vt 0.187500 0.625000
vt 0.250000 0.625000
vt 0.250000 0.750000
vt 0.187500 0.750000
vt 0.562500 0.312500
vt 0.625000 0.312500
vt 0.625000 0.375000
vt 0.562500 0.375000
vt 0.437500 0.312500
vt 0.500000 0.312500
vt 0.500000 0.375000
vt 0.437500 0.375000
vt 0.437500 0.625000
vt 0.500000 0.625000
vt 0.500000 0.750000
vt 0.437500 0.750000
vt 0.437500 0.436553
vt 0.500000 0.436553
vt 0.500000 0.500000
vt 0.437500 0.500000
vt 0.437500 0.125000
vt 0.500000 0.125000
vt 0.500000 0.250000
vt 0.437500 0.250000
vt 0.375000 0.125000
vt 0.375000 0.250000
vt 0.375000 0.436553
vt 0.375000 0.500000
vt 0.375000 0.312500
vt 0.375000 0.375000
vt 0.125000 0.625000
vt 0.125000 0.750000
vt 0.562500 0.000000
vt 0.500000 0.000000
vt 0.625000 0.000000
vt 0.437500 0.000000
vt 0.375000 0.000000
vt 0.750000 0.500000
vt 0.812500 0.500000
vt 0.125000 0.500000
vt 0.187500 0.500000
vt 0.250000 0.500000
vt 0.311553 0.500000
vt 0.688447 0.500000
vt 0.875000 0.500000
s 1
f 199/79/136 189/80/137 134/81/138 154/82/139
f 164/83/140 158/84/140 138/85/140 155/86/140
f 198/87/141 191/88/142 136/89/143 156/90/144
f 201/91/145 190/92/146 135/93/147 159/94/148
f 203/95/149 189/96/137 132/97/150 166/98/151
f 200/99/152 192/100/153 142/101/154 161/102/155
f 202/103/156 193/104/157 141/105/158 168/106/159
f 171/107/140 167/108/140 140/109/140 157/110/140
f 170/111/140 169/112/140 147/113/140 151/114/140
f 197/115/160 194/116/161 146/117/162 150/118/163
f 163/119/140 162/120/140 145/121/140 149/122/140
f 196/123/164 195/124/165 144/125/166 148/126/167
f 188/127/168 196/123/164 148/126/167 133/128/169
f 160/129/140 163/119/140 149/122/140 137/130/140
f 190/92/146 197/115/160 150/118/163 135/93/147
f 165/131/140 170/111/140 151/114/140 139/132/140
f 169/112/140 171/107/140 157/110/140 147/113/140
f 194/116/161 198/87/141 156/90/170 146/117/162
f 162/120/140 164/83/140 155/86/140 145/121/140
f 195/124/165 199/79/136 154/82/139 144/125/166
f 147/113/140 157/110/140 164/83/140 162/120/140
f 139/132/140 151/114/140 163/119/140 160/129/140
f 151/114/140 147/113/140 162/120/140 163/119/140
f 191/88/142 200/99/152 161/102/155 136/89/143
f 193/104/157 201/91/145 159/94/148 141/105/158
f 157/110/140 140/109/140 158/84/140 164/83/140
f 144/125/140 154/82/140 171/107/140 169/112/140
f 133/128/140 148/126/140 170/111/140 165/131/140
f 148/126/140 144/125/140 169/112/140 170/111/140
f 154/82/140 134/81/140 167/108/140 171/107/140
f 188/133/168 202/103/156 168/106/159 131/134/171
f 192/100/153 203/95/149 166/98/151 142/101/154
f 168/106/172 141/105/173 176/105/174 187/106/175
f 146/117/162 156/90/144 183/90/176 179/117/177
f 153/135/178 143/136/179 178/136/180 182/135/181
f 161/102/155 142/101/154 177/101/182 185/102/183
f 150/118/163 146/117/162 179/117/177 180/118/184
f 142/101/154 166/98/151 186/98/185 177/101/182
f 132/137/150 153/135/178 182/135/181 173/137/186
f 135/93/187 150/118/163 180/118/184 174/93/188
f 152/138/189 131/139/190 172/139/191 181/138/192
f 159/94/193 135/93/187 174/93/188 184/94/194
f 141/105/173 159/94/193 184/94/194 176/105/174
f 131/134/190 168/106/172 187/106/175 172/134/191
f 156/90/144 136/89/143 175/89/195 183/90/176
f 166/98/151 132/97/150 173/97/186 186/98/185
f 143/136/179 152/138/189 181/138/192 178/136/180
f 136/89/143 161/102/155 185/102/183 175/89/195
f 182/135/181 178/136/180 181/138/192 172/139/191 187/106/175 176/105/174 184/94/194 174/93/188 180/118/184 179/117/177 183/90/176 175/89/195 185/102/183 177/101/182 186/98/185 173/97/186
f 140/140/196 167/141/197 203/95/149 192/100/153
f 133/142/169 165/143/198 202/103/156 188/133/168
f 139/144/199 160/145/200 201/91/145 193/104/157
f 138/85/201 158/146/202 200/99/152 191/88/142
f 143/136/179 153/135/203 199/79/136 195/124/165
f 145/121/204 155/86/205 198/87/141 194/116/161
f 137/130/206 149/122/207 197/115/160 190/92/146
f 131/139/171 152/138/189 196/123/164 188/127/168
f 152/138/189 143/136/179 195/124/165 196/123/164
f 149/122/207 145/121/204 194/116/161 197/115/160
f 165/143/198 139/144/199 193/104/157 202/103/156
f 158/146/202 140/140/196 192/100/153 200/99/152
f 167/141/197 134/147/138 189/96/137 203/95/149
f 160/145/200 137/130/206 190/92/146 201/91/145
f 155/86/205 138/85/201 191/88/142 198/87/141
f 153/135/178 132/137/150 189/80/137 199/79/136
o Barrel-Right
v -0.156432 0.659590 1.553268
v -0.156432 0.718546 1.553268
v -0.185409 0.689068 1.552519
v -0.177484 0.667576 1.553268
v -0.177484 0.710560 1.553268
v -0.126955 0.689068 1.554017
v -0.134989 0.667638 1.553268
v -0.134989 0.710497 1.553268
v -0.156445 0.656954 0.984762
v -0.156445 0.721182 0.984762
v -0.188013 0.689068 0.984762
v -0.179380 0.665654 0.984762
v -0.179380 0.712482 0.984762
v -0.124332 0.689068 0.984762
v -0.133085 0.665722 0.984762
v -0.133085 0.712414 0.984762
v -0.156503 0.689068 0.287944
v -0.156535 0.638785 0.656569
v -0.156535 0.739351 0.656569
v -0.205963 0.689068 0.656788
v -0.192446 0.652407 0.656788
v -0.192446 0.725729 0.656788
v -0.106252 0.689068 0.656788
v -0.119958 0.652513 0.656568
v -0.119958 0.725622 0.656568
v -0.156550 0.635709 0.656569
v -0.156550 0.742427 0.656569
v -0.209002 0.689068 0.656788
v -0.194657 0.650164 0.656788
v -0.194657 0.727972 0.656788
v -0.103191 0.689068 0.656569
v -0.117735 0.650277 0.656568
v -0.117735 0.727859 0.656568
v -0.156551 0.635709 0.287944
v -0.156551 0.742427 0.287944
v -0.209003 0.689068 0.287944
v -0.194658 0.650164 0.287944
v -0.194658 0.727972 0.287944
v -0.103192 0.689068 0.287944
v -0.117736 0.650277 0.287944
v -0.117736 0.727859 0.287944
v -0.156398 0.665851 1.553268
v -0.156398 0.712284 1.553268
v -0.179220 0.689068 1.552678
v -0.172979 0.672141 1.553268
v -0.172979 0.705995 1.553268
v -0.133182 0.689068 1.553858
v -0.139510 0.672190 1.553268
v -0.139510 0.705946 1.553268
v -0.156398 0.665851 0.350388
v -0.156398 0.712284 0.350388
v -0.179220 0.689068 0.349798
v -0.172979 0.672141 0.350388
v -0.172979 0.705995 0.350388
v -0.133182 0.689068 0.350978
v -0.139510 0.672190 0.350388
v -0.139510 0.705946 0.350388
vn -0.0015 0.9995 0.0301
vn -0.0018 0.9985 0.0553
vn -0.7083 0.7037 0.0566
vn -0.7106 0.7029 0.0311
vn -0.9996 -0.0000 0.0297
vn -0.9985 -0.0000 0.0546
vn -0.7083 -0.7037 0.0566
vn -0.7106 -0.7029 0.0311
vn 0.7070 -0.7065 0.0311
vn 0.7057 -0.7062 0.0567
vn 0.9985 -0.0000 0.0550
vn 0.9996 -0.0000 0.0299
vn 0.7070 0.7065 0.0311
vn 0.7057 0.7062 0.0567
vn -0.0017 -1.0000 0.0046
vn -0.0015 -0.9995 0.0301
vn 0.7076 -0.7066 0.0048
vn 1.0000 -0.0000 0.0046
vn 0.7076 0.7066 0.0048
vn -0.7101 0.7041 0.0047
vn -1.0000 -0.0000 0.0046
vn -0.7101 -0.7041 0.0047
vn -0.0017 1.0000 0.0046
vn -0.0000 -0.0000 1.0000
vn 0.0026 -0.0011 1.0000
vn 0.0025 -0.0011 1.0000
vn 0.0174 -0.0080 0.9998
vn 0.0173 -0.0080 0.9998
vn 0.0347 -0.0000 0.9994
vn 0.0174 0.0080 0.9998
vn 0.0173 0.0080 0.9998
vn 0.0026 0.0011 1.0000
vn -0.0018 -0.9985 0.0553
vn 0.7072 0.7070 -0.0000
vn -0.0018 1.0000 -0.0000
vn -0.7104 -0.7037 -0.0000
vn -0.7104 -0.7038 -0.0000
vn -0.0018 -1.0000 -0.0000
vn -0.7104 0.7037 -0.0000
vn -0.7104 0.7038 -0.0000
vn -1.0000 -0.0000 -0.0000
vn 1.0000 -0.0000 -0.0000
vn 0.0025 0.0011 1.0000
vn -0.0000 -0.0000 -1.0000
vn 0.7072 -0.7070 -0.0000
vn -0.0255 -0.0000 0.9997
vn -0.0127 0.0126 0.9998
vn -0.0128 0.0127 0.9998
vn -0.0127 -0.0126 0.9998
vn -0.0257 -0.0000 0.9997
vn -0.0129 -0.0128 0.9998
vn -0.0129 0.0128 0.9998
vn -0.0128 -0.0127 0.9998
vn 0.7100 0.7042 -0.0000
vn 0.7108 0.7034 -0.0000
vn 0.0018 -1.0000 -0.0000
vn 0.7100 -0.7042 -0.0000
vn 0.7108 -0.7034 -0.0000
vn -0.7076 -0.7066 -0.0000
vn -0.7069 -0.7074 -0.0000
vn 0.0018 1.0000 -0.0000
vn -0.7076 0.7066 -0.0000
vn -0.7069 0.7074 -0.0000
vt 0.562500 0.875000
vt 0.562500 0.936437
vt 0.500000 0.936437
vt 0.437500 0.936437
vt 0.437500 0.812500
vt 0.500000 0.812500
vt 0.562500 0.812500
vt 0.437500 0.875000
vt 0.500000 0.875000
s 1
f 213/148/208 222/148/209 225/149/210 216/149/211
f 214/150/212 223/150/213 224/151/214 215/151/215
f 218/152/216 227/152/217 226/153/218 217/153/219
f 219/154/220 228/154/221 222/148/209 213/148/208
f 204/155/222 212/155/223 218/152/216 210/152/224
f 209/153/225 217/153/219 219/154/220 211/154/226
f 208/149/227 216/149/211 214/150/212 206/150/228
f 207/151/229 215/151/215 212/155/223 204/155/222
f 211/154/226 219/154/220 213/148/208 205/148/230
f 210/152/224 218/152/216 217/153/219 209/153/225
f 206/150/228 214/150/212 215/151/215 207/151/229
f 205/148/230 213/148/208 216/149/211 208/149/227
f 223/150/231 231/150/231 232/151/232 224/151/233
f 227/152/234 235/152/235 234/153/236 226/153/236
f 228/154/237 236/154/238 230/148/239 222/148/239
f 224/151/233 232/151/232 229/155/232 221/155/232
f 212/155/223 221/155/240 227/152/217 218/152/216
f 217/153/219 226/153/218 228/154/221 219/154/220
f 216/149/211 225/149/210 223/150/213 214/150/212
f 215/151/215 224/151/214 221/155/240 212/155/223
f 236/154/241 244/154/241 238/148/242 230/148/242
f 232/151/243 240/151/244 237/155/245 229/155/245
f 233/149/246 241/149/247 239/150/248 231/150/248
f 234/153/249 242/153/249 244/154/241 236/154/241
f 222/148/239 230/148/239 233/149/239 225/149/250
f 221/155/232 229/155/232 235/152/235 227/152/234
f 226/153/236 234/153/236 236/154/238 228/154/237
f 225/149/250 233/149/239 231/150/231 223/150/231
f 243/152/251 237/155/251 220/156/251 242/153/251
f 242/153/251 220/156/251 238/148/251 244/154/251
f 220/156/251 239/150/251 241/149/251 238/148/251
f 237/155/251 240/151/251 239/150/251 220/156/251
f 235/152/252 243/152/252 242/153/249 234/153/249
f 231/150/248 239/150/248 240/151/244 232/151/243
f 230/148/242 238/148/242 241/149/247 233/149/246
f 229/155/245 237/155/245 243/152/252 235/152/252
f 209/153/253 211/154/254 252/154/255 250/153/253
f 208/149/256 206/150/257 247/150/257 249/149/258
f 207/151/254 204/155/231 245/155/231 248/151/259
f 204/155/231 210/152/256 251/152/260 245/155/231
f 210/152/256 209/153/253 250/153/253 251/152/260
f 206/150/257 207/151/254 248/151/259 247/150/257
f 205/148/231 208/149/256 249/149/258 246/148/231
f 211/154/254 205/148/231 246/148/231 252/154/255
f 247/150/249 248/151/261 256/151/262 255/150/249
f 246/148/263 249/149/264 257/149/265 254/148/263
f 252/154/266 246/148/263 254/148/263 260/154/267
f 250/153/248 252/154/266 260/154/267 258/153/248
f 249/149/264 247/150/249 255/150/249 257/149/265
f 248/151/261 245/155/268 253/155/268 256/151/262
f 245/155/268 251/152/269 259/152/270 253/155/268
f 251/152/269 250/153/248 258/153/248 259/152/270
o Turret
v -0.376096 0.536718 0.121682
v -0.248177 0.854929 0.111606
v -0.376096 0.536718 -0.183565
v -0.248177 0.854929 -0.254494
v -0.343220 0.536718 0.394025
v -0.248177 0.854929 0.193257
v -0.216834 0.536718 0.429454
v -0.215217 0.854929 0.193257
v -0.102125 0.536718 0.440143
v -0.100189 0.854929 0.193257
v 0.000321 0.536718 0.440520
v 0.001516 0.854929 0.193257
v 0.118376 0.536718 0.440143
v 0.118717 0.854929 0.193257
v 0.232959 0.536718 0.434496
v 0.231322 0.854929 0.193257
v 0.362525 0.536718 0.394025
v 0.264391 0.854929 0.193257
v 0.392219 0.536718 0.121682
v 0.264391 0.854929 0.111606
v 0.392219 0.536718 -0.183565
v 0.264391 0.854929 -0.254494
v -0.376096 0.534095 -0.517225
v -0.248177 0.854929 -0.609698
v 0.392219 0.534095 -0.517225
v 0.264391 0.854929 -0.609698
v -0.334313 0.541687 -0.702664
v -0.236436 0.854929 -0.614302
v 0.350436 0.541687 -0.702664
v 0.252646 0.854929 -0.614302
v -0.278722 0.543239 -0.733837
v -0.196730 0.854929 -0.614302
v 0.294844 0.543239 -0.733836
v 0.212940 0.854929 -0.614302
v -0.227764 0.544482 -0.755973
v -0.160333 0.854929 -0.614302
v 0.243886 0.544482 -0.755973
v 0.176543 0.854929 -0.614302
v -0.173058 0.544947 -0.768623
v -0.121260 0.854929 -0.614302
v 0.189181 0.544947 -0.768623
v 0.137469 0.854929 -0.614302
v -0.130930 0.546034 -0.776529
v -0.091170 0.854929 -0.614302
v 0.147053 0.546034 -0.776529
v 0.107380 0.854929 -0.614302
v -0.085999 0.547587 -0.782176
v -0.053585 0.854929 -0.614302
v 0.102122 0.547587 -0.782176
v 0.069795 0.854929 -0.614302
v -0.373669 0.712516 0.119424
v -0.373668 0.712516 -0.183894
v -0.343220 0.744442 0.340265
v -0.216834 0.748231 0.378876
v -0.102125 0.748231 0.389565
v 0.000321 0.748231 0.389942
v 0.118376 0.748231 0.389565
v 0.232959 0.748231 0.383918
v 0.362525 0.744442 0.340265
v 0.389791 0.712516 0.119424
v 0.389791 0.712516 -0.183894
v -0.373668 0.712516 -0.623460
v 0.389791 0.712516 -0.623460
v -0.308847 0.788172 -0.702665
v 0.324970 0.788172 -0.702665
v -0.278722 0.779668 -0.733837
v 0.294844 0.779668 -0.733837
v -0.227764 0.764462 -0.755974
v 0.243886 0.764462 -0.755974
v -0.173058 0.756057 -0.768623
v 0.189181 0.756057 -0.768623
v -0.130930 0.751122 -0.776529
v 0.147053 0.751122 -0.776529
v -0.085999 0.747740 -0.782176
v 0.102122 0.747740 -0.782176
vn -0.7510 0.6603 0.0029
vn -0.7510 0.6603 0.0030
vn -0.7503 0.6611 -0.0000
vn -0.9977 0.0195 0.0657
vn -0.9978 0.0193 0.0633
vn -0.9918 0.0246 0.1257
vn -0.2766 0.2321 0.9325
vn -0.1829 0.2329 0.9552
vn -0.1859 0.2329 0.9546
vn -0.0468 0.2323 0.9715
vn -0.0472 0.2323 0.9715
vn -0.0002 0.2326 0.9726
vn 0.0254 0.2325 0.9723
vn 0.0256 0.2325 0.9723
vn 0.1755 0.2332 0.9565
vn 0.1795 0.2332 0.9557
vn 0.3035 0.2301 0.9246
vn 0.9933 0.0228 0.1132
vn 0.9982 0.0184 0.0570
vn 0.9981 0.0185 0.0591
vn 0.9999 0.0138 -0.0000
vn 0.9913 -0.0029 -0.1319
vn 0.9628 -0.0204 -0.2693
vn -0.7324 0.6807 -0.0171
vn -0.7410 0.6715 -0.0090
vn 0.9231 -0.0351 -0.3829
vn -0.7188 0.6946 -0.0297
vn 0.5863 0.0309 -0.8095
vn 0.4981 0.0160 -0.8670
vn 0.5112 0.0182 -0.8592
vn -0.1181 0.8586 -0.4988
vn -0.0310 0.8488 -0.5277
vn -0.0543 0.8522 -0.5204
vn 0.3147 -0.0000 -0.9492
vn 0.3250 -0.0000 -0.9457
vn 0.0053 0.8419 -0.5396
vn 0.0064 0.8419 -0.5397
vn 0.2052 -0.0000 -0.9787
vn 0.2066 -0.0000 -0.9784
vn 0.0002 0.8422 -0.5392
vn 0.0007 0.8421 -0.5393
vn 0.1553 -0.0000 -0.9879
vn 0.1565 -0.0000 -0.9877
vn -0.0019 0.8426 -0.5385
vn -0.0018 0.8426 -0.5386
vn 0.0632 -0.0000 -0.9980
vn 0.0640 -0.0000 -0.9980
vn -0.0010 0.8428 -0.5382
vn -0.0012 0.8428 -0.5382
vn -0.0640 -0.0000 -0.9980
vn -0.0632 -0.0000 -0.9980
vn 0.0010 0.8428 -0.5382
vn 0.0012 0.8428 -0.5382
vn -0.1553 -0.0000 -0.9879
vn -0.1565 -0.0000 -0.9877
vn 0.0019 0.8426 -0.5385
vn 0.0018 0.8426 -0.5386
vn -0.2052 -0.0000 -0.9787
vn -0.2066 -0.0000 -0.9784
vn -0.0002 0.8422 -0.5392
vn -0.0007 0.8421 -0.5393
vn -0.3147 -0.0000 -0.9492
vn -0.3250 -0.0000 -0.9457
vn -0.0053 0.8419 -0.5396
vn -0.0064 0.8419 -0.5397
vn -0.4981 0.0160 -0.8670
vn -0.5112 0.0182 -0.8592
vn 0.0311 0.8488 -0.5277
vn 0.0543 0.8521 -0.5205
vn -0.5863 0.0309 -0.8095
vn 0.1181 0.8586 -0.4989
vn -0.9913 -0.0029 -0.1319
vn -0.9628 -0.0204 -0.2693
vn -0.9231 -0.0351 -0.3829
vn 0.7326 0.6804 -0.0173
vn 0.7412 0.6712 -0.0091
vn 0.7190 0.6943 -0.0301
vn -0.9999 0.0138 -0.0000
vn 0.7505 0.6609 -0.0000
vn 0.7502 0.6612 -0.0011
vn 0.7499 0.6615 -0.0022
vn 0.0830 0.8658 0.4935
vn 0.0777 0.8667 0.4928
vn 0.1545 0.8511 0.5018
vn 0.0064 0.8772 0.4800
vn 0.0063 0.8773 0.4800
vn -0.0001 0.8788 0.4772
vn -0.0117 0.8759 0.4823
vn -0.0116 0.8759 0.4823
vn -0.0831 0.8618 0.5003
vn -0.0785 0.8628 0.4994
vn -0.1440 0.8472 0.5113
vn -0.7518 0.6593 0.0061
vn -0.0000 1.0000 -0.0000
vn -0.0000 -1.0000 -0.0068
vt 0.667752 0.000000
vt 1.000000 0.000000
vt 1.000000 1.000000
vt 0.667752 1.000000
vt 0.000000 0.000000
vt 0.667752 0.000000
vt 0.667752 0.000000
vt 0.667752 0.000000
vt 0.667752 1.000000
vt 0.000000 1.000000
s 1
f 311/157/271 262/158/272 264/159/273 312/160/273
f 311/157/274 261/161/275 265/161/276 313/157/276
f 313/157/277 265/161/277 267/161/278 314/157/279
f 314/157/279 267/161/278 269/161/280 315/157/281
f 315/157/281 269/161/280 271/161/282 316/157/282
f 316/157/282 271/161/282 273/161/283 317/162/284
f 317/162/284 273/161/283 275/161/285 318/157/286
f 318/157/286 275/161/285 277/161/287 319/163/287
f 319/163/288 277/161/288 279/161/289 320/157/290
f 320/157/290 279/161/289 281/161/291 321/164/291
f 321/164/291 281/161/291 285/161/292 323/157/293
f 312/160/273 264/159/273 284/159/294 322/160/295
f 323/157/293 285/161/292 289/161/296 325/157/296
f 322/160/295 284/159/294 288/159/297 324/160/297
f 325/157/298 289/161/298 293/161/299 327/164/300
f 324/160/301 288/159/301 292/159/302 326/160/303
f 327/164/300 293/161/299 297/161/304 329/163/305
f 326/160/303 292/159/302 296/159/306 328/160/307
f 329/163/305 297/161/304 301/161/308 331/164/309
f 328/160/307 296/159/306 300/159/310 330/160/311
f 331/164/309 301/161/308 305/161/312 333/163/313
f 330/160/311 300/159/310 304/159/314 332/165/315
f 333/163/313 305/161/312 309/161/316 335/163/317
f 332/165/315 304/159/314 308/159/318 334/160/319
f 334/160/320 335/163/317 309/161/316 307/166/321
f 308/159/318 310/158/322 335/163/323 334/160/319
f 303/166/324 332/165/325 334/160/320 307/166/321
f 306/158/326 333/163/327 335/163/323 310/158/322
f 299/166/328 330/160/329 332/165/325 303/166/324
f 302/158/330 331/164/331 333/163/327 306/158/326
f 295/166/332 328/160/333 330/160/329 299/166/328
f 298/158/334 329/163/335 331/164/331 302/158/330
f 291/166/336 326/160/337 328/160/333 295/166/332
f 294/158/338 327/164/339 329/163/335 298/158/334
f 287/166/340 324/160/340 326/160/337 291/166/336
f 290/158/341 325/157/341 327/164/339 294/158/338
f 283/166/342 322/160/343 324/160/344 287/166/344
f 286/158/345 323/157/346 325/157/347 290/158/347
f 263/166/348 312/160/348 322/160/343 283/166/342
f 282/158/349 321/164/349 323/157/346 286/158/345
f 280/158/350 320/157/350 321/164/349 282/158/349
f 278/158/351 319/163/351 320/157/350 280/158/350
f 276/158/352 318/157/353 319/163/354 278/158/354
f 274/158/355 317/162/356 318/157/353 276/158/352
f 272/158/357 316/157/357 317/162/356 274/158/355
f 270/158/358 315/157/359 316/157/357 272/158/357
f 268/158/360 314/157/361 315/157/359 270/158/358
f 266/158/362 313/157/362 314/157/361 268/158/360
f 262/158/272 311/157/271 313/157/363 266/158/363
f 261/161/275 311/157/274 312/160/348 263/166/348
f 262/158/364 266/158/364 268/158/364 270/158/364 272/158/364 274/158/364 276/158/364 278/158/364 280/158/364 282/158/364 286/158/364 290/158/364 294/158/364 298/158/364 302/158/364 306/158/364 310/158/364 308/159/364 304/159/364 300/159/364 296/159/364 292/159/364 288/159/364 284/159/364 264/159/364
f 263/166/365 283/166/365 287/166/365 291/166/365 295/166/365 299/166/365 303/166/365 307/166/365 309/161/365 305/161/365 301/161/365 297/161/365 293/161/365 289/161/365 285/161/365 281/161/365 279/161/365 277/161/365 275/161/365 273/161/365 271/161/365 269/161/365 267/161/365 265/161/365 261/161/365
o Rangefinders
v -0.469661 0.713248 -0.341436
v 0.490214 0.713248 -0.341436
v -0.469661 0.828872 -0.341436
v 0.490214 0.828872 -0.341436
v -0.469661 0.771060 -0.561307
v -0.469661 0.713248 -0.514025
v -0.469661 0.749793 -0.560290
v -0.469661 0.720887 -0.538434
v 0.490214 0.713248 -0.514025
v 0.490214 0.771060 -0.561307
v 0.490214 0.720887 -0.538434
v 0.490214 0.749793 -0.560290
v -0.469661 0.828872 -0.514025
v -0.469661 0.821233 -0.538434
v -0.469661 0.792327 -0.560290
v 0.490214 0.828872 -0.514025
v 0.490214 0.792327 -0.560290
v 0.490214 0.821233 -0.538434
vn -0.0000 -0.0000 1.0000
vn -0.0000 -0.9880 -0.1545
vn -0.0000 -0.7755 -0.6314
vn -0.0000 -0.1562 -0.9877
vn -0.0000 -0.0000 -1.0000
vn -0.0000 0.1562 -0.9877
vn -0.0000 0.7755 -0.6314
vn -0.0000 0.9880 -0.1545
vn -1.0000 -0.0000 -0.0000
vn -0.0000 -1.0000 -0.0000
vn 1.0000 -0.0000 -0.0000
vn -0.0000 1.0000 -0.0000
vt 0.000000 0.000000
vt 1.000000 0.000000
vt 1.000000 0.965454
vt 0.000000 0.965454
vt 0.000000 0.982727
vt 1.000000 0.982727
vt 0.000000 0.998457
vt 1.000000 0.998457
vt 0.000000 1.000000
vt 1.000000 1.000000
s 1
f 336/167/366 337/168/366 339/168/366 338/167/366
f 344/169/367 341/170/367 343/171/368 346/172/368
f 346/172/368 343/171/368 342/173/369 347/174/369
f 347/174/369 342/173/369 340/175/370 345/176/370
f 345/176/370 340/175/370 350/173/371 352/174/371
f 352/174/371 350/173/371 349/171/372 353/172/372
f 353/172/372 349/171/372 348/170/373 351/169/373
f 340/175/374 342/173/374 343/171/374 341/170/374 336/167/374 338/167/374 348/170/374 349/171/374 350/173/374
f 336/167/375 341/170/367 344/169/367 337/168/375
f 337/168/376 344/169/376 346/172/376 347/174/376 345/176/376 352/174/376 353/172/376 351/169/376 339/168/376
f 338/167/377 339/168/377 351/169/373 348/170/373
o Turret-Ring
v -0.361277 0.522996 0.292669
v -0.361277 0.537818 0.292669
v -0.379386 0.522996 -0.262539
v -0.379386 0.537818 -0.262539
v 0.361277 0.522996 0.292669
v 0.361277 0.537818 0.292669
v 0.379386 0.522996 -0.262539
v 0.379386 0.537818 -0.262539
v -0.451970 0.522996 -0.117551
v -0.434677 0.522996 0.172234
v -0.434677 0.537818 0.172234
v -0.451970 0.537817 -0.117551
v 0.434677 0.522996 0.172234
v 0.451970 0.522996 -0.117551
v 0.451970 0.537817 -0.117551
v 0.434677 0.537818 0.172234
v 0.144892 0.522996 -0.407336
v -0.144892 0.522996 -0.407336
v -0.144892 0.537818 -0.407336
v 0.144892 0.537818 -0.407336
v -0.144892 0.522996 0.437466
v 0.144892 0.522996 0.437466
v 0.144892 0.537818 0.437466
v -0.144892 0.537818 0.437466
v -0.096627 0.537818 -0.069285
v 0.096627 0.537818 -0.069285
v -0.096627 0.537818 0.123968
v 0.096627 0.537818 0.123968
v 0.096627 0.522996 -0.069285
v -0.096627 0.522996 -0.069285
v 0.096627 0.522996 0.123968
v -0.096627 0.522996 0.123968
v -0.465706 0.522996 0.027341
v -0.465706 0.537817 0.027341
v 0.465706 0.522996 0.027341
v 0.465706 0.537817 0.027341
v -0.096627 0.522996 0.027341
v 0.096627 0.522996 0.027341
v 0.096627 0.537818 0.027341
v -0.096627 0.537818 0.027341
v 0.000000 0.522996 -0.436582
v 0.000000 0.537817 -0.436582
v 0.000000 0.522996 0.466713
v 0.000000 0.537817 0.466713
v 0.000000 0.537818 -0.069285
v 0.000000 0.537818 0.123968
v 0.000000 0.522996 -0.069285
v 0.000000 0.522996 0.123968
v 0.000000 0.537818 0.027341
v 0.000000 0.522996 0.027341
vn -0.9612 -0.0000 -0.2757
vn -0.7379 -0.0000 -0.6749
vn 0.3674 -0.0000 -0.9301
vn 0.7379 -0.0000 -0.6749
vn 0.9290 -0.0000 0.3701
vn 0.7219 -0.0000 0.6920
vn -0.3843 -0.0000 0.9232
vn -0.7219 -0.0000 0.6920
vn -0.0000 -1.0000 -0.0000
vn -0.0000 1.0000 -0.0000
vn 0.9612 -0.0000 -0.2757
vn 0.9983 -0.0000 0.0582
vn -0.9290 -0.0000 0.3701
vn -0.9983 -0.0000 0.0582
vn 0.3843 -0.0000 0.9232
vn -0.0000 -0.0000 1.0000
vn -0.3674 -0.0000 -0.9301
vn -0.0000 -0.0000 -1.0000
vt 0.375000 0.166667
vt 0.625000 0.166667
vt 0.625000 0.250000
vt 0.375000 0.250000
vt 0.375000 0.416667
vt 0.625000 0.416667
vt 0.625000 0.500000
vt 0.375000 0.500000
vt 0.375000 0.666667
vt 0.625000 0.666667
vt 0.625000 0.750000
vt 0.375000 0.750000
vt 0.375000 0.916667
vt 0.625000 0.916667
vt 0.625000 1.000000
vt 0.375000 1.000000
vt 0.291667 0.666667
vt 0.291667 0.750000
vt 0.791667 0.666667
vt 0.875000 0.666667
vt 0.875000 0.750000
vt 0.791667 0.750000
vt 0.791667 0.500000
vt 0.875000 0.500000
vt 0.875000 0.583333
vt 0.791667 0.583333
vt 0.791667 0.625000
vt 0.875000 0.625000
vt 0.291667 0.500000
vt 0.375000 0.583333
vt 0.291667 0.583333
vt 0.291667 0.625000
vt 0.375000 0.625000
vt 0.625000 0.583333
vt 0.625000 0.625000
vt 0.375000 0.000000
vt 0.625000 0.000000
vt 0.625000 0.083333
vt 0.375000 0.083333
vt 0.375000 0.125000
vt 0.625000 0.125000
vt 0.125000 0.625000
vt 0.208333 0.625000
vt 0.208333 0.666667
vt 0.125000 0.666667
vt 0.250000 0.625000
vt 0.250000 0.666667
vt 0.125000 0.500000
vt 0.208333 0.500000
vt 0.208333 0.583333
vt 0.125000 0.583333
vt 0.250000 0.500000
vt 0.250000 0.583333
vt 0.708333 0.625000
vt 0.708333 0.666667
vt 0.750000 0.625000
vt 0.750000 0.666667
vt 0.708333 0.500000
vt 0.708333 0.583333
vt 0.750000 0.500000
vt 0.750000 0.583333
vt 0.708333 0.750000
vt 0.750000 0.750000
vt 0.208333 0.750000
vt 0.125000 0.750000
vt 0.250000 0.750000
vt 0.625000 0.833333
vt 0.375000 0.833333
vt 0.375000 0.875000
vt 0.625000 0.875000
vt 0.625000 0.333333
vt 0.375000 0.333333
vt 0.375000 0.375000
vt 0.625000 0.375000
s 1
f 362/177/378 365/178/378 357/179/379 356/180/379
f 370/181/380 373/182/380 361/183/381 360/184/381
f 366/185/382 369/186/382 359/187/383 358/188/383
f 374/189/384 377/190/384 355/191/385 354/192/385
f 384/193/386 366/185/386 358/188/386 375/194/386
f 380/195/387 364/196/387 355/197/387 377/198/387
f 372/199/387 357/200/387 365/201/387 378/202/387
f 393/203/387 387/204/387 364/196/387 380/195/387
f 370/205/386 360/184/386 367/206/386 382/207/386
f 391/208/386 388/209/386 366/185/386 384/193/386
f 360/184/381 361/183/381 368/210/388 367/206/388
f 388/209/389 389/211/389 369/186/382 366/185/382
f 354/212/385 355/213/385 364/214/390 363/215/390
f 386/216/391 387/217/391 365/178/378 362/177/378
f 386/218/386 390/219/386 385/220/386 363/221/386
f 403/222/386 391/208/386 384/193/386 401/223/386
f 356/224/386 371/225/386 383/226/386 362/227/386
f 394/228/386 370/205/386 382/207/386 400/229/386
f 389/211/387 392/230/387 381/231/387 369/186/387
f 402/232/387 393/203/387 380/195/387 399/233/387
f 361/183/387 373/234/387 379/235/387 368/210/387
f 395/236/387 372/199/387 378/202/387 398/237/387
f 369/186/387 381/231/387 376/238/387 359/187/387
f 399/233/387 380/195/387 377/198/387 397/239/387
f 363/221/386 385/220/386 374/240/386 354/241/386
f 401/223/386 384/193/386 375/194/386 396/242/386
f 358/188/383 359/187/383 376/243/392 375/244/392
f 396/245/393 397/246/393 377/190/384 374/189/384
f 356/180/379 357/179/379 372/247/394 371/248/394
f 394/249/395 395/250/395 373/182/380 370/181/380
f 398/237/387 378/202/387 393/203/387 402/232/387
f 368/210/387 379/235/387 392/230/387 389/211/387
f 400/229/386 382/207/386 391/208/386 403/222/386
f 362/227/386 383/226/386 390/219/386 386/218/386
f 363/215/390 364/214/390 387/217/391 386/216/391
f 367/206/388 368/210/388 389/211/389 388/209/389
f 382/207/386 367/206/386 388/209/386 391/208/386
f 378/202/387 365/201/387 387/204/387 393/203/387
f 383/226/386 400/229/386 403/222/386 390/219/386
f 379/235/387 398/237/387 402/232/387 392/230/387
f 371/248/394 372/247/394 395/250/395 394/249/395
f 375/244/392 376/243/392 397/246/393 396/245/393
f 385/220/386 401/223/386 396/242/386 374/240/386
f 381/231/387 399/233/387 397/239/387 376/238/387
f 373/234/387 395/236/387 398/237/387 379/235/387
f 392/230/387 402/232/387 399/233/387 381/231/387
f 371/225/386 394/228/386 400/229/386 383/226/386
f 390/219/386 403/222/386 401/223/386 385/220/386
o Turret-Ring-To-Turret-Mounting
v 0.373771 0.536713 0.234406
v 0.373771 0.558022 0.198630
v 0.373771 0.536713 -0.202634
v 0.373771 0.558022 -0.166857
v 0.402290 0.536713 0.189136
v 0.396959 0.558022 0.160269
v 0.402290 0.536713 -0.157364
v 0.396959 0.558022 -0.128497
v 0.373771 0.536713 -0.109832
v 0.373771 0.536713 0.141604
v 0.373771 0.558022 0.119992
v 0.373771 0.558022 -0.088220
v 0.402290 0.536712 0.141605
v 0.402290 0.536712 -0.109832
v 0.396959 0.558022 -0.088220
v 0.396959 0.558022 0.119992
v 0.373771 0.536713 0.000000
v 0.373771 0.558022 0.000000
v 0.402290 0.536712 0.000000
v 0.396959 0.558022 0.000000
v 0.373771 0.541194 0.234406
v 0.373771 0.541194 -0.202634
v 0.402290 0.541194 -0.157364
v 0.402290 0.541194 0.189136
v 0.402290 0.541194 -0.109832
v 0.402290 0.541194 0.141605
v 0.373771 0.541194 0.141604
v 0.373771 0.541194 -0.109832
v 0.373771 0.541194 0.000000
v 0.402290 0.541194 0.000000
v 0.373771 0.547842 0.189044
v 0.373771 0.547842 -0.157271
v 0.402290 0.547842 -0.120762
v 0.402290 0.547842 0.152534
v 0.402290 0.547841 -0.082429
v 0.402290 0.547841 0.114201
v 0.373771 0.547842 0.114201
v 0.373771 0.547842 -0.082429
v 0.373771 0.547842 0.000000
v 0.402290 0.547841 0.000000
v 0.388619 0.536713 -0.179999
v 0.388619 0.558022 -0.147677
v 0.388619 0.536713 0.211771
v 0.388619 0.558022 0.179449
v 0.387314 0.578569 -0.088220
v 0.387314 0.578569 0.119992
v 0.388619 0.536713 -0.109832
v 0.388619 0.536713 0.141604
v 0.388619 0.536713 0.000000
v 0.387314 0.578569 0.000000
v 0.388619 0.541194 0.211771
v 0.388619 0.541194 -0.179999
v 0.388619 0.547842 0.170789
v 0.388619 0.547842 -0.139017
v -0.355773 0.536713 0.234406
v -0.355773 0.558022 0.198630
v -0.355773 0.536713 -0.202634
v -0.355773 0.558022 -0.166857
v -0.384292 0.536713 0.189136
v -0.378961 0.558022 0.160269
v -0.384292 0.536713 -0.157364
v -0.378961 0.558022 -0.128497
v -0.355773 0.536713 -0.109832
v -0.355773 0.536713 0.141604
v -0.355773 0.558022 0.119992
v -0.355773 0.558022 -0.088220
v -0.384292 0.536712 0.141605
v -0.384292 0.536712 -0.109832
v -0.378961 0.558022 -0.088220
v -0.378961 0.558022 0.119992
v -0.355773 0.536713 0.000000
v -0.355773 0.558022 0.000000
v -0.384292 0.536712 0.000000
v -0.378961 0.558022 0.000000
v -0.355773 0.541194 0.234406
v -0.355773 0.541194 -0.202634
v -0.384292 0.541194 -0.157364
v -0.384292 0.541194 0.189136
v -0.384292 0.541194 -0.109832
v -0.384292 0.541194 0.141605
v -0.355773 0.541194 0.141604
v -0.355773 0.541194 -0.109832
v -0.355773 0.541194 0.000000
v -0.384292 0.541194 0.000000
v -0.355773 0.547842 0.189044
v -0.355773 0.547842 -0.157271
v -0.384292 0.547842 -0.120762
v -0.384292 0.547842 0.152534
v -0.384292 0.547841 -0.082429
v -0.384292 0.547841 0.114201
v -0.355773 0.547842 0.114201
v -0.355773 0.547842 -0.082429
v -0.355773 0.547842 0.000000
v -0.384292 0.547841 0.000000
v -0.370620 0.536713 -0.179999
v -0.370620 0.558022 -0.147677
v -0.370620 0.536713 0.211771
v -0.370620 0.558022 0.179449
v -0.369316 0.578569 -0.088220
v -0.369316 0.578569 0.119992
v -0.370620 0.536713 -0.109832
v -0.370620 0.536713 0.141604
v -0.370620 0.536713 0.000000
v -0.369316 0.578569 0.000000
v -0.370620 0.541194 0.211771
v -0.370620 0.541194 -0.179999
v -0.370620 0.547842 0.170789
v -0.370620 0.547842 -0.139017
vn -1.0000 -0.0000 -0.0000
vn -0.9805 0.1965 -0.0000
vn 0.4544 0.8346 -0.3113
vn 0.4976 0.8036 -0.3264
vn 0.8676 0.4489 -0.2139
vn 0.4354 0.8574 -0.2746
vn 0.9701 0.2427 -0.0000
vn 0.8925 0.4511 -0.0000
vn 0.8859 0.4639 -0.0000
vn 0.9742 0.2255 -0.0000
vn 0.4544 0.8346 0.3113
vn 0.4976 0.8036 0.3264
vn -0.4019 0.8522 0.3349
vn 0.4136 0.8546 0.3139
vn -0.0000 -1.0000 -0.0000
vn 0.0216 0.9863 0.1634
vn -0.5220 0.8429 0.1304
vn -0.4019 0.8522 -0.3349
vn -0.5220 0.8429 -0.1304
vn 0.0216 0.9863 -0.1634
vn -0.8350 0.5503 -0.0000
vn -0.9559 0.2938 -0.0000
vn 0.8957 0.4446 -0.0000
vn 1.0000 -0.0000 -0.0000
vn 0.8465 -0.0000 0.5324
vn 0.4314 0.8561 0.2848
vn 0.4053 0.8706 0.2788
vn 0.8362 -0.0000 0.5485
vn 0.8465 -0.0000 -0.5324
vn 0.4313 0.8561 -0.2848
vn 0.4594 0.8390 -0.2914
vn 0.8560 -0.0000 -0.5170
vn 0.4053 0.8706 -0.2788
vn 0.4136 0.8546 -0.3139
vn 0.4594 0.8390 0.2914
vn 0.4354 0.8574 0.2746
vn 0.8362 -0.0000 -0.5485
vn 0.8560 -0.0000 0.5170
vn 0.9052 0.4249 -0.0000
vn 0.7971 0.5934 -0.1118
vn 0.7971 0.5934 0.1118
vn 0.8676 0.4489 0.2139
vn 0.9805 0.1965 -0.0000
vn -0.4544 0.8346 -0.3113
vn -0.4354 0.8574 -0.2746
vn -0.8676 0.4489 -0.2139
vn -0.4977 0.8036 -0.3264
vn -0.9701 0.2427 -0.0000
vn -0.9742 0.2255 -0.0000
vn -0.8859 0.4639 -0.0000
vn -0.8925 0.4511 -0.0000
vn -0.4544 0.8346 0.3113
vn -0.4136 0.8546 0.3139
vn 0.4019 0.8522 0.3349
vn -0.4977 0.8036 0.3264
vn -0.0216 0.9863 0.1634
vn 0.5220 0.8429 0.1304
vn -0.0216 0.9863 -0.1634
vn 0.5220 0.8429 -0.1304
vn 0.4019 0.8522 -0.3349
vn 0.8350 0.5503 -0.0000
vn 0.9559 0.2938 -0.0000
vn -0.8957 0.4446 -0.0000
vn -0.8465 -0.0000 0.5324
vn -0.8362 -0.0000 0.5485
vn -0.4053 0.8706 0.2788
vn -0.4313 0.8561 0.2848
vn -0.8465 -0.0000 -0.5324
vn -0.8560 -0.0000 -0.5170
vn -0.4594 0.8390 -0.2914
vn -0.4313 0.8561 -0.2848
vn -0.4053 0.8706 -0.2788
vn -0.4136 0.8546 -0.3139
vn -0.4594 0.8390 0.2914
vn -0.4354 0.8574 0.2746
vn -0.8362 -0.0000 -0.5485
vn -0.8560 -0.0000 0.5170
vn -0.9052 0.4249 -0.0000
vn -0.7971 0.5934 -0.1118
vn -0.7971 0.5934 0.1118
vn -0.8676 0.4489 0.2139
vt 0.540385 0.166667
vt 0.625000 0.166667
vt 0.625000 0.250000
vt 0.540385 0.250000
vt 0.540385 0.375000
vt 0.625000 0.375000
vt 0.625000 0.500000
vt 0.540385 0.500000
vt 0.540385 0.666667
vt 0.625000 0.666667
vt 0.625000 0.750000
vt 0.540385 0.750000
vt 0.540385 0.875000
vt 0.625000 0.875000
vt 0.625000 1.000000
vt 0.540385 1.000000
vt 0.250000 0.666667
vt 0.375000 0.666667
vt 0.375000 0.750000
vt 0.250000 0.750000
vt 0.750000 0.666667
vt 0.875000 0.666667
vt 0.875000 0.750000
vt 0.750000 0.750000
vt 0.750000 0.500000
vt 0.875000 0.500000
vt 0.875000 0.583333
vt 0.750000 0.583333
vt 0.750000 0.625000
vt 0.875000 0.625000
vt 0.250000 0.500000
vt 0.375000 0.500000
vt 0.375000 0.583333
vt 0.250000 0.583333
vt 0.250000 0.625000
vt 0.375000 0.625000
vt 0.625000 0.583333
vt 0.540385 0.583333
vt 0.540385 0.625000
vt 0.625000 0.625000
vt 0.540385 0.000000
vt 0.625000 0.000000
vt 0.625000 0.083333
vt 0.540385 0.083333
vt 0.540385 0.125000
vt 0.625000 0.125000
vt 0.500000 0.583333
vt 0.500000 0.625000
vt 0.375000 0.083333
vt 0.500000 0.083333
vt 0.500000 0.125000
vt 0.375000 0.125000
vt 0.500000 0.166667
vt 0.375000 0.166667
vt 0.375000 0.000000
vt 0.500000 0.000000
vt 0.500000 0.666667
vt 0.500000 0.500000
vt 0.375000 0.875000
vt 0.500000 0.875000
vt 0.500000 1.000000
vt 0.375000 1.000000
vt 0.500000 0.750000
vt 0.375000 0.375000
vt 0.500000 0.375000
vt 0.500000 0.250000
vt 0.375000 0.250000
vt 0.125000 0.583333
vt 0.125000 0.625000
vt 0.125000 0.666667
vt 0.125000 0.500000
vt 0.125000 0.750000
s 1
f 441/251/396 415/252/397 407/253/396 435/254/396
f 457/255/398 445/256/399 411/257/400 436/258/401
f 439/259/402 419/260/403 409/261/404 437/262/405
f 456/263/406 447/264/407 405/265/408 434/266/409
f 451/267/410 416/268/410 408/269/410 446/270/410
f 449/271/411 414/272/412 405/273/408 447/274/407
f 445/275/399 407/276/413 415/277/414 448/278/415
f 453/279/416 421/280/417 414/272/397 449/271/416
f 444/281/410 410/282/410 417/283/410 450/284/410
f 452/285/410 422/286/410 416/268/410 451/267/410
f 436/258/405 411/257/404 418/287/403 438/288/402
f 443/289/402 423/290/418 419/260/403 439/259/402
f 434/291/396 405/292/396 414/293/397 440/294/396
f 442/295/396 421/296/417 415/252/397 441/251/396
f 440/294/396 414/293/397 421/296/417 442/295/396
f 438/288/402 418/287/403 423/290/418 443/289/402
f 450/284/410 417/283/410 422/286/410 452/285/410
f 448/278/416 415/277/397 421/280/417 453/279/416
f 417/283/419 428/297/419 433/298/419 422/286/419
f 413/299/396 430/300/396 432/301/396 420/302/396
f 420/302/396 432/301/396 431/303/396 412/304/396
f 404/305/396 424/306/396 430/300/396 413/299/396
f 422/286/419 433/298/419 429/307/419 416/268/419
f 410/282/419 426/308/419 428/297/419 417/283/419
f 446/309/420 454/310/421 424/311/422 404/312/423
f 416/268/419 429/307/419 427/313/419 408/269/419
f 444/314/424 455/315/425 426/308/426 410/282/427
f 412/304/396 431/303/396 425/316/396 406/317/396
f 428/297/419 438/288/402 443/289/402 433/298/419
f 430/300/396 440/294/396 442/295/396 432/301/396
f 432/301/396 442/295/396 441/251/396 431/303/396
f 424/306/396 434/291/396 440/294/396 430/300/396
f 433/298/419 443/289/402 439/259/402 429/307/419
f 426/308/419 436/258/405 438/288/402 428/297/419
f 454/310/421 456/263/406 434/266/409 424/311/422
f 429/307/419 439/259/402 437/262/405 427/313/419
f 455/315/425 457/255/398 436/258/401 426/308/426
f 431/303/396 441/251/396 435/254/396 425/316/396
f 425/316/428 435/254/429 457/255/398 455/315/425
f 427/313/430 437/262/431 456/263/406 454/310/421
f 406/317/432 425/316/428 455/315/425 444/314/424
f 408/269/433 427/313/430 454/310/421 446/309/420
f 418/287/403 448/278/434 453/279/434 423/290/418
f 412/318/410 450/284/410 452/285/410 420/319/410
f 420/319/410 452/285/410 451/267/410 413/320/410
f 406/321/410 444/281/410 450/284/410 412/318/410
f 423/290/418 453/279/434 449/271/434 419/260/403
f 411/257/400 445/275/399 448/278/415 418/287/435
f 419/260/436 449/271/411 447/274/407 409/261/437
f 413/320/410 451/267/410 446/270/410 404/322/410
f 437/262/431 409/261/437 447/264/407 456/263/406
f 435/254/429 407/253/413 445/256/399 457/255/398
f 495/251/419 489/254/419 461/253/419 469/252/438
f 511/255/439 490/258/440 465/257/441 499/256/442
f 493/259/443 491/262/444 463/261/445 473/260/446
f 510/263/447 488/266/448 459/265/449 501/264/450
f 505/267/410 500/270/410 462/269/410 470/268/410
f 503/271/451 501/274/450 459/273/449 468/272/452
f 499/275/442 502/278/453 469/277/454 461/276/455
f 507/279/456 503/271/456 468/272/438 475/280/457
f 498/281/410 504/284/410 471/283/410 464/282/410
f 506/285/410 505/267/410 470/268/410 476/286/410
f 490/258/444 492/288/443 472/287/446 465/257/445
f 497/289/443 493/259/443 473/260/446 477/290/458
f 488/291/419 494/294/419 468/293/438 459/292/419
f 496/295/419 495/251/419 469/252/438 475/296/457
f 494/294/419 496/295/419 475/296/457 468/293/438
f 492/288/443 497/289/443 477/290/458 472/287/446
f 504/284/410 506/285/410 476/286/410 471/283/410
f 502/278/456 507/279/456 475/280/457 469/277/438
f 471/283/396 476/286/396 487/298/396 482/297/396
f 467/299/419 474/302/419 486/301/419 484/300/419
f 474/302/419 466/304/419 485/303/419 486/301/419
f 458/305/419 467/299/419 484/300/419 478/306/419
f 476/286/396 470/268/396 483/307/396 487/298/396
f 464/282/396 471/283/396 482/297/396 480/308/396
f 500/309/459 458/312/460 478/311/461 508/310/462
f 470/268/396 462/269/396 481/313/396 483/307/396
f 498/314/463 464/282/464 480/308/465 509/315/466
f 466/304/419 460/317/419 479/316/419 485/303/419
f 482/297/396 487/298/396 497/289/443 492/288/443
f 484/300/419 486/301/419 496/295/419 494/294/419
f 486/301/419 485/303/419 495/251/419 496/295/419
f 478/306/419 484/300/419 494/294/419 488/291/419
f 487/298/396 483/307/396 493/259/443 497/289/443
f 480/308/396 482/297/396 492/288/443 490/258/444
f 508/310/462 478/311/461 488/266/448 510/263/447
f 483/307/396 481/313/396 491/262/444 493/259/443
f 509/315/466 480/308/465 490/258/440 511/255/439
f 485/303/419 479/316/419 489/254/419 495/251/419
f 479/316/467 509/315/466 511/255/439 489/254/468
f 481/313/469 508/310/462 510/263/447 491/262/470
f 460/317/471 498/314/463 509/315/466 479/316/467
f 462/269/472 500/309/459 508/310/462 481/313/469
f 472/287/446 477/290/458 507/279/473 502/278/473
f 466/318/410 474/319/410 506/285/410 504/284/410
f 474/319/410 467/320/410 505/267/410 506/285/410
f 460/321/410 466/318/410 504/284/410 498/281/410
f 477/290/458 473/260/446 503/271/473 507/279/473
f 465/257/441 472/287/474 502/278/453 499/275/442
f 473/260/475 463/261/476 501/274/450 503/271/451
f 467/320/410 458/322/410 500/270/410 505/267/410
f 491/262/470 510/263/447 501/264/450 463/261/476
f 489/254/468 511/255/439 499/256/442 461/253/455
o Visionports
v -0.308596 0.645923 0.022764
v -0.308596 0.769955 0.022764
v -0.308596 0.645923 0.050774
v -0.308596 0.769955 0.050774
v -0.336605 0.645923 0.022764
v -0.336605 0.769955 0.022764
v -0.336605 0.645923 0.050774
v -0.336605 0.769955 0.050774
v -0.322600 0.645923 0.056981
v -0.322600 0.769955 0.056981
v -0.322600 0.645923 0.016556
v -0.322600 0.769955 0.016556
v -0.302388 0.645923 0.036769
v -0.302388 0.769955 0.036769
v -0.342813 0.645923 0.036769
v -0.342813 0.769955 0.036769
v -0.322600 0.645923 0.036769
v -0.309985 0.769955 0.024154
v -0.309985 0.769955 0.049384
v -0.335215 0.769955 0.024154
v -0.335215 0.769955 0.049384
v -0.322600 0.769955 0.054976
v -0.322600 0.769955 0.018562
v -0.304394 0.769955 0.036769
v -0.340807 0.769955 0.036769
v -0.309985 0.804949 0.024154
v -0.309985 0.804949 0.049384
v -0.335215 0.804949 0.024154
v -0.335215 0.804949 0.049384
v -0.322600 0.804949 0.054976
v -0.322600 0.804949 0.018562
v -0.304394 0.804949 0.036769
v -0.340807 0.804949 0.036769
v -0.308693 0.804949 0.022862
v -0.308693 0.804949 0.050676
v -0.336508 0.804949 0.022862
v -0.336508 0.804949 0.050676
v -0.322600 0.804949 0.056841
v -0.322600 0.804949 0.016697
v -0.302528 0.804949 0.036769
v -0.342672 0.804949 0.036769
v -0.308693 0.806479 0.022862
v -0.308693 0.806479 0.050676
v -0.336508 0.806479 0.022862
v -0.336508 0.806479 0.050676
v -0.322600 0.806479 0.056841
v -0.322600 0.806479 0.016697
v -0.302528 0.806479 0.036769
v -0.342672 0.806479 0.036769
v -0.321035 0.806479 0.035203
v -0.321035 0.806479 0.038334
v -0.324166 0.806479 0.035203
v -0.324166 0.806479 0.038334
v -0.322600 0.806479 0.039028
v -0.322600 0.806479 0.034509
v -0.320341 0.806479 0.036769
v -0.324860 0.806479 0.036769
v -0.321035 0.807825 0.035203
v -0.321035 0.807825 0.038334
v -0.324166 0.807825 0.035203
v -0.324166 0.807825 0.038334
v -0.322600 0.807825 0.039028
v -0.322600 0.807825 0.034509
v -0.320341 0.807825 0.036769
v -0.324860 0.807825 0.036769
v -0.309985 0.774916 0.024154
v -0.309985 0.799988 0.024154
v -0.304394 0.799988 0.036769
v -0.304394 0.774916 0.036769
v -0.309985 0.774916 0.049384
v -0.309985 0.799988 0.049384
v -0.322600 0.799988 0.054976
v -0.322600 0.774916 0.054976
v -0.340807 0.774916 0.036769
v -0.340807 0.799988 0.036769
v -0.335215 0.799988 0.024154
v -0.335215 0.774916 0.024154
v -0.335215 0.774916 0.049384
v -0.335215 0.799988 0.049384
v -0.322600 0.799988 0.018562
v -0.322600 0.774916 0.018562
v -0.313264 0.645923 0.052843
v -0.317932 0.645923 0.054912
v -0.317932 0.769955 0.018626
v -0.313264 0.769955 0.020695
v -0.313264 0.769955 0.052843
v -0.317932 0.769955 0.054912
v -0.313264 0.645923 0.020695
v -0.317932 0.645923 0.018626
v -0.315863 0.645923 0.036769
v -0.309125 0.645923 0.036769
v -0.318395 0.769955 0.020426
v -0.314190 0.769955 0.022290
v -0.314190 0.769955 0.051248
v -0.318395 0.769955 0.053112
v -0.318395 0.804949 0.020426
v -0.314190 0.804949 0.022290
v -0.314190 0.804949 0.051248
v -0.318395 0.804949 0.053112
v -0.317965 0.804949 0.018752
v -0.313329 0.804949 0.020807
v -0.313329 0.804949 0.052731
v -0.317965 0.804949 0.054786
v -0.317965 0.806479 0.018752
v -0.313329 0.806479 0.020807
v -0.313329 0.806479 0.052731
v -0.317965 0.806479 0.054786
v -0.322079 0.806479 0.034741
v -0.321557 0.806479 0.034972
v -0.321557 0.806479 0.038566
v -0.322079 0.806479 0.038797
v -0.322079 0.807825 0.034741
v -0.321557 0.807825 0.034972
v -0.321557 0.807825 0.038566
v -0.322079 0.807825 0.038797
v -0.318395 0.774916 0.020426
v -0.314190 0.774916 0.022290
v -0.318395 0.799988 0.020426
v -0.314190 0.799988 0.022290
v -0.314190 0.774916 0.051248
v -0.318395 0.774916 0.053112
v -0.314190 0.799988 0.051248
v -0.318395 0.799988 0.053112
v -0.327269 0.769955 0.054912
v -0.331937 0.769955 0.052843
v -0.327269 0.645923 0.018626
v -0.331937 0.645923 0.020695
v -0.331937 0.645923 0.052843
v -0.327269 0.645923 0.054912
v -0.331937 0.769955 0.020695
v -0.327269 0.769955 0.018626
v -0.336075 0.645923 0.036769
v -0.329338 0.645923 0.036769
v -0.326805 0.769955 0.053112
v -0.331010 0.769955 0.051248
v -0.331010 0.769955 0.022290
v -0.326805 0.769955 0.020426
v -0.326805 0.804949 0.053112
v -0.331010 0.804949 0.051248
v -0.331010 0.804949 0.022290
v -0.326805 0.804949 0.020426
v -0.327236 0.804949 0.054786
v -0.331872 0.804949 0.052731
v -0.331872 0.804949 0.020807
v -0.327236 0.804949 0.018752
v -0.327236 0.806479 0.054786
v -0.331872 0.806479 0.052731
v -0.331872 0.806479 0.020807
v -0.327236 0.806479 0.018752
v -0.323122 0.806479 0.038797
v -0.323644 0.806479 0.038566
v -0.323644 0.806479 0.034972
v -0.323122 0.806479 0.034741
v -0.323122 0.807825 0.038797
v -0.323644 0.807825 0.038566
v -0.323644 0.807825 0.034972
v -0.323122 0.807825 0.034741
v -0.326805 0.774916 0.053112
v -0.331010 0.774916 0.051248
v -0.326805 0.799988 0.053112
v -0.331010 0.799988 0.051248
v -0.331010 0.774916 0.022290
v -0.326805 0.774916 0.020426
v -0.331010 0.799988 0.022290
v -0.326805 0.799988 0.020426
v -0.322600 0.799988 0.053112
v -0.322600 0.774916 0.053112
v 0.353396 0.645923 0.022764
v 0.353396 0.769955 0.022764
v 0.353396 0.645923 0.050774
v 0.353396 0.769955 0.050774
v 0.325386 0.645923 0.022764
v 0.325386 0.769955 0.022764
v 0.325386 0.645923 0.050774
v 0.325386 0.769955 0.050774
v 0.339391 0.645923 0.056981
v 0.339391 0.769955 0.056981
v 0.339391 0.645923 0.016556
v 0.339391 0.769955 0.016556
v 0.359603 0.645923 0.036769
v 0.359603 0.769955 0.036769
v 0.319178 0.645923 0.036769
v 0.319178 0.769955 0.036769
v 0.339391 0.645923 0.036769
v 0.352006 0.769955 0.024154
v 0.352006 0.769955 0.049384
v 0.326776 0.769955 0.024154
v 0.326776 0.769955 0.049384
v 0.339391 0.769955 0.054976
v 0.339391 0.769955 0.018562
v 0.357598 0.769955 0.036769
v 0.321184 0.769955 0.036769
v 0.352006 0.804949 0.024154
v 0.352006 0.804949 0.049384
v 0.326776 0.804949 0.024154
v 0.326776 0.804949 0.049384
v 0.339391 0.804949 0.054976
v 0.339391 0.804949 0.018562
v 0.357598 0.804949 0.036769
v 0.321184 0.804949 0.036769
v 0.353298 0.804949 0.022862
v 0.353298 0.804949 0.050676
v 0.325484 0.804949 0.022862
v 0.325484 0.804949 0.050676
v 0.339391 0.804949 0.056841
v 0.339391 0.804949 0.016697
v 0.359463 0.804949 0.036769
v 0.319319 0.804949 0.036769
v 0.353298 0.806479 0.022862
v 0.353298 0.806479 0.050676
v 0.325484 0.806479 0.022862
v 0.325484 0.806479 0.050676
v 0.339391 0.806479 0.056841
v 0.339391 0.806479 0.016697
v 0.359463 0.806479 0.036769
v 0.319319 0.806479 0.036769
v 0.340956 0.806479 0.035203
v 0.340956 0.806479 0.038334
v 0.337825 0.806479 0.035203
v 0.337825 0.806479 0.038334
v 0.339391 0.806479 0.039028
v 0.339391 0.806479 0.034509
v 0.341650 0.806479 0.036769
v 0.337132 0.806479 0.036769
v 0.340956 0.807825 0.035203
v 0.340956 0.807825 0.038334
v 0.337825 0.807825 0.035203
v 0.337825 0.807825 0.038334
v 0.339391 0.807825 0.039028
v 0.339391 0.807825 0.034509
v 0.341650 0.807825 0.036769
v 0.337132 0.807825 0.036769
v 0.352006 0.774916 0.024154
v 0.352006 0.799988 0.024154
v 0.357598 0.799988 0.036769
v 0.357598 0.774916 0.036769
v 0.352006 0.774916 0.049384
v 0.352006 0.799988 0.049384
v 0.339391 0.799988 0.054976
v 0.339391 0.774916 0.054976
v 0.321184 0.774916 0.036769
v 0.321184 0.799988 0.036769
v 0.326776 0.799988 0.024154
v 0.326776 0.774916 0.024154
v 0.326776 0.774916 0.049384
v 0.326776 0.799988 0.049384
v 0.339391 0.799988 0.018562
v 0.339391 0.774916 0.018562
v 0.348727 0.645923 0.052843
v 0.344059 0.645923 0.054912
v 0.344059 0.769955 0.018626
v 0.348727 0.769955 0.020695
v 0.348727 0.769955 0.052843
v 0.344059 0.769955 0.054912
v 0.348727 0.645923 0.020695
v 0.344059 0.645923 0.018626
v 0.346128 0.645923 0.036769
v 0.352866 0.645923 0.036769
v 0.343596 0.769955 0.020426
v 0.347801 0.769955 0.022290
v 0.347801 0.769955 0.051248
v 0.343596 0.769955 0.053112
v 0.343596 0.804949 0.020426
v 0.347801 0.804949 0.022290
v 0.347801 0.804949 0.051248
v 0.343596 0.804949 0.053112
v 0.344027 0.804949 0.018752
v 0.348662 0.804949 0.020807
v 0.348662 0.804949 0.052731
v 0.344027 0.804949 0.054786
v 0.344027 0.806479 0.018752
v 0.348662 0.806479 0.020807
v 0.348662 0.806479 0.052731
v 0.344027 0.806479 0.054786
v 0.339913 0.806479 0.034741
v 0.340435 0.806479 0.034972
v 0.340435 0.806479 0.038566
v 0.339913 0.806479 0.038797
v 0.339913 0.807825 0.034741
v 0.340435 0.807825 0.034972
v 0.340435 0.807825 0.038566
v 0.339913 0.807825 0.038797
v 0.343596 0.774916 0.020426
v 0.347801 0.774916 0.022290
v 0.343596 0.799988 0.020426
v 0.347801 0.799988 0.022290
v 0.347801 0.774916 0.051248
v 0.343596 0.774916 0.053112
v 0.347801 0.799988 0.051248
v 0.343596 0.799988 0.053112
v 0.334723 0.769955 0.054912
v 0.330054 0.769955 0.052843
v 0.334723 0.645923 0.018626
v 0.330054 0.645923 0.020695
v 0.330054 0.645923 0.052843
v 0.334723 0.645923 0.054912
v 0.330054 0.769955 0.020695
v 0.334723 0.769955 0.018626
v 0.325916 0.645923 0.036769
v 0.332653 0.645923 0.036769
v 0.335186 0.769955 0.053112
v 0.330981 0.769955 0.051248
v 0.330981 0.769955 0.022290
v 0.335186 0.769955 0.020426
v 0.335186 0.804949 0.053112
v 0.330981 0.804949 0.051248
v 0.330981 0.804949 0.022290
v 0.335186 0.804949 0.020426
v 0.334755 0.804949 0.054786
v 0.330119 0.804949 0.052731
v 0.330119 0.804949 0.020807
v 0.334755 0.804949 0.018752
v 0.334755 0.806479 0.054786
v 0.330119 0.806479 0.052731
v 0.330119 0.806479 0.020807
v 0.334755 0.806479 0.018752
v 0.338869 0.806479 0.038797
v 0.338347 0.806479 0.038566
v 0.338347 0.806479 0.034972
v 0.338869 0.806479 0.034741
v 0.338869 0.807825 0.038797
v 0.338347 0.807825 0.038566
v 0.338347 0.807825 0.034972
v 0.338869 0.807825 0.034741
v 0.335186 0.774916 0.053112
v 0.330981 0.774916 0.051248
v 0.335186 0.799988 0.053112
v 0.330981 0.799988 0.051248
v 0.330981 0.774916 0.022290
v 0.335186 0.774916 0.020426
v 0.330981 0.799988 0.022290
v 0.335186 0.799988 0.020426
v 0.339391 0.799988 0.053112
v 0.339391 0.774916 0.053112
vn 0.6953 -0.1822 -0.6953
vn 0.6953 0.1822 -0.6953
vn 0.6953 -0.1822 0.6953
vn 0.6953 0.1822 0.6953
vn -0.6953 -0.1822 -0.6953
vn -0.6953 0.1822 -0.6953
vn -0.6953 -0.1822 0.6953
vn -0.6953 0.1822 0.6953
vn -0.0000 -0.1785 0.9839
vn -0.0000 0.1785 0.9839
vn -0.0000 -0.1785 -0.9839
vn -0.0000 0.1785 -0.9839
vn 0.9839 -0.1785 -0.0000
vn 0.9839 0.1785 -0.0000
vn -0.9839 -0.1785 -0.0000
vn -0.9839 0.1785 -0.0000
vn -0.0000 -1.0000 -0.0000
vn 0.6775 0.2863 -0.6775
vn 0.6775 0.2863 0.6775
vn -0.6775 0.2863 -0.6775
vn -0.6775 0.2863 0.6775
vn -0.0000 0.2984 0.9544
vn -0.0000 0.2984 -0.9544
vn 0.9544 0.2984 -0.0000
vn -0.9544 0.2984 -0.0000
vn 0.6775 -0.2863 -0.6775
vn 0.6775 -0.2863 0.6775
vn -0.6775 -0.2863 -0.6775
vn -0.6775 -0.2863 0.6775
vn -0.0000 -0.2984 0.9544
vn -0.0000 -0.2984 -0.9544
vn 0.9544 -0.2984 -0.0000
vn -0.9544 -0.2984 -0.0000
vn 0.7071 -0.0000 -0.7071
vn 1.0000 -0.0000 -0.0000
vn 0.7071 -0.0000 0.7071
vn -1.0000 -0.0000 -0.0000
vn -0.7071 -0.0000 -0.7071
vn -0.7071 -0.0000 0.7071
vn -0.0000 -0.0000 -1.0000
vn 0.3953 -0.2203 0.8918
vn 0.3953 0.2203 -0.8918
vn 0.3953 0.2203 0.8918
vn 0.3953 -0.2203 -0.8918
vn 0.4052 -0.0000 -0.9142
vn 0.4052 -0.0000 0.9142
vn 0.3089 0.0152 0.9510
vn 0.3089 -0.0152 0.9510
vn -0.3953 0.2203 0.8918
vn -0.3953 -0.2203 -0.8918
vn -0.3953 -0.2203 0.8918
vn -0.3953 0.2203 -0.8918
vn -0.3089 0.0152 0.9510
vn -0.4052 -0.0000 0.9142
vn -0.3089 -0.0152 0.9510
vn -0.4052 -0.0000 -0.9142
vn -0.0000 -0.2203 0.9754
vt 0.375000 0.125000
vt 0.625000 0.125000
vt 0.625000 0.250000
vt 0.375000 0.250000
vt 0.375000 0.458333
vt 0.625000 0.458333
vt 0.625000 0.500000
vt 0.375000 0.500000
vt 0.375000 0.625000
vt 0.625000 0.625000
vt 0.625000 0.750000
vt 0.375000 0.750000
vt 0.375000 0.958333
vt 0.625000 0.958333
vt 0.625000 1.000000
vt 0.375000 1.000000
vt 0.333333 0.625000
vt 0.333333 0.750000
vt 0.208333 0.625000
vt 0.250000 0.625000
vt 0.250000 0.750000
vt 0.208333 0.750000
vt 0.375000 0.833333
vt 0.625000 0.833333
vt 0.625000 0.875000
vt 0.375000 0.875000
vt 0.375000 0.333333
vt 0.625000 0.333333
vt 0.625000 0.375000
vt 0.375000 0.375000
vt 0.208333 0.500000
vt 0.250000 0.500000
vt 0.333333 0.500000
vt 0.375000 0.000000
vt 0.625000 0.000000
vt 0.625000 0.791667
vt 0.625000 0.291667
vt 0.625000 0.916667
vt 0.625000 0.916667
vt 0.625000 0.416667
vt 0.625000 0.416667
vt 0.625000 0.291667
vt 0.625000 0.291667
vt 0.625000 0.916667
vt 0.625000 0.916667
vt 0.625000 0.416667
vt 0.625000 0.791667
vt 0.625000 0.416667
vt 0.625000 0.958333
vt 0.625000 0.958333
vt 0.625000 0.583333
vt 0.625000 0.333333
vt 0.625000 0.333333
vt 0.125000 0.500000
vt 0.166667 0.500000
vt 0.166667 0.625000
vt 0.125000 0.625000
vt 0.375000 0.291667
vt 0.166667 0.750000
vt 0.125000 0.750000
vt 0.375000 0.916667
vt 0.625000 0.833333
vt 0.625000 0.458333
vt 0.625000 0.833333
vt 0.625000 0.833333
vt 0.291667 0.500000
vt 0.291667 0.625000
vt 0.375000 0.791667
vt 0.291667 0.750000
vt 0.375000 0.416667
vt 0.000000 0.000000
s 1
f 524/323/489 525/324/490 515/325/480 514/326/479
f 639/327/527 636/328/525 519/329/484 518/330/483
f 526/331/491 527/332/492 517/333/482 516/334/481
f 599/335/520 596/336/518 513/337/478 512/338/477
f 643/339/493 526/331/491 516/334/481 638/340/526
f 601/341/493 528/342/493 522/343/487 600/344/520
f 637/345/526 642/346/528 523/347/488 522/348/487
f 594/349/517 598/350/519 521/351/486 520/352/485
f 594/353/517 520/354/485 528/342/493 601/341/493
f 639/355/527 518/330/483 526/331/491 643/339/493
f 518/330/483 519/329/484 527/332/492 526/331/491
f 512/356/477 513/357/478 525/324/490 524/323/489
f 517/333/482 527/332/492 536/332/501 531/333/496
f 641/358/528 517/333/482 531/333/496 647/358/528
f 597/359/519 515/325/480 530/325/495 605/359/519
f 515/325/480 525/324/490 535/324/500 530/325/495
f 527/332/492 519/329/484 532/329/497 536/332/501
f 595/360/518 523/347/488 534/347/499 603/361/518
f 525/324/490 513/357/478 529/357/494 535/324/500
f 635/362/525 521/351/486 533/351/498 645/363/525
f 579/324/511 578/357/510 537/357/502 543/324/508
f 633/364/522 582/325/512 538/325/503 609/365/517
f 587/333/514 586/332/513 544/332/509 539/333/504
f 582/325/512 579/324/511 543/324/508 538/325/503
f 586/332/513 590/329/515 540/329/505 544/332/509
f 675/358/532 587/333/514 539/333/504 651/358/526
f 629/361/521 591/347/516 542/347/507 607/366/520
f 671/363/531 583/351/485 541/351/506 649/363/527
f 543/324/508 537/357/502 545/357/477 551/324/489
f 609/365/517 538/325/503 546/325/479 613/364/517
f 539/333/504 544/332/509 552/332/491 547/333/481
f 538/325/503 543/324/508 551/324/489 546/325/479
f 544/332/509 540/329/505 548/329/483 552/332/491
f 651/358/526 539/333/504 547/333/481 655/358/526
f 607/366/520 542/347/507 550/347/487 611/367/520
f 649/363/527 541/351/506 549/351/485 653/368/527
f 653/368/527 549/351/485 557/351/486 657/363/525
f 551/324/489 545/357/477 553/357/478 559/324/490
f 613/364/517 546/325/479 554/325/480 617/364/519
f 547/333/481 552/332/491 560/332/492 555/333/482
f 546/325/479 551/324/489 559/324/490 554/325/480
f 552/332/491 548/329/483 556/329/484 560/332/492
f 655/358/526 547/333/481 555/333/482 659/358/528
f 611/367/520 550/347/487 558/347/488 615/361/518
f 560/332/492 556/329/484 564/329/497 568/332/501
f 659/358/528 555/333/482 563/333/496 663/369/528
f 615/361/518 558/347/488 566/347/499 619/361/518
f 657/363/525 557/351/486 565/351/498 661/363/525
f 559/324/490 553/357/478 561/357/494 567/324/500
f 617/364/519 554/325/480 562/325/495 621/364/519
f 555/333/482 560/332/492 568/332/501 563/333/496
f 554/325/480 559/324/490 567/324/500 562/325/495
f 563/333/496 568/332/501 576/332/492 571/333/482
f 562/325/495 567/324/500 575/324/490 570/325/480
f 568/332/501 564/329/497 572/329/484 576/332/492
f 663/369/528 563/333/496 571/333/482 667/358/528
f 619/361/518 566/347/499 574/347/488 623/361/518
f 661/363/525 565/351/498 573/351/486 665/370/525
f 567/324/500 561/357/494 569/357/478 575/324/490
f 621/364/519 562/325/495 570/325/480 625/359/519
f 666/328/525 667/358/528 571/333/482 576/332/492 572/329/484
f 645/363/525 533/351/498 584/351/486 669/363/529
f 603/361/518 534/347/499 592/347/516 627/361/521
f 627/361/521 592/347/516 591/347/516 629/361/521
f 647/358/528 531/333/496 588/333/514 673/358/532
f 673/358/532 588/333/514 587/333/514 675/358/532
f 536/332/501 532/329/497 589/329/515 585/332/513
f 585/332/513 589/329/515 590/329/515 586/332/513
f 530/325/495 535/324/500 580/324/511 581/325/512
f 581/325/512 580/324/511 579/324/511 582/325/512
f 531/333/496 536/332/501 585/332/513 588/333/514
f 588/333/514 585/332/513 586/332/513 587/333/514
f 605/359/519 530/325/495 581/325/512 631/364/522
f 535/324/500 529/357/494 577/357/510 580/324/511
f 580/324/511 577/357/510 578/357/510 579/324/511
f 582/325/512 633/364/522 631/364/522 581/325/512
f 533/351/498 606/350/519 632/350/523 584/351/486
f 606/350/519 605/359/519 631/364/522 632/350/523
f 577/337/510 628/371/521 630/371/521 578/337/510
f 628/371/521 627/361/521 629/361/521 630/371/521
f 529/337/494 604/372/518 628/371/521 577/337/510
f 604/372/518 603/361/518 627/361/521 628/371/521
f 575/324/490 569/357/478 624/364/518 625/359/519 570/325/480
f 625/359/519 624/364/518 623/373/518 626/374/519
f 565/351/498 622/375/519 626/374/519 573/351/486
f 622/375/519 621/364/519 625/359/519 626/374/519
f 561/337/494 620/371/518 624/371/518 569/337/478
f 620/371/518 619/361/518 623/361/518 624/371/518
f 557/351/486 618/374/519 622/375/519 565/351/498
f 618/374/519 617/364/519 621/364/519 622/375/519
f 553/337/478 616/372/518 620/371/518 561/337/494
f 616/372/518 615/361/518 619/361/518 620/371/518
f 545/337/477 612/371/520 616/372/518 553/337/478
f 612/371/520 611/367/520 615/361/518 616/372/518
f 549/351/485 614/375/517 618/374/519 557/351/486
f 614/375/517 613/364/517 617/364/519 618/374/519
f 537/337/502 608/371/520 612/371/520 545/337/477
f 608/371/520 607/366/520 611/367/520 612/371/520
f 541/351/506 610/350/517 614/375/517 549/351/485
f 610/350/517 609/365/517 613/364/517 614/375/517
f 578/337/510 630/371/521 608/371/520 537/337/502
f 630/371/521 629/361/521 607/366/520 608/371/520
f 583/351/485 634/375/524 610/350/517 541/351/506
f 634/375/524 633/364/522 609/365/517 610/350/517
f 513/337/478 596/336/518 604/372/518 529/337/494
f 596/336/518 595/360/518 603/361/518 604/372/518
f 521/351/486 598/350/519 606/350/519 533/351/498
f 598/350/519 597/359/519 605/359/519 606/350/519
f 514/376/479 593/377/517 602/378/493 524/379/489
f 593/377/517 594/353/517 601/341/493 602/378/493
f 514/326/479 515/325/480 597/359/519 593/380/517
f 593/380/517 597/359/519 598/350/519 594/349/517
f 524/379/489 602/378/493 599/381/520 512/382/477
f 602/378/493 601/341/493 600/344/520 599/381/520
f 522/348/487 523/347/488 595/360/518 600/383/520
f 600/383/520 595/360/518 596/336/518 599/335/520
f 590/329/515 589/329/515 670/328/530 672/328/530
f 592/347/516 674/346/532 676/346/532 591/347/516
f 674/346/532 673/358/532 675/358/532 676/346/532
f 534/347/499 648/384/528 674/346/532 592/347/516
f 648/384/528 647/358/528 673/358/532 674/346/532
f 532/329/497 646/385/525 670/328/530 589/329/515
f 646/385/525 645/363/525 669/363/529 670/328/530
f 626/374/519 623/373/518 574/347/488 668/386/528 665/370/525 573/351/486
f 665/370/525 668/386/528 667/358/528 666/328/525
f 564/329/497 662/328/525 666/328/525 572/329/484
f 662/328/525 661/363/525 665/370/525 666/328/525
f 566/347/499 664/346/528 668/386/528 574/347/488
f 664/346/528 663/369/528 667/358/528 668/386/528
f 556/329/484 658/328/525 662/328/525 564/329/497
f 658/328/525 657/363/525 661/363/525 662/328/525
f 558/347/488 660/386/528 664/346/528 566/347/499
f 660/386/528 659/358/528 663/369/528 664/346/528
f 550/347/487 656/346/526 660/386/528 558/347/488
f 656/346/526 655/358/526 659/358/528 660/386/528
f 548/329/483 654/328/527 658/328/525 556/329/484
f 654/328/527 653/368/527 657/363/525 658/328/525
f 540/329/505 650/328/527 654/328/527 548/329/483
f 650/328/527 649/363/527 653/368/527 654/328/527
f 542/347/507 652/387/526 656/346/526 550/347/487
f 652/387/526 651/358/526 655/358/526 656/346/526
f 590/329/515 672/328/530 650/328/527 540/329/505
f 672/328/530 671/363/531 649/363/527 650/328/527
f 591/347/516 676/346/532 652/387/526 542/347/507
f 676/346/532 675/358/532 651/358/526 652/387/526
f 519/329/484 636/328/525 646/385/525 532/329/497
f 636/328/525 635/362/525 645/363/525 646/385/525
f 523/347/488 642/346/528 648/384/528 534/347/499
f 642/346/528 641/358/528 647/358/528 648/384/528
f 520/354/485 640/388/527 644/389/493 528/342/493
f 640/388/527 639/355/527 643/339/493 644/389/493
f 516/334/481 517/333/482 641/358/528 638/390/526
f 638/390/526 641/358/528 642/346/528 637/345/526
f 528/342/493 644/389/493 637/391/526 522/343/487
f 644/389/493 643/339/493 638/340/526 637/391/526
f 520/352/485 521/351/486 635/362/525 640/392/527
f 640/392/527 635/362/525 636/328/525 639/327/527
f 669/393/529 632/393/523 678/393/533
f 671/393/531 634/393/524 677/393/533
f 632/350/523 631/364/522 633/364/522 634/375/524
f 670/328/530 669/363/529 671/363/531 672/328/530
f 678/393/533 632/350/523 634/393/524 677/393/533
f 669/363/529 678/393/533 677/393/533 671/363/531
f 632/393/523 669/393/529 584/351/486
f 634/393/524 583/351/485 671/393/531
f 691/323/489 692/324/490 682/325/480 681/326/479
f 806/327/527 803/328/525 686/329/484 685/330/483
f 693/331/491 694/332/492 684/333/482 683/334/481
f 766/335/520 763/336/518 680/337/478 679/338/477
f 810/339/493 693/331/491 683/334/481 805/340/526
f 768/341/493 695/342/493 689/343/487 767/344/520
f 804/345/526 809/346/528 690/347/488 689/348/487
f 761/349/517 765/350/519 688/351/486 687/352/485
f 761/353/517 687/354/485 695/342/493 768/341/493
f 806/355/527 685/330/483 693/331/491 810/339/493
f 685/330/483 686/329/484 694/332/492 693/331/491
f 679/356/477 680/357/478 692/324/490 691/323/489
f 684/333/482 694/332/492 703/332/501 698/333/496
f 808/358/528 684/333/482 698/333/496 814/358/528
f 764/359/519 682/325/480 697/325/495 772/359/519
f 682/325/480 692/324/490 702/324/500 697/325/495
f 694/332/492 686/329/484 699/329/497 703/332/501
f 762/360/518 690/347/488 701/347/499 770/361/518
f 692/324/490 680/357/478 696/357/494 702/324/500
f 802/362/525 688/351/486 700/351/498 812/363/525
f 746/324/511 745/357/510 704/357/502 710/324/508
f 800/364/522 749/325/512 705/325/503 776/365/517
f 754/333/514 753/332/513 711/332/509 706/333/504
f 749/325/512 746/324/511 710/324/508 705/325/503
f 753/332/513 757/329/515 707/329/505 711/332/509
f 842/358/532 754/333/514 706/333/504 818/358/526
f 796/361/521 758/347/516 709/347/507 774/366/520
f 838/363/531 750/351/485 708/351/506 816/363/527
f 710/324/508 704/357/502 712/357/477 718/324/489
f 776/365/517 705/325/503 713/325/479 780/364/517
f 706/333/504 711/332/509 719/332/491 714/333/481
f 705/325/503 710/324/508 718/324/489 713/325/479
f 711/332/509 707/329/505 715/329/483 719/332/491
f 818/358/526 706/333/504 714/333/481 822/358/526
f 774/366/520 709/347/507 717/347/487 778/367/520
f 816/363/527 708/351/506 716/351/485 820/368/527
f 820/368/527 716/351/485 724/351/486 824/363/525
f 718/324/489 712/357/477 720/357/478 726/324/490
f 780/364/517 713/325/479 721/325/480 784/364/519
f 714/333/481 719/332/491 727/332/492 722/333/482
f 713/325/479 718/324/489 726/324/490 721/325/480
f 719/332/491 715/329/483 723/329/484 727/332/492
f 822/358/526 714/333/481 722/333/482 826/358/528
f 778/367/520 717/347/487 725/347/488 782/361/518
f 727/332/492 723/329/484 731/329/497 735/332/501
f 826/358/528 722/333/482 730/333/496 830/369/528
f 782/361/518 725/347/488 733/347/499 786/361/518
f 824/363/525 724/351/486 732/351/498 828/363/525
f 726/324/490 720/357/478 728/357/494 734/324/500
f 784/364/519 721/325/480 729/325/495 788/364/519
f 722/333/482 727/332/492 735/332/501 730/333/496
f 721/325/480 726/324/490 734/324/500 729/325/495
f 730/333/496 735/332/501 743/332/492 738/333/482
f 729/325/495 734/324/500 742/324/490 737/325/480
f 735/332/501 731/329/497 739/329/484 743/332/492
f 830/369/528 730/333/496 738/333/482 834/358/528
f 786/361/518 733/347/499 741/347/488 790/361/518
f 828/363/525 732/351/498 740/351/486 832/370/525
f 734/324/500 728/357/494 736/357/478 742/324/490
f 788/364/519 729/325/495 737/325/480 792/359/519
f 833/328/525 834/358/528 738/333/482 743/332/492 739/329/484
f 812/363/525 700/351/498 751/351/486 836/363/529
f 770/361/518 701/347/499 759/347/516 794/361/521
f 794/361/521 759/347/516 758/347/516 796/361/521
f 814/358/528 698/333/496 755/333/514 840/358/532
f 840/358/532 755/333/514 754/333/514 842/358/532
f 703/332/501 699/329/497 756/329/515 752/332/513
f 752/332/513 756/329/515 757/329/515 753/332/513
f 697/325/495 702/324/500 747/324/511 748/325/512
f 748/325/512 747/324/511 746/324/511 749/325/512
f 698/333/496 703/332/501 752/332/513 755/333/514
f 755/333/514 752/332/513 753/332/513 754/333/514
f 772/359/519 697/325/495 748/325/512 798/364/522
f 702/324/500 696/357/494 744/357/510 747/324/511
f 747/324/511 744/357/510 745/357/510 746/324/511
f 749/325/512 800/364/522 798/364/522 748/325/512
f 700/351/498 773/350/519 799/350/523 751/351/486
f 773/350/519 772/359/519 798/364/522 799/350/523
f 744/337/510 795/371/521 797/371/521 745/337/510
f 795/371/521 794/361/521 796/361/521 797/371/521
f 696/337/494 771/372/518 795/371/521 744/337/510
f 771/372/518 770/361/518 794/361/521 795/371/521
f 742/324/490 736/357/478 791/364/518 792/359/519 737/325/480
f 792/359/519 791/364/518 790/373/518 793/374/519
f 732/351/498 789/375/519 793/374/519 740/351/486
f 789/375/519 788/364/519 792/359/519 793/374/519
f 728/337/494 787/371/518 791/371/518 736/337/478
f 787/371/518 786/361/518 790/361/518 791/371/518
f 724/351/486 785/374/519 789/375/519 732/351/498
f 785/374/519 784/364/519 788/364/519 789/375/519
f 720/337/478 783/372/518 787/371/518 728/337/494
f 783/372/518 782/361/518 786/361/518 787/371/518
f 712/337/477 779/371/520 783/372/518 720/337/478
f 779/371/520 778/367/520 782/361/518 783/372/518
f 716/351/485 781/375/517 785/374/519 724/351/486
f 781/375/517 780/364/517 784/364/519 785/374/519
f 704/337/502 775/371/520 779/371/520 712/337/477
f 775/371/520 774/366/520 778/367/520 779/371/520
f 708/351/506 777/350/517 781/375/517 716/351/485
f 777/350/517 776/365/517 780/364/517 781/375/517
f 745/337/510 797/371/521 775/371/520 704/337/502
f 797/371/521 796/361/521 774/366/520 775/371/520
f 750/351/485 801/375/524 777/350/517 708/351/506
f 801/375/524 800/364/522 776/365/517 777/350/517
f 680/337/478 763/336/518 771/372/518 696/337/494
f 763/336/518 762/360/518 770/361/518 771/372/518
f 688/351/486 765/350/519 773/350/519 700/351/498
f 765/350/519 764/359/519 772/359/519 773/350/519
f 681/376/479 760/377/517 769/378/493 691/379/489
f 760/377/517 761/353/517 768/341/493 769/378/493
f 681/326/479 682/325/480 764/359/519 760/380/517
f 760/380/517 764/359/519 765/350/519 761/349/517
f 691/379/489 769/378/493 766/381/520 679/382/477
f 769/378/493 768/341/493 767/344/520 766/381/520
f 689/348/487 690/347/488 762/360/518 767/383/520
f 767/383/520 762/360/518 763/336/518 766/335/520
f 757/329/515 756/329/515 837/328/530 839/328/530
f 759/347/516 841/346/532 843/346/532 758/347/516
f 841/346/532 840/358/532 842/358/532 843/346/532
f 701/347/499 815/384/528 841/346/532 759/347/516
f 815/384/528 814/358/528 840/358/532 841/346/532
f 699/329/497 813/385/525 837/328/530 756/329/515
f 813/385/525 812/363/525 836/363/529 837/328/530
f 793/374/519 790/373/518 741/347/488 835/386/528 832/370/525 740/351/486
f 832/370/525 835/386/528 834/358/528 833/328/525
f 731/329/497 829/328/525 833/328/525 739/329/484
f 829/328/525 828/363/525 832/370/525 833/328/525
f 733/347/499 831/346/528 835/386/528 741/347/488
f 831/346/528 830/369/528 834/358/528 835/386/528
f 723/329/484 825/328/525 829/328/525 731/329/497
f 825/328/525 824/363/525 828/363/525 829/328/525
f 725/347/488 827/386/528 831/346/528 733/347/499
f 827/386/528 826/358/528 830/369/528 831/346/528
f 717/347/487 823/346/526 827/386/528 725/347/488
f 823/346/526 822/358/526 826/358/528 827/386/528
f 715/329/483 821/328/527 825/328/525 723/329/484
f 821/328/527 820/368/527 824/363/525 825/328/525
f 707/329/505 817/328/527 821/328/527 715/329/483
f 817/328/527 816/363/527 820/368/527 821/328/527
f 709/347/507 819/387/526 823/346/526 717/347/487
f 819/387/526 818/358/526 822/358/526 823/346/526
f 757/329/515 839/328/530 817/328/527 707/329/505
f 839/328/530 838/363/531 816/363/527 817/328/527
f 758/347/516 843/346/532 819/387/526 709/347/507
f 843/346/532 842/358/532 818/358/526 819/387/526
f 686/329/484 803/328/525 813/385/525 699/329/497
f 803/328/525 802/362/525 812/363/525 813/385/525
f 690/347/488 809/346/528 815/384/528 701/347/499
f 809/346/528 808/358/528 814/358/528 815/384/528
f 687/354/485 807/388/527 811/389/493 695/342/493
f 807/388/527 806/355/527 810/339/493 811/389/493
f 683/334/481 684/333/482 808/358/528 805/390/526
f 805/390/526 808/358/528 809/346/528 804/345/526
f 695/342/493 811/389/493 804/391/526 689/343/487
f 811/389/493 810/339/493 805/340/526 804/391/526
f 687/352/485 688/351/486 802/362/525 807/392/527
f 807/392/527 802/362/525 803/328/525 806/327/527
f 836/393/529 799/393/523 845/393/533
f 838/393/531 801/393/524 844/393/533
f 799/350/523 798/364/522 800/364/522 801/375/524
f 837/328/530 836/363/529 838/363/531 839/328/530
f 845/393/533 799/350/523 801/393/524 844/393/533
f 836/363/529 845/393/533 844/393/533 838/363/531
f 799/393/523 836/393/529 751/351/486
f 801/393/524 750/351/485 838/393/531
o Turret-Sides-Ladder
v 0.398078 0.569057 -0.246499
v 0.398078 0.569057 -0.212986
v 0.398033 0.572029 -0.246499
v 0.398033 0.572029 -0.212986
v 0.395106 0.569011 -0.246499
v 0.395106 0.569011 -0.212986
v 0.395061 0.571983 -0.246499
v 0.395061 0.571983 -0.212986
v 0.398424 0.570548 -0.246499
v 0.398424 0.570548 -0.212986
v 0.394715 0.570492 -0.246499
v 0.394715 0.570492 -0.212986
v 0.396541 0.572374 -0.246499
v 0.396541 0.572374 -0.212986
v 0.396598 0.568666 -0.246499
v 0.396598 0.568666 -0.212986
v 0.396569 0.570520 -0.212986
v 0.396569 0.570520 -0.246499
v 0.397887 0.581665 -0.246499
v 0.397887 0.581665 -0.212986
v 0.397841 0.584637 -0.246499
v 0.397841 0.584637 -0.212986
v 0.394915 0.581620 -0.246499
v 0.394915 0.581620 -0.212986
v 0.394869 0.584592 -0.246499
v 0.394869 0.584592 -0.212986
v 0.398232 0.583157 -0.246499
v 0.398232 0.583157 -0.212986
v 0.394524 0.583101 -0.246499
v 0.394524 0.583101 -0.212986
v 0.396350 0.584983 -0.246499
v 0.396350 0.584983 -0.212986
v 0.396406 0.581275 -0.246499
v 0.396406 0.581275 -0.212986
v 0.396378 0.583129 -0.212986
v 0.396378 0.583129 -0.246499
v 0.397695 0.594274 -0.246499
v 0.397695 0.594274 -0.212986
v 0.397650 0.597246 -0.246499
v 0.397650 0.597246 -0.212986
v 0.394723 0.594229 -0.246499
v 0.394723 0.594229 -0.212986
v 0.394678 0.597201 -0.246499
v 0.394678 0.597201 -0.212986
v 0.398041 0.595766 -0.246499
v 0.398041 0.595766 -0.212986
v 0.394332 0.595710 -0.246499
v 0.394332 0.595710 -0.212986
v 0.396158 0.597592 -0.246499
v 0.396158 0.597592 -0.212986
v 0.396215 0.593883 -0.246499
v 0.396215 0.593883 -0.212986
v 0.396187 0.595738 -0.212986
v 0.396187 0.595738 -0.246499
v 0.397504 0.606883 -0.246499
v 0.397504 0.606883 -0.212986
v 0.397459 0.609855 -0.246499
v 0.397459 0.609855 -0.212986
v 0.394532 0.606838 -0.246499
v 0.394532 0.606838 -0.212986
v 0.394487 0.609810 -0.246499
v 0.394487 0.609810 -0.212986
v 0.397849 0.608375 -0.246499
v 0.397849 0.608375 -0.212986
v 0.394141 0.608318 -0.246499
v 0.394141 0.608318 -0.212986
v 0.395967 0.610201 -0.246499
v 0.395967 0.610201 -0.212986
v 0.396023 0.606492 -0.246499
v 0.396023 0.606492 -0.212986
v 0.395995 0.608347 -0.212986
v 0.395995 0.608347 -0.246499
v 0.397312 0.619492 -0.246499
v 0.397312 0.619492 -0.212986
v 0.397267 0.622464 -0.246499
v 0.397267 0.622464 -0.212986
v 0.394340 0.619447 -0.246499
v 0.394340 0.619447 -0.212986
v 0.394295 0.622419 -0.246499
v 0.394295 0.622419 -0.212986
v 0.397658 0.620984 -0.246499
v 0.397658 0.620984 -0.212986
v 0.393950 0.620927 -0.246499
v 0.393950 0.620927 -0.212986
v 0.395776 0.622810 -0.246499
v 0.395776 0.622810 -0.212986
v 0.395832 0.619101 -0.246499
v 0.395832 0.619101 -0.212986
v 0.395804 0.620955 -0.212986
v 0.395804 0.620955 -0.246499
v 0.397121 0.632101 -0.246499
v 0.397121 0.632101 -0.212986
v 0.397076 0.635073 -0.246499
v 0.397076 0.635073 -0.212986
v 0.394149 0.632056 -0.246499
v 0.394149 0.632056 -0.212986
v 0.394104 0.635028 -0.246499
v 0.394104 0.635028 -0.212986
v 0.397467 0.633592 -0.246499
v 0.397467 0.633592 -0.212986
v 0.393758 0.633536 -0.246499
v 0.393758 0.633536 -0.212986
v 0.395584 0.635419 -0.246499
v 0.395584 0.635419 -0.212986
v 0.395641 0.631710 -0.246499
v 0.395641 0.631710 -0.212986
v 0.395612 0.633564 -0.212986
v 0.395612 0.633564 -0.246499
v 0.396930 0.644710 -0.246499
v 0.396930 0.644710 -0.212986
v 0.396884 0.647682 -0.246499
v 0.396884 0.647682 -0.212986
v 0.393958 0.644665 -0.246499
v 0.393958 0.644665 -0.212986
v 0.393912 0.647637 -0.246499
v 0.393912 0.647637 -0.212986
v 0.397275 0.646201 -0.246499
v 0.397275 0.646201 -0.212986
v 0.393567 0.646145 -0.246499
v 0.393567 0.646145 -0.212986
v 0.395393 0.648027 -0.246499
v 0.395393 0.648027 -0.212986
v 0.395449 0.644319 -0.246499
v 0.395449 0.644319 -0.212986
v 0.395421 0.646173 -0.212986
v 0.395421 0.646173 -0.246499
v 0.396738 0.657319 -0.246499
v 0.396738 0.657319 -0.212986
v 0.396693 0.660291 -0.246499
v 0.396693 0.660291 -0.212986
v 0.393766 0.657273 -0.246499
v 0.393766 0.657273 -0.212986
v 0.393721 0.660245 -0.246499
v 0.393721 0.660245 -0.212986
v 0.397084 0.658810 -0.246499
v 0.397084 0.658810 -0.212986
v 0.393375 0.658754 -0.246499
v 0.393375 0.658754 -0.212986
v 0.395201 0.660636 -0.246499
v 0.395201 0.660636 -0.212986
v 0.395258 0.656928 -0.246499
v 0.395258 0.656928 -0.212986
v 0.395230 0.658782 -0.212986
v 0.395230 0.658782 -0.246499
v 0.396547 0.669927 -0.246499
v 0.396547 0.669927 -0.212986
v 0.396502 0.672899 -0.246499
v 0.396502 0.672899 -0.212986
v 0.393575 0.669882 -0.246499
v 0.393575 0.669882 -0.212986
v 0.393530 0.672854 -0.246499
v 0.393530 0.672854 -0.212986
v 0.396892 0.671419 -0.246499
v 0.396892 0.671419 -0.212986
v 0.393184 0.671363 -0.246499
v 0.393184 0.671363 -0.212986
v 0.395010 0.673245 -0.246499
v 0.395010 0.673245 -0.212986
v 0.395066 0.669537 -0.246499
v 0.395066 0.669537 -0.212986
v 0.395038 0.671391 -0.212986
v 0.395038 0.671391 -0.246499
v 0.396355 0.682536 -0.246499
v 0.396355 0.682536 -0.212986
v 0.396310 0.685508 -0.246499
v 0.396310 0.685508 -0.212986
v 0.393383 0.682491 -0.246499
v 0.393383 0.682491 -0.212986
v 0.393338 0.685463 -0.246499
v 0.393338 0.685463 -0.212986
v 0.396701 0.684028 -0.246499
v 0.396701 0.684028 -0.212986
v 0.392993 0.683972 -0.246499
v 0.392993 0.683972 -0.212986
v 0.394819 0.685854 -0.246499
v 0.394819 0.685854 -0.212986
v 0.394875 0.682145 -0.246499
v 0.394875 0.682145 -0.212986
v 0.394847 0.684000 -0.212986
v 0.394847 0.684000 -0.246499
v 0.396164 0.695145 -0.246499
v 0.396164 0.695145 -0.212986
v 0.396119 0.698117 -0.246499
v 0.396119 0.698117 -0.212986
v 0.393192 0.695100 -0.246499
v 0.393192 0.695100 -0.212986
v 0.393147 0.698072 -0.246499
v 0.393147 0.698072 -0.212986
v 0.396510 0.696637 -0.246499
v 0.396510 0.696637 -0.212986
v 0.392801 0.696580 -0.246499
v 0.392801 0.696580 -0.212986
v 0.394627 0.698463 -0.246499
v 0.394627 0.698463 -0.212986
v 0.394684 0.694754 -0.246499
v 0.394684 0.694754 -0.212986
v 0.394655 0.696609 -0.212986
v 0.394655 0.696609 -0.246499
v 0.395973 0.707754 -0.246499
v 0.395973 0.707754 -0.212986
v 0.395928 0.710726 -0.246499
v 0.395928 0.710726 -0.212986
v 0.393001 0.707709 -0.246499
v 0.393001 0.707709 -0.212986
v 0.392955 0.710681 -0.246499
v 0.392955 0.710681 -0.212986
v 0.396318 0.709246 -0.246499
v 0.396318 0.709246 -0.212986
v 0.392610 0.709189 -0.246499
v 0.392610 0.709189 -0.212986
v 0.394436 0.711072 -0.246499
v 0.394436 0.711072 -0.212986
v 0.394492 0.707363 -0.246499
v 0.394492 0.707363 -0.212986
v 0.394464 0.709217 -0.212986
v 0.394464 0.709217 -0.246499
v 0.394370 0.719979 -0.245430
v 0.394370 0.719979 -0.214347
v 0.392390 0.722177 -0.245430
v 0.392390 0.722177 -0.214347
v 0.392172 0.718000 -0.245430
v 0.392172 0.718000 -0.214347
v 0.390192 0.720198 -0.245430
v 0.390192 0.720198 -0.214347
v 0.393652 0.721323 -0.245430
v 0.393652 0.721323 -0.214347
v 0.390910 0.718854 -0.245430
v 0.390910 0.718854 -0.214347
v 0.391046 0.721460 -0.245430
v 0.391046 0.721460 -0.214347
v 0.393516 0.718717 -0.245430
v 0.393516 0.718717 -0.214347
v 0.392281 0.720088 -0.214347
v 0.392281 0.720088 -0.245430
v 0.384455 0.730990 -0.245430
v 0.384455 0.730990 -0.214347
v 0.382476 0.733188 -0.245430
v 0.382476 0.733188 -0.214347
v 0.382257 0.729011 -0.245430
v 0.382257 0.729011 -0.214347
v 0.380278 0.731209 -0.245430
v 0.380278 0.731209 -0.214347
v 0.383738 0.732334 -0.245430
v 0.383738 0.732334 -0.214347
v 0.380995 0.729864 -0.245430
v 0.380995 0.729864 -0.214347
v 0.381132 0.732471 -0.245430
v 0.381132 0.732471 -0.214347
v 0.383602 0.729728 -0.245430
v 0.383602 0.729728 -0.214347
v 0.382367 0.731099 -0.214347
v 0.382367 0.731099 -0.245430
v 0.374541 0.742001 -0.245430
v 0.374541 0.742001 -0.214347
v 0.372562 0.744199 -0.245430
v 0.372562 0.744199 -0.214347
v 0.372343 0.740021 -0.245430
v 0.372343 0.740021 -0.214347
v 0.370364 0.742220 -0.245430
v 0.370364 0.742220 -0.214347
v 0.373824 0.743345 -0.245430
v 0.373824 0.743345 -0.214347
v 0.371081 0.740875 -0.245430
v 0.371081 0.740875 -0.214347
v 0.371218 0.743481 -0.245430
v 0.371218 0.743481 -0.214347
v 0.373687 0.740739 -0.245430
v 0.373687 0.740739 -0.214347
v 0.372453 0.742110 -0.214347
v 0.372453 0.742110 -0.245430
v 0.364627 0.753011 -0.245430
v 0.364627 0.753011 -0.214347
v 0.362648 0.755210 -0.245430
v 0.362648 0.755210 -0.214347
v 0.362429 0.751032 -0.245430
v 0.362429 0.751032 -0.214347
v 0.360450 0.753230 -0.245430
v 0.360450 0.753230 -0.214347
v 0.363910 0.754356 -0.245430
v 0.363910 0.754356 -0.214347
v 0.361167 0.751886 -0.245430
v 0.361167 0.751886 -0.214347
v 0.361304 0.754492 -0.245430
v 0.361304 0.754492 -0.214347
v 0.363773 0.751749 -0.245430
v 0.363773 0.751749 -0.214347
v 0.362538 0.753121 -0.214347
v 0.362538 0.753121 -0.245430
v 0.354713 0.764022 -0.245430
v 0.354713 0.764022 -0.214347
v 0.352734 0.766220 -0.245430
v 0.352734 0.766220 -0.214347
v 0.352515 0.762043 -0.245430
v 0.352515 0.762043 -0.214347
v 0.350536 0.764241 -0.245430
v 0.350536 0.764241 -0.214347
v 0.353996 0.765367 -0.245430
v 0.353996 0.765367 -0.214347
v 0.351253 0.762897 -0.245430
v 0.351253 0.762897 -0.214347
v 0.351389 0.765503 -0.245430
v 0.351389 0.765503 -0.214347
v 0.353859 0.762760 -0.245430
v 0.353859 0.762760 -0.214347
v 0.352624 0.764132 -0.214347
v 0.352624 0.764132 -0.245430
v 0.344799 0.775033 -0.245430
v 0.344799 0.775033 -0.214347
v 0.342819 0.777231 -0.245430
v 0.342819 0.777231 -0.214347
v 0.342601 0.773054 -0.245430
v 0.342601 0.773054 -0.214347
v 0.340621 0.775252 -0.245430
v 0.340621 0.775252 -0.214347
v 0.344081 0.776377 -0.245430
v 0.344081 0.776377 -0.214347
v 0.341339 0.773908 -0.245430
v 0.341339 0.773908 -0.214347
v 0.341475 0.776514 -0.245430
v 0.341475 0.776514 -0.214347
v 0.343945 0.773771 -0.245430
v 0.343945 0.773771 -0.214347
v 0.342710 0.775143 -0.214347
v 0.342710 0.775143 -0.245430
v 0.400345 0.721853 -0.209816
v 0.342494 0.786103 -0.209816
v 0.400345 0.721853 -0.214428
v 0.342494 0.786103 -0.214428
v 0.389769 0.712330 -0.209816
v 0.331918 0.776580 -0.209816
v 0.389769 0.712330 -0.214428
v 0.331918 0.776580 -0.214428
v 0.400345 0.721853 -0.245879
v 0.342494 0.786103 -0.245879
v 0.400345 0.721853 -0.250491
v 0.342494 0.786103 -0.250491
v 0.389769 0.712330 -0.245879
v 0.331918 0.776580 -0.245879
v 0.389769 0.712330 -0.250491
v 0.331918 0.776580 -0.250491
v 0.336519 0.784229 -0.245430
v 0.336519 0.784229 -0.214347
v 0.334539 0.786427 -0.245430
v 0.334539 0.786427 -0.214347
v 0.334321 0.782250 -0.245430
v 0.334321 0.782250 -0.214347
v 0.332341 0.784448 -0.245430
v 0.332341 0.784448 -0.214347
v 0.335801 0.785573 -0.245430
v 0.335801 0.785573 -0.214347
v 0.333059 0.783104 -0.245430
v 0.333059 0.783104 -0.214347
v 0.333195 0.785710 -0.245430
v 0.333195 0.785710 -0.214347
v 0.335665 0.782967 -0.245430
v 0.335665 0.782967 -0.214347
v 0.334430 0.784338 -0.214347
v 0.334430 0.784338 -0.245430
v 0.326604 0.795240 -0.245430
v 0.326604 0.795240 -0.214347
v 0.324625 0.797438 -0.245430
v 0.324625 0.797438 -0.214347
v 0.324406 0.793261 -0.245430
v 0.324406 0.793261 -0.214347
v 0.322427 0.795459 -0.245430
v 0.322427 0.795459 -0.214347
v 0.325887 0.796584 -0.245430
v 0.325887 0.796584 -0.214347
v 0.323144 0.794114 -0.245430
v 0.323144 0.794114 -0.214347
v 0.323281 0.796721 -0.245430
v 0.323281 0.796721 -0.214347
v 0.325751 0.793978 -0.245430
v 0.325751 0.793978 -0.214347
v 0.324516 0.795349 -0.214347
v 0.324516 0.795349 -0.245430
v 0.316690 0.806251 -0.245430
v 0.316690 0.806251 -0.214347
v 0.314711 0.808449 -0.245430
v 0.314711 0.808449 -0.214347
v 0.314492 0.804271 -0.245430
v 0.314492 0.804271 -0.214347
v 0.312513 0.806470 -0.245430
v 0.312513 0.806470 -0.214347
v 0.315973 0.807595 -0.245430
v 0.315973 0.807595 -0.214347
v 0.313230 0.805125 -0.245430
v 0.313230 0.805125 -0.214347
v 0.313367 0.807732 -0.245430
v 0.313367 0.807732 -0.214347
v 0.315836 0.804989 -0.245430
v 0.315836 0.804989 -0.214347
v 0.314602 0.806360 -0.214347
v 0.314602 0.806360 -0.245430
v 0.306776 0.817262 -0.245430
v 0.306776 0.817262 -0.214347
v 0.304797 0.819460 -0.245430
v 0.304797 0.819460 -0.214347
v 0.304578 0.815282 -0.245430
v 0.304578 0.815282 -0.214347
v 0.302599 0.817480 -0.245430
v 0.302599 0.817480 -0.214347
v 0.306059 0.818606 -0.245430
v 0.306059 0.818606 -0.214347
v 0.303316 0.816136 -0.245430
v 0.303316 0.816136 -0.214347
v 0.303453 0.818742 -0.245430
v 0.303453 0.818742 -0.214347
v 0.305922 0.816000 -0.245430
v 0.305922 0.816000 -0.214347
v 0.304687 0.817371 -0.214347
v 0.304687 0.817371 -0.245430
v 0.296862 0.828272 -0.245430
v 0.296862 0.828272 -0.214347
v 0.294883 0.830471 -0.245430
v 0.294883 0.830471 -0.214347
v 0.294664 0.826293 -0.245430
v 0.294664 0.826293 -0.214347
v 0.292684 0.828491 -0.245430
v 0.292684 0.828491 -0.214347
v 0.296145 0.829617 -0.245430
v 0.296145 0.829617 -0.214347
v 0.293402 0.827147 -0.245430
v 0.293402 0.827147 -0.214347
v 0.293538 0.829753 -0.245430
v 0.293538 0.829753 -0.214347
v 0.296008 0.827010 -0.245430
v 0.296008 0.827010 -0.214347
v 0.294773 0.828382 -0.214347
v 0.294773 0.828382 -0.245430
v 0.286948 0.839283 -0.245430
v 0.286948 0.839283 -0.214347
v 0.284968 0.841481 -0.245430
v 0.284968 0.841481 -0.214347
v 0.284749 0.837304 -0.245430
v 0.284749 0.837304 -0.214347
v 0.282770 0.839502 -0.245430
v 0.282770 0.839502 -0.214347
v 0.286230 0.840628 -0.245430
v 0.286230 0.840628 -0.214347
v 0.283487 0.838158 -0.245430
v 0.283487 0.838158 -0.214347
v 0.283624 0.840764 -0.245430
v 0.283624 0.840764 -0.214347
v 0.286094 0.838021 -0.245430
v 0.286094 0.838021 -0.214347
v 0.284859 0.839393 -0.214347
v 0.284859 0.839393 -0.245430
v 0.342494 0.786103 -0.209816
v 0.284643 0.850353 -0.209816
v 0.342494 0.786103 -0.214428
v 0.284643 0.850353 -0.214428
v 0.331918 0.776580 -0.209816
v 0.274067 0.840830 -0.209816
v 0.331918 0.776580 -0.214428
v 0.274067 0.840830 -0.214428
v 0.342494 0.786103 -0.245879
v 0.284643 0.850353 -0.245879
v 0.342494 0.786103 -0.250491
v 0.284643 0.850353 -0.250491
v 0.331918 0.776580 -0.245879
v 0.274067 0.840830 -0.245879
v 0.331918 0.776580 -0.250491
v 0.274067 0.840830 -0.250491
v 0.402355 0.564899 -0.209816
v 0.402355 0.564899 -0.214428
v 0.391779 0.565057 -0.209816
v 0.391779 0.565057 -0.214428
v 0.402355 0.564899 -0.245879
v 0.402355 0.564899 -0.250491
v 0.391779 0.565057 -0.245879
v 0.391779 0.565057 -0.250491
vn 0.9669 0.2552 -0.0000
vn -0.2552 0.9669 -0.0000
vn -0.9669 -0.2552 -0.0000
vn 0.2552 -0.9669 -0.0000
vn -0.0000 -0.0000 -1.0000
vn -0.0000 -0.0000 1.0000
vn -0.9742 0.2258 -0.0000
vn 0.9742 -0.2258 -0.0000
vn -0.2258 -0.9742 -0.0000
vn 0.2258 0.9742 -0.0000
vn 0.5604 0.8282 -0.0000
vn -0.8282 0.5604 -0.0000
vn -0.5604 -0.8282 -0.0000
vn 0.8282 -0.5604 -0.0000
vn -0.8823 -0.4707 -0.0000
vn 0.8823 0.4707 -0.0000
vn 0.4707 -0.8823 -0.0000
vn -0.4707 0.8823 -0.0000
vn 0.7431 0.6691 -0.0000
vn -0.7431 -0.6691 -0.0000
vn -0.6691 0.7431 -0.0000
vn -0.9999 -0.0137 -0.0000
vn 0.4708 -0.8823 -0.0000
vn 0.6691 -0.7431 -0.0000
vn -0.0150 -0.9999 -0.0000
vn 0.9999 0.0128 -0.0000
vt 0.375000 0.125000
vt 0.625000 0.125000
vt 0.625000 0.250000
vt 0.375000 0.250000
vt 0.375000 0.375000
vt 0.625000 0.375000
vt 0.625000 0.500000
vt 0.375000 0.500000
vt 0.375000 0.625000
vt 0.625000 0.625000
vt 0.625000 0.750000
vt 0.375000 0.750000
vt 0.375000 0.875000
vt 0.625000 0.875000
vt 0.625000 1.000000
vt 0.375000 1.000000
vt 0.250000 0.625000
vt 0.250000 0.750000
vt 0.750000 0.625000
vt 0.875000 0.625000
vt 0.875000 0.750000
vt 0.750000 0.750000
vt 0.750000 0.500000
vt 0.875000 0.500000
vt 0.250000 0.500000
vt 0.375000 0.000000
vt 0.625000 0.000000
vt 0.125000 0.500000
vt 0.125000 0.625000
vt 0.125000 0.750000
s 0
usemtl 
f 854/394/534 848/397/534 849/396/534 855/395/534
f 858/398/535 852/401/535 853/400/535 859/399/535
f 856/402/536 850/405/536 851/404/536 857/403/536
f 860/406/537 846/409/537 847/408/537 861/407/537
f 863/410/538 860/411/538 850/405/538 856/402/538
f 862/412/539 861/415/539 847/414/539 855/413/539
f 859/416/539 862/412/539 855/413/539 849/417/539
f 858/418/538 863/410/538 856/402/538 852/401/538
f 852/401/540 856/402/540 857/403/540 853/400/540
f 846/419/541 854/394/541 855/395/541 847/420/541
f 848/421/538 854/422/538 863/410/538 858/418/538
f 853/400/539 857/403/539 862/412/539 859/416/539
f 857/403/539 851/404/539 861/415/539 862/412/539
f 854/422/538 846/423/538 860/411/538 863/410/538
f 850/405/542 860/406/542 861/407/542 851/404/542
f 848/397/543 858/398/543 859/399/543 849/396/543
f 872/394/534 866/397/534 867/396/534 873/395/534
f 876/398/535 870/401/535 871/400/535 877/399/535
f 874/402/536 868/405/536 869/404/536 875/403/536
f 878/406/537 864/409/537 865/408/537 879/407/537
f 881/410/538 878/411/538 868/405/538 874/402/538
f 880/412/539 879/415/539 865/414/539 873/413/539
f 877/416/539 880/412/539 873/413/539 867/417/539
f 876/418/538 881/410/538 874/402/538 870/401/538
f 870/401/540 874/402/540 875/403/540 871/400/540
f 864/419/541 872/394/541 873/395/541 865/420/541
f 866/421/538 872/422/538 881/410/538 876/418/538
f 871/400/539 875/403/539 880/412/539 877/416/539
f 875/403/539 869/404/539 879/415/539 880/412/539
f 872/422/538 864/423/538 878/411/538 881/410/538
f 868/405/542 878/406/542 879/407/542 869/404/542
f 866/397/543 876/398/543 877/399/543 867/396/543
f 890/394/534 884/397/534 885/396/534 891/395/534
f 894/398/535 888/401/535 889/400/535 895/399/535
f 892/402/536 886/405/536 887/404/536 893/403/536
f 896/406/537 882/409/537 883/408/537 897/407/537
f 899/410/538 896/411/538 886/405/538 892/402/538
f 898/412/539 897/415/539 883/414/539 891/413/539
f 895/416/539 898/412/539 891/413/539 885/417/539
f 894/418/538 899/410/538 892/402/538 888/401/538
f 888/401/540 892/402/540 893/403/540 889/400/540
f 882/419/541 890/394/541 891/395/541 883/420/541
f 884/421/538 890/422/538 899/410/538 894/418/538
f 889/400/539 893/403/539 898/412/539 895/416/539
f 893/403/539 887/404/539 897/415/539 898/412/539
f 890/422/538 882/423/538 896/411/538 899/410/538
f 886/405/542 896/406/542 897/407/542 887/404/542
f 884/397/543 894/398/543 895/399/543 885/396/543
f 908/394/534 902/397/534 903/396/534 909/395/534
f 912/398/535 906/401/535 907/400/535 913/399/535
f 910/402/536 904/405/536 905/404/536 911/403/536
f 914/406/537 900/409/537 901/408/537 915/407/537
f 917/410/538 914/411/538 904/405/538 910/402/538
f 916/412/539 915/415/539 901/414/539 909/413/539
f 913/416/539 916/412/539 909/413/539 903/417/539
f 912/418/538 917/410/538 910/402/538 906/401/538
f 906/401/540 910/402/540 911/403/540 907/400/540
f 900/419/541 908/394/541 909/395/541 901/420/541
f 902/421/538 908/422/538 917/410/538 912/418/538
f 907/400/539 911/403/539 916/412/539 913/416/539
f 911/403/539 905/404/539 915/415/539 916/412/539
f 908/422/538 900/423/538 914/411/538 917/410/538
f 904/405/542 914/406/542 915/407/542 905/404/542
f 902/397/543 912/398/543 913/399/543 903/396/543
f 926/394/534 920/397/534 921/396/534 927/395/534
f 930/398/535 924/401/535 925/400/535 931/399/535
f 928/402/536 922/405/536 923/404/536 929/403/536
f 932/406/537 918/409/537 919/408/537 933/407/537
f 935/410/538 932/411/538 922/405/538 928/402/538
f 934/412/539 933/415/539 919/414/539 927/413/539
f 931/416/539 934/412/539 927/413/539 921/417/539
f 930/418/538 935/410/538 928/402/538 924/401/538
f 924/401/540 928/402/540 929/403/540 925/400/540
f 918/419/541 926/394/541 927/395/541 919/420/541
f 920/421/538 926/422/538 935/410/538 930/418/538
f 925/400/539 929/403/539 934/412/539 931/416/539
f 929/403/539 923/404/539 933/415/539 934/412/539
f 926/422/538 918/423/538 932/411/538 935/410/538
f 922/405/542 932/406/542 933/407/542 923/404/542
f 920/397/543 930/398/543 931/399/543 921/396/543
f 944/394/534 938/397/534 939/396/534 945/395/534
f 948/398/535 942/401/535 943/400/535 949/399/535
f 946/402/536 940/405/536 941/404/536 947/403/536
f 950/406/537 936/409/537 937/408/537 951/407/537
f 953/410/538 950/411/538 940/405/538 946/402/538
f 952/412/539 951/415/539 937/414/539 945/413/539
f 949/416/539 952/412/539 945/413/539 939/417/539
f 948/418/538 953/410/538 946/402/538 942/401/538
f 942/401/540 946/402/540 947/403/540 943/400/540
f 936/419/541 944/394/541 945/395/541 937/420/541
f 938/421/538 944/422/538 953/410/538 948/418/538
f 943/400/539 947/403/539 952/412/539 949/416/539
f 947/403/539 941/404/539 951/415/539 952/412/539
f 944/422/538 936/423/538 950/411/538 953/410/538
f 940/405/542 950/406/542 951/407/542 941/404/542
f 938/397/543 948/398/543 949/399/543 939/396/543
f 962/394/534 956/397/534 957/396/534 963/395/534
f 966/398/535 960/401/535 961/400/535 967/399/535
f 964/402/536 958/405/536 959/404/536 965/403/536
f 968/406/537 954/409/537 955/408/537 969/407/537
f 971/410/538 968/411/538 958/405/538 964/402/538
f 970/412/539 969/415/539 955/414/539 963/413/539
f 967/416/539 970/412/539 963/413/539 957/417/539
f 966/418/538 971/410/538 964/402/538 960/401/538
f 960/401/540 964/402/540 965/403/540 961/400/540
f 954/419/541 962/394/541 963/395/541 955/420/541
f 956/421/538 962/422/538 971/410/538 966/418/538
f 961/400/539 965/403/539 970/412/539 967/416/539
f 965/403/539 959/404/539 969/415/539 970/412/539
f 962/422/538 954/423/538 968/411/538 971/410/538
f 958/405/542 968/406/542 969/407/542 959/404/542
f 956/397/543 966/398/543 967/399/543 957/396/543
f 980/394/534 974/397/534 975/396/534 981/395/534
f 984/398/535 978/401/535 979/400/535 985/399/535
f 982/402/536 976/405/536 977/404/536 983/403/536
f 986/406/537 972/409/537 973/408/537 987/407/537
f 989/410/538 986/411/538 976/405/538 982/402/538
f 988/412/539 987/415/539 973/414/539 981/413/539
f 985/416/539 988/412/539 981/413/539 975/417/539
f 984/418/538 989/410/538 982/402/538 978/401/538
f 978/401/540 982/402/540 983/403/540 979/400/540
f 972/419/541 980/394/541 981/395/541 973/420/541
f 974/421/538 980/422/538 989/410/538 984/418/538
f 979/400/539 983/403/539 988/412/539 985/416/539
f 983/403/539 977/404/539 987/415/539 988/412/539
f 980/422/538 972/423/538 986/411/538 989/410/538
f 976/405/542 986/406/542 987/407/542 977/404/542
f 974/397/543 984/398/543 985/399/543 975/396/543
f 998/394/534 992/397/534 993/396/534 999/395/534
f 1002/398/535 996/401/535 997/400/535 1003/399/535
f 1000/402/536 994/405/536 995/404/536 1001/403/536
f 1004/406/537 990/409/537 991/408/537 1005/407/537
f 1007/410/538 1004/411/538 994/405/538 1000/402/538
f 1006/412/539 1005/415/539 991/414/539 999/413/539
f 1003/416/539 1006/412/539 999/413/539 993/417/539
f 1002/418/538 1007/410/538 1000/402/538 996/401/538
f 996/401/540 1000/402/540 1001/403/540 997/400/540
f 990/419/541 998/394/541 999/395/541 991/420/541
f 992/421/538 998/422/538 1007/410/538 1002/418/538
f 997/400/539 1001/403/539 1006/412/539 1003/416/539
f 1001/403/539 995/404/539 1005/415/539 1006/412/539
f 998/422/538 990/423/538 1004/411/538 1007/410/538
f 994/405/542 1004/406/542 1005/407/542 995/404/542
f 992/397/543 1002/398/543 1003/399/543 993/396/543
f 1016/394/534 1010/397/534 1011/396/534 1017/395/534
f 1020/398/535 1014/401/535 1015/400/535 1021/399/535
f 1018/402/536 1012/405/536 1013/404/536 1019/403/536
f 1022/406/537 1008/409/537 1009/408/537 1023/407/537
f 1025/410/538 1022/411/538 1012/405/538 1018/402/538
f 1024/412/539 1023/415/539 1009/414/539 1017/413/539
f 1021/416/539 1024/412/539 1017/413/539 1011/417/539
f 1020/418/538 1025/410/538 1018/402/538 1014/401/538
f 1014/401/540 1018/402/540 1019/403/540 1015/400/540
f 1008/419/541 1016/394/541 1017/395/541 1009/420/541
f 1010/421/538 1016/422/538 1025/410/538 1020/418/538
f 1015/400/539 1019/403/539 1024/412/539 1021/416/539
f 1019/403/539 1013/404/539 1023/415/539 1024/412/539
f 1016/422/538 1008/423/538 1022/411/538 1025/410/538
f 1012/405/542 1022/406/542 1023/407/542 1013/404/542
f 1010/397/543 1020/398/543 1021/399/543 1011/396/543
f 1034/394/534 1028/397/534 1029/396/534 1035/395/534
f 1038/398/535 1032/401/535 1033/400/535 1039/399/535
f 1036/402/536 1030/405/536 1031/404/536 1037/403/536
f 1040/406/537 1026/409/537 1027/408/537 1041/407/537
f 1043/410/538 1040/411/538 1030/405/538 1036/402/538
f 1042/412/539 1041/415/539 1027/414/539 1035/413/539
f 1039/416/539 1042/412/539 1035/413/539 1029/417/539
f 1038/418/538 1043/410/538 1036/402/538 1032/401/538
f 1032/401/540 1036/402/540 1037/403/540 1033/400/540
f 1026/419/541 1034/394/541 1035/395/541 1027/420/541
f 1028/421/538 1034/422/538 1043/410/538 1038/418/538
f 1033/400/539 1037/403/539 1042/412/539 1039/416/539
f 1037/403/539 1031/404/539 1041/415/539 1042/412/539
f 1034/422/538 1026/423/538 1040/411/538 1043/410/538
f 1030/405/542 1040/406/542 1041/407/542 1031/404/542
f 1028/397/543 1038/398/543 1039/399/543 1029/396/543
f 1052/394/534 1046/397/534 1047/396/534 1053/395/534
f 1056/398/535 1050/401/535 1051/400/535 1057/399/535
f 1054/402/536 1048/405/536 1049/404/536 1055/403/536
f 1058/406/537 1044/409/537 1045/408/537 1059/407/537
f 1061/410/538 1058/411/538 1048/405/538 1054/402/538
f 1060/412/539 1059/415/539 1045/414/539 1053/413/539
f 1057/416/539 1060/412/539 1053/413/539 1047/417/539
f 1056/418/538 1061/410/538 1054/402/538 1050/401/538
f 1050/401/540 1054/402/540 1055/403/540 1051/400/540
f 1044/419/541 1052/394/541 1053/395/541 1045/420/541
f 1046/421/538 1052/422/538 1061/410/538 1056/418/538
f 1051/400/539 1055/403/539 1060/412/539 1057/416/539
f 1055/403/539 1049/404/539 1059/415/539 1060/412/539
f 1052/422/538 1044/423/538 1058/411/538 1061/410/538
f 1048/405/542 1058/406/542 1059/407/542 1049/404/542
f 1046/397/543 1056/398/543 1057/399/543 1047/396/543
f 1070/394/544 1064/397/544 1065/396/544 1071/395/544
f 1074/398/545 1068/401/545 1069/400/545 1075/399/545
f 1072/402/546 1066/405/546 1067/404/546 1073/403/546
f 1076/406/547 1062/409/547 1063/408/547 1077/407/547
f 1079/410/538 1076/411/538 1066/405/538 1072/402/538
f 1078/412/539 1077/415/539 1063/414/539 1071/413/539
f 1075/416/539 1078/412/539 1071/413/539 1065/417/539
f 1074/418/538 1079/410/538 1072/402/538 1068/401/538
f 1068/401/548 1072/402/548 1073/403/548 1069/400/548
f 1062/419/549 1070/394/549 1071/395/549 1063/420/549
f 1064/421/538 1070/422/538 1079/410/538 1074/418/538
f 1069/400/539 1073/403/539 1078/412/539 1075/416/539
f 1073/403/539 1067/404/539 1077/415/539 1078/412/539
f 1070/422/538 1062/423/538 1076/411/538 1079/410/538
f 1066/405/550 1076/406/550 1077/407/550 1067/404/550
f 1064/397/551 1074/398/551 1075/399/551 1065/396/551
f 1088/394/544 1082/397/544 1083/396/544 1089/395/544
f 1092/398/545 1086/401/545 1087/400/545 1093/399/545
f 1090/402/546 1084/405/546 1085/404/546 1091/403/546
f 1094/406/547 1080/409/547 1081/408/547 1095/407/547
f 1097/410/538 1094/411/538 1084/405/538 1090/402/538
f 1096/412/539 1095/415/539 1081/414/539 1089/413/539
f 1093/416/539 1096/412/539 1089/413/539 1083/417/539
f 1092/418/538 1097/410/538 1090/402/538 1086/401/538
f 1086/401/548 1090/402/548 1091/403/548 1087/400/548
f 1080/419/549 1088/394/549 1089/395/549 1081/420/549
f 1082/421/538 1088/422/538 1097/410/538 1092/418/538
f 1087/400/539 1091/403/539 1096/412/539 1093/416/539
f 1091/403/539 1085/404/539 1095/415/539 1096/412/539
f 1088/422/538 1080/423/538 1094/411/538 1097/410/538
f 1084/405/550 1094/406/550 1095/407/550 1085/404/550
f 1082/397/551 1092/398/551 1093/399/551 1083/396/551
f 1106/394/544 1100/397/544 1101/396/544 1107/395/544
f 1110/398/545 1104/401/545 1105/400/545 1111/399/545
f 1108/402/546 1102/405/546 1103/404/546 1109/403/546
f 1112/406/547 1098/409/547 1099/408/547 1113/407/547
f 1115/410/538 1112/411/538 1102/405/538 1108/402/538
f 1114/412/539 1113/415/539 1099/414/539 1107/413/539
f 1111/416/539 1114/412/539 1107/413/539 1101/417/539
f 1110/418/538 1115/410/538 1108/402/538 1104/401/538
f 1104/401/548 1108/402/548 1109/403/548 1105/400/548
f 1098/419/549 1106/394/549 1107/395/549 1099/420/549
f 1100/421/538 1106/422/538 1115/410/538 1110/418/538
f 1105/400/539 1109/403/539 1114/412/539 1111/416/539
f 1109/403/539 1103/404/539 1113/415/539 1114/412/539
f 1106/422/538 1098/423/538 1112/411/538 1115/410/538
f 1102/405/550 1112/406/550 1113/407/550 1103/404/550
f 1100/397/551 1110/398/551 1111/399/551 1101/396/551
f 1124/394/544 1118/397/544 1119/396/544 1125/395/544
f 1128/398/545 1122/401/545 1123/400/545 1129/399/545
f 1126/402/546 1120/405/546 1121/404/546 1127/403/546
f 1130/406/547 1116/409/547 1117/408/547 1131/407/547
f 1133/410/538 1130/411/538 1120/405/538 1126/402/538
f 1132/412/539 1131/415/539 1117/414/539 1125/413/539
f 1129/416/539 1132/412/539 1125/413/539 1119/417/539
f 1128/418/538 1133/410/538 1126/402/538 1122/401/538
f 1122/401/548 1126/402/548 1127/403/548 1123/400/548
f 1116/419/549 1124/394/549 1125/395/549 1117/420/549
f 1118/421/538 1124/422/538 1133/410/538 1128/418/538
f 1123/400/539 1127/403/539 1132/412/539 1129/416/539
f 1127/403/539 1121/404/539 1131/415/539 1132/412/539
f 1124/422/538 1116/423/538 1130/411/538 1133/410/538
f 1120/405/550 1130/406/550 1131/407/550 1121/404/550
f 1118/397/551 1128/398/551 1129/399/551 1119/396/551
f 1142/394/544 1136/397/544 1137/396/544 1143/395/544
f 1146/398/545 1140/401/545 1141/400/545 1147/399/545
f 1144/402/546 1138/405/546 1139/404/546 1145/403/546
f 1148/406/547 1134/409/547 1135/408/547 1149/407/547
f 1151/410/538 1148/411/538 1138/405/538 1144/402/538
f 1150/412/539 1149/415/539 1135/414/539 1143/413/539
f 1147/416/539 1150/412/539 1143/413/539 1137/417/539
f 1146/418/538 1151/410/538 1144/402/538 1140/401/538
f 1140/401/548 1144/402/548 1145/403/548 1141/400/548
f 1134/419/549 1142/394/549 1143/395/549 1135/420/549
f 1136/421/538 1142/422/538 1151/410/538 1146/418/538
f 1141/400/539 1145/403/539 1150/412/539 1147/416/539
f 1145/403/539 1139/404/539 1149/415/539 1150/412/539
f 1142/422/538 1134/423/538 1148/411/538 1151/410/538
f 1138/405/550 1148/406/550 1149/407/550 1139/404/550
f 1136/397/551 1146/398/551 1147/399/551 1137/396/551
f 1160/394/544 1154/397/544 1155/396/544 1161/395/544
f 1164/398/545 1158/401/545 1159/400/545 1165/399/545
f 1162/402/546 1156/405/546 1157/404/546 1163/403/546
f 1166/406/547 1152/409/547 1153/408/547 1167/407/547
f 1169/410/538 1166/411/538 1156/405/538 1162/402/538
f 1168/412/539 1167/415/539 1153/414/539 1161/413/539
f 1165/416/539 1168/412/539 1161/413/539 1155/417/539
f 1164/418/538 1169/410/538 1162/402/538 1158/401/538
f 1158/401/548 1162/402/548 1163/403/548 1159/400/548
f 1152/419/549 1160/394/549 1161/395/549 1153/420/549
f 1154/421/538 1160/422/538 1169/410/538 1164/418/538
f 1159/400/539 1163/403/539 1168/412/539 1165/416/539
f 1163/403/539 1157/404/539 1167/415/539 1168/412/539
f 1160/422/538 1152/423/538 1166/411/538 1169/410/538
f 1156/405/550 1166/406/550 1167/407/550 1157/404/550
f 1154/397/551 1164/398/551 1165/399/551 1155/396/551
f 1170/419/552 1172/397/552 1173/396/552 1171/420/552
f 1172/397/538 1176/401/538 1177/400/538 1173/396/538
f 1176/401/553 1174/405/553 1175/404/553 1177/400/553
f 1174/405/539 1170/409/539 1171/408/539 1175/404/539
f 1172/397/538 1311/397/538 1313/401/538 1176/401/538
f 1177/400/554 1175/404/554 1171/414/554 1173/417/554
f 1178/419/552 1180/397/552 1181/396/552 1179/420/552
f 1180/397/538 1184/401/538 1185/400/538 1181/396/538
f 1184/401/553 1182/405/553 1183/404/553 1185/400/553
f 1182/405/539 1178/409/539 1179/408/539 1183/404/539
f 1184/401/555 1317/401/555 1316/405/555 1182/405/555
f 1185/400/554 1183/404/554 1179/414/554 1181/417/554
f 1194/394/544 1188/397/544 1189/396/544 1195/395/544
f 1198/398/545 1192/401/545 1193/400/545 1199/399/545
f 1196/402/546 1190/405/546 1191/404/546 1197/403/546
f 1200/406/547 1186/409/547 1187/408/547 1201/407/547
f 1203/410/538 1200/411/538 1190/405/538 1196/402/538
f 1202/412/539 1201/415/539 1187/414/539 1195/413/539
f 1199/416/539 1202/412/539 1195/413/539 1189/417/539
f 1198/418/538 1203/410/538 1196/402/538 1192/401/538
f 1192/401/548 1196/402/548 1197/403/548 1193/400/548
f 1186/419/549 1194/394/549 1195/395/549 1187/420/549
f 1188/421/538 1194/422/538 1203/410/538 1198/418/538
f 1193/400/539 1197/403/539 1202/412/539 1199/416/539
f 1197/403/539 1191/404/539 1201/415/539 1202/412/539
f 1194/422/538 1186/423/538 1200/411/538 1203/410/538
f 1190/405/550 1200/406/550 1201/407/550 1191/404/550
f 1188/397/551 1198/398/551 1199/399/551 1189/396/551
f 1212/394/544 1206/397/544 1207/396/544 1213/395/544
f 1216/398/545 1210/401/545 1211/400/545 1217/399/545
f 1214/402/546 1208/405/546 1209/404/546 1215/403/546
f 1218/406/547 1204/409/547 1205/408/547 1219/407/547
f 1221/410/538 1218/411/538 1208/405/538 1214/402/538
f 1220/412/539 1219/415/539 1205/414/539 1213/413/539
f 1217/416/539 1220/412/539 1213/413/539 1207/417/539
f 1216/418/538 1221/410/538 1214/402/538 1210/401/538
f 1210/401/548 1214/402/548 1215/403/548 1211/400/548
f 1204/419/549 1212/394/549 1213/395/549 1205/420/549
f 1206/421/538 1212/422/538 1221/410/538 1216/418/538
f 1211/400/539 1215/403/539 1220/412/539 1217/416/539
f 1215/403/539 1209/404/539 1219/415/539 1220/412/539
f 1212/422/538 1204/423/538 1218/411/538 1221/410/538
f 1208/405/556 1218/406/556 1219/407/556 1209/404/556
f 1206/397/551 1216/398/551 1217/399/551 1207/396/551
f 1230/394/544 1224/397/544 1225/396/544 1231/395/544
f 1234/398/545 1228/401/545 1229/400/545 1235/399/545
f 1232/402/546 1226/405/546 1227/404/546 1233/403/546
f 1236/406/547 1222/409/547 1223/408/547 1237/407/547
f 1239/410/538 1236/411/538 1226/405/538 1232/402/538
f 1238/412/539 1237/415/539 1223/414/539 1231/413/539
f 1235/416/539 1238/412/539 1231/413/539 1225/417/539
f 1234/418/538 1239/410/538 1232/402/538 1228/401/538
f 1228/401/548 1232/402/548 1233/403/548 1229/400/548
f 1222/419/549 1230/394/549 1231/395/549 1223/420/549
f 1224/421/538 1230/422/538 1239/410/538 1234/418/538
f 1229/400/539 1233/403/539 1238/412/539 1235/416/539
f 1233/403/539 1227/404/539 1237/415/539 1238/412/539
f 1230/422/538 1222/423/538 1236/411/538 1239/410/538
f 1226/405/550 1236/406/550 1237/407/550 1227/404/550
f 1224/397/551 1234/398/551 1235/399/551 1225/396/551
f 1248/394/544 1242/397/544 1243/396/544 1249/395/544
f 1252/398/545 1246/401/545 1247/400/545 1253/399/545
f 1250/402/546 1244/405/546 1245/404/546 1251/403/546
f 1254/406/547 1240/409/547 1241/408/547 1255/407/547
f 1257/410/538 1254/411/538 1244/405/538 1250/402/538
f 1256/412/539 1255/415/539 1241/414/539 1249/413/539
f 1253/416/539 1256/412/539 1249/413/539 1243/417/539
f 1252/418/538 1257/410/538 1250/402/538 1246/401/538
f 1246/401/548 1250/402/548 1251/403/548 1247/400/548
f 1240/419/549 1248/394/549 1249/395/549 1241/420/549
f 1242/421/538 1248/422/538 1257/410/538 1252/418/538
f 1247/400/539 1251/403/539 1256/412/539 1253/416/539
f 1251/403/539 1245/404/539 1255/415/539 1256/412/539
f 1248/422/538 1240/423/538 1254/411/538 1257/410/538
f 1244/405/556 1254/406/556 1255/407/556 1245/404/556
f 1242/397/551 1252/398/551 1253/399/551 1243/396/551
f 1266/394/544 1260/397/544 1261/396/544 1267/395/544
f 1270/398/545 1264/401/545 1265/400/545 1271/399/545
f 1268/402/546 1262/405/546 1263/404/546 1269/403/546
f 1272/406/547 1258/409/547 1259/408/547 1273/407/547
f 1275/410/538 1272/411/538 1262/405/538 1268/402/538
f 1274/412/539 1273/415/539 1259/414/539 1267/413/539
f 1271/416/539 1274/412/539 1267/413/539 1261/417/539
f 1270/418/538 1275/410/538 1268/402/538 1264/401/538
f 1264/401/548 1268/402/548 1269/403/548 1265/400/548
f 1258/419/549 1266/394/549 1267/395/549 1259/420/549
f 1260/421/538 1266/422/538 1275/410/538 1270/418/538
f 1265/400/539 1269/403/539 1274/412/539 1271/416/539
f 1269/403/539 1263/404/539 1273/415/539 1274/412/539
f 1266/422/538 1258/423/538 1272/411/538 1275/410/538
f 1262/405/550 1272/406/550 1273/407/550 1263/404/550
f 1260/397/551 1270/398/551 1271/399/551 1261/396/551
f 1284/394/544 1278/397/544 1279/396/544 1285/395/544
f 1288/398/545 1282/401/545 1283/400/545 1289/399/545
f 1286/402/546 1280/405/546 1281/404/546 1287/403/546
f 1290/406/547 1276/409/547 1277/408/547 1291/407/547
f 1293/410/538 1290/411/538 1280/405/538 1286/402/538
f 1292/412/539 1291/415/539 1277/414/539 1285/413/539
f 1289/416/539 1292/412/539 1285/413/539 1279/417/539
f 1288/418/538 1293/410/538 1286/402/538 1282/401/538
f 1282/401/548 1286/402/548 1287/403/548 1283/400/548
f 1276/419/549 1284/394/549 1285/395/549 1277/420/549
f 1278/421/538 1284/422/538 1293/410/538 1288/418/538
f 1283/400/539 1287/403/539 1292/412/539 1289/416/539
f 1287/403/539 1281/404/539 1291/415/539 1292/412/539
f 1284/422/538 1276/423/538 1290/411/538 1293/410/538
f 1280/405/550 1290/406/550 1291/407/550 1281/404/550
f 1278/397/551 1288/398/551 1289/399/551 1279/396/551
f 1294/419/552 1296/397/552 1297/396/552 1295/420/552
f 1296/397/538 1300/401/538 1301/400/538 1297/396/538
f 1300/401/553 1298/405/553 1299/404/553 1301/400/553
f 1298/405/539 1294/409/539 1295/408/539 1299/404/539
f 1296/421/557 1294/423/557 1298/405/557 1300/401/557
f 1301/400/554 1299/404/554 1295/414/554 1297/417/554
f 1302/419/552 1304/397/552 1305/396/552 1303/420/552
f 1304/397/538 1308/401/538 1309/400/538 1305/396/538
f 1308/401/553 1306/405/553 1307/404/553 1309/400/553
f 1306/405/539 1302/409/539 1303/408/539 1307/404/539
f 1304/421/557 1302/423/557 1306/405/557 1308/401/557
f 1309/400/554 1307/404/554 1303/414/554 1305/417/554
f 1311/421/558 1310/423/558 1312/405/558 1313/401/558
f 1315/421/558 1314/423/558 1316/405/558 1317/401/558
f 1182/405/539 1316/405/539 1314/409/539 1178/409/539
f 1170/419/559 1310/419/559 1311/397/559 1172/397/559
f 1176/401/555 1313/401/555 1312/405/555 1174/405/555
f 1180/397/538 1315/397/538 1317/401/538 1184/401/538
f 1178/419/559 1314/419/559 1315/397/559 1180/397/559
f 1174/405/539 1312/405/539 1310/409/539 1170/409/539
o Turret-Sides-Ladder-2
v -0.382333 0.569057 -0.246499
v -0.382333 0.569057 -0.212986
v -0.382288 0.572029 -0.246499
v -0.382288 0.572029 -0.212986
v -0.379361 0.569011 -0.246499
v -0.379361 0.569011 -0.212986
v -0.379316 0.571983 -0.246499
v -0.379316 0.571983 -0.212986
v -0.382679 0.570548 -0.246499
v -0.382679 0.570548 -0.212986
v -0.378971 0.570492 -0.246499
v -0.378971 0.570492 -0.212986
v -0.380797 0.572374 -0.246499
v -0.380797 0.572374 -0.212986
v -0.380853 0.568666 -0.246499
v -0.380853 0.568666 -0.212986
v -0.380825 0.570520 -0.212986
v -0.380825 0.570520 -0.246499
v -0.382142 0.581665 -0.246499
v -0.382142 0.581665 -0.212986
v -0.382097 0.584637 -0.246499
v -0.382097 0.584637 -0.212986
v -0.379170 0.581620 -0.246499
v -0.379170 0.581620 -0.212986
v -0.379125 0.584592 -0.246499
v -0.379125 0.584592 -0.212986
v -0.382488 0.583157 -0.246499
v -0.382488 0.583157 -0.212986
v -0.378779 0.583101 -0.246499
v -0.378779 0.583101 -0.212986
v -0.380605 0.584983 -0.246499
v -0.380605 0.584983 -0.212986
v -0.380662 0.581275 -0.246499
v -0.380662 0.581275 -0.212986
v -0.380633 0.583129 -0.212986
v -0.380633 0.583129 -0.246499
v -0.381951 0.594274 -0.246499
v -0.381951 0.594274 -0.212986
v -0.381905 0.597246 -0.246499
v -0.381905 0.597246 -0.212986
v -0.378979 0.594229 -0.246499
v -0.378979 0.594229 -0.212986
v -0.378933 0.597201 -0.246499
v -0.378933 0.597201 -0.212986
v -0.382296 0.595766 -0.246499
v -0.382296 0.595766 -0.212986
v -0.378588 0.595710 -0.246499
v -0.378588 0.595710 -0.212986
v -0.380414 0.597592 -0.246499
v -0.380414 0.597592 -0.212986
v -0.380470 0.593883 -0.246499
v -0.380470 0.593883 -0.212986
v -0.380442 0.595738 -0.212986
v -0.380442 0.595738 -0.246499
v -0.381759 0.606883 -0.246499
v -0.381759 0.606883 -0.212986
v -0.381714 0.609855 -0.246499
v -0.381714 0.609855 -0.212986
v -0.378787 0.606838 -0.246499
v -0.378787 0.606838 -0.212986
v -0.378742 0.609810 -0.246499
v -0.378742 0.609810 -0.212986
v -0.382105 0.608375 -0.246499
v -0.382105 0.608375 -0.212986
v -0.378396 0.608318 -0.246499
v -0.378396 0.608318 -0.212986
v -0.380222 0.610201 -0.246499
v -0.380222 0.610201 -0.212986
v -0.380279 0.606492 -0.246499
v -0.380279 0.606492 -0.212986
v -0.380251 0.608347 -0.212986
v -0.380251 0.608347 -0.246499
v -0.381568 0.619492 -0.246499
v -0.381568 0.619492 -0.212986
v -0.381523 0.622464 -0.246499
v -0.381523 0.622464 -0.212986
v -0.378596 0.619447 -0.246499
v -0.378596 0.619447 -0.212986
v -0.378551 0.622419 -0.246499
v -0.378551 0.622419 -0.212986
v -0.381914 0.620984 -0.246499
v -0.381914 0.620984 -0.212986
v -0.378205 0.620927 -0.246499
v -0.378205 0.620927 -0.212986
v -0.380031 0.622810 -0.246499
v -0.380031 0.622810 -0.212986
v -0.380087 0.619101 -0.246499
v -0.380087 0.619101 -0.212986
v -0.380059 0.620955 -0.212986
v -0.380059 0.620955 -0.246499
v -0.381376 0.632101 -0.246499
v -0.381376 0.632101 -0.212986
v -0.381331 0.635073 -0.246499
v -0.381331 0.635073 -0.212986
v -0.378404 0.632056 -0.246499
v -0.378404 0.632056 -0.212986
v -0.378359 0.635028 -0.246499
v -0.378359 0.635028 -0.212986
v -0.381722 0.633592 -0.246499
v -0.381722 0.633592 -0.212986
v -0.378014 0.633536 -0.246499
v -0.378014 0.633536 -0.212986
v -0.379840 0.635419 -0.246499
v -0.379840 0.635419 -0.212986
v -0.379896 0.631710 -0.246499
v -0.379896 0.631710 -0.212986
v -0.379868 0.633564 -0.212986
v -0.379868 0.633564 -0.246499
v -0.381185 0.644710 -0.246499
v -0.381185 0.644710 -0.212986
v -0.381140 0.647682 -0.246499
v -0.381140 0.647682 -0.212986
v -0.378213 0.644665 -0.246499
v -0.378213 0.644665 -0.212986
v -0.378168 0.647637 -0.246499
v -0.378168 0.647637 -0.212986
v -0.381531 0.646201 -0.246499
v -0.381531 0.646201 -0.212986
v -0.377822 0.646145 -0.246499
v -0.377822 0.646145 -0.212986
v -0.379648 0.648027 -0.246499
v -0.379648 0.648027 -0.212986
v -0.379705 0.644319 -0.246499
v -0.379705 0.644319 -0.212986
v -0.379676 0.646173 -0.212986
v -0.379676 0.646173 -0.246499
v -0.380994 0.657319 -0.246499
v -0.380994 0.657319 -0.212986
v -0.380949 0.660291 -0.246499
v -0.380949 0.660291 -0.212986
v -0.378022 0.657273 -0.246499
v -0.378022 0.657273 -0.212986
v -0.377977 0.660245 -0.246499
v -0.377977 0.660245 -0.212986
v -0.381339 0.658810 -0.246499
v -0.381339 0.658810 -0.212986
v -0.377631 0.658754 -0.246499
v -0.377631 0.658754 -0.212986
v -0.379457 0.660636 -0.246499
v -0.379457 0.660636 -0.212986
v -0.379513 0.656928 -0.246499
v -0.379513 0.656928 -0.212986
v -0.379485 0.658782 -0.212986
v -0.379485 0.658782 -0.246499
v -0.380802 0.669927 -0.246499
v -0.380802 0.669927 -0.212986
v -0.380757 0.672899 -0.246499
v -0.380757 0.672899 -0.212986
v -0.377830 0.669882 -0.246499
v -0.377830 0.669882 -0.212986
v -0.377785 0.672854 -0.246499
v -0.377785 0.672854 -0.212986
v -0.381148 0.671419 -0.246499
v -0.381148 0.671419 -0.212986
v -0.377439 0.671363 -0.246499
v -0.377439 0.671363 -0.212986
v -0.379266 0.673245 -0.246499
v -0.379266 0.673245 -0.212986
v -0.379322 0.669537 -0.246499
v -0.379322 0.669537 -0.212986
v -0.379294 0.671391 -0.212986
v -0.379294 0.671391 -0.246499
v -0.380611 0.682536 -0.246499
v -0.380611 0.682536 -0.212986
v -0.380566 0.685508 -0.246499
v -0.380566 0.685508 -0.212986
v -0.377639 0.682491 -0.246499
v -0.377639 0.682491 -0.212986
v -0.377594 0.685463 -0.246499
v -0.377594 0.685463 -0.212986
v -0.380957 0.684028 -0.246499
v -0.380957 0.684028 -0.212986
v -0.377248 0.683972 -0.246499
v -0.377248 0.683972 -0.212986
v -0.379074 0.685854 -0.246499
v -0.379074 0.685854 -0.212986
v -0.379130 0.682145 -0.246499
v -0.379130 0.682145 -0.212986
v -0.379102 0.684000 -0.212986
v -0.379102 0.684000 -0.246499
v -0.380419 0.695145 -0.246499
v -0.380419 0.695145 -0.212986
v -0.380374 0.698117 -0.246499
v -0.380374 0.698117 -0.212986
v -0.377447 0.695100 -0.246499
v -0.377447 0.695100 -0.212986
v -0.377402 0.698072 -0.246499
v -0.377402 0.698072 -0.212986
v -0.380765 0.696637 -0.246499
v -0.380765 0.696637 -0.212986
v -0.377057 0.696580 -0.246499
v -0.377057 0.696580 -0.212986
v -0.378883 0.698463 -0.246499
v -0.378883 0.698463 -0.212986
v -0.378939 0.694754 -0.246499
v -0.378939 0.694754 -0.212986
v -0.378911 0.696609 -0.212986
v -0.378911 0.696609 -0.246499
v -0.380228 0.707754 -0.246499
v -0.380228 0.707754 -0.212986
v -0.380183 0.710726 -0.246499
v -0.380183 0.710726 -0.212986
v -0.377256 0.707709 -0.246499
v -0.377256 0.707709 -0.212986
v -0.377211 0.710681 -0.246499
v -0.377211 0.710681 -0.212986
v -0.380574 0.709246 -0.246499
v -0.380574 0.709246 -0.212986
v -0.376865 0.709189 -0.246499
v -0.376865 0.709189 -0.212986
v -0.378691 0.711072 -0.246499
v -0.378691 0.711072 -0.212986
v -0.378748 0.707363 -0.246499
v -0.378748 0.707363 -0.212986
v -0.378720 0.709217 -0.212986
v -0.378720 0.709217 -0.246499
v -0.378625 0.719979 -0.245430
v -0.378625 0.719979 -0.214347
v -0.376646 0.722177 -0.245430
v -0.376646 0.722177 -0.214347
v -0.376427 0.718000 -0.245430
v -0.376427 0.718000 -0.214347
v -0.374448 0.720198 -0.245430
v -0.374448 0.720198 -0.214347
v -0.377908 0.721323 -0.245430
v -0.377908 0.721323 -0.214347
v -0.375165 0.718854 -0.245430
v -0.375165 0.718854 -0.214347
v -0.375302 0.721460 -0.245430
v -0.375302 0.721460 -0.214347
v -0.377771 0.718717 -0.245430
v -0.377771 0.718717 -0.214347
v -0.376536 0.720088 -0.214347
v -0.376536 0.720088 -0.245430
v -0.368711 0.730990 -0.245430
v -0.368711 0.730990 -0.214347
v -0.366732 0.733188 -0.245430
v -0.366732 0.733188 -0.214347
v -0.366513 0.729011 -0.245430
v -0.366513 0.729011 -0.214347
v -0.364534 0.731209 -0.245430
v -0.364534 0.731209 -0.214347
v -0.367994 0.732334 -0.245430
v -0.367994 0.732334 -0.214347
v -0.365251 0.729864 -0.245430
v -0.365251 0.729864 -0.214347
v -0.365387 0.732471 -0.245430
v -0.365387 0.732471 -0.214347
v -0.367857 0.729728 -0.245430
v -0.367857 0.729728 -0.214347
v -0.366622 0.731099 -0.214347
v -0.366622 0.731099 -0.245430
v -0.358797 0.742001 -0.245430
v -0.358797 0.742001 -0.214347
v -0.356818 0.744199 -0.245430
v -0.356818 0.744199 -0.214347
v -0.356599 0.740021 -0.245430
v -0.356599 0.740021 -0.214347
v -0.354619 0.742220 -0.245430
v -0.354619 0.742220 -0.214347
v -0.358079 0.743345 -0.245430
v -0.358079 0.743345 -0.214347
v -0.355337 0.740875 -0.245430
v -0.355337 0.740875 -0.214347
v -0.355473 0.743481 -0.245430
v -0.355473 0.743481 -0.214347
v -0.357943 0.740739 -0.245430
v -0.357943 0.740739 -0.214347
v -0.356708 0.742110 -0.214347
v -0.356708 0.742110 -0.245430
v -0.348883 0.753011 -0.245430
v -0.348883 0.753011 -0.214347
v -0.346903 0.755210 -0.245430
v -0.346903 0.755210 -0.214347
v -0.346684 0.751032 -0.245430
v -0.346684 0.751032 -0.214347
v -0.344705 0.753230 -0.245430
v -0.344705 0.753230 -0.214347
v -0.348165 0.754356 -0.245430
v -0.348165 0.754356 -0.214347
v -0.345422 0.751886 -0.245430
v -0.345422 0.751886 -0.214347
v -0.345559 0.754492 -0.245430
v -0.345559 0.754492 -0.214347
v -0.348029 0.751749 -0.245430
v -0.348029 0.751749 -0.214347
v -0.346794 0.753121 -0.214347
v -0.346794 0.753121 -0.245430
v -0.338968 0.764022 -0.245430
v -0.338968 0.764022 -0.214347
v -0.336989 0.766220 -0.245430
v -0.336989 0.766220 -0.214347
v -0.336770 0.762043 -0.245430
v -0.336770 0.762043 -0.214347
v -0.334791 0.764241 -0.245430
v -0.334791 0.764241 -0.214347
v -0.338251 0.765367 -0.245430
v -0.338251 0.765367 -0.214347
v -0.335508 0.762897 -0.245430
v -0.335508 0.762897 -0.214347
v -0.335645 0.765503 -0.245430
v -0.335645 0.765503 -0.214347
v -0.338114 0.762760 -0.245430
v -0.338114 0.762760 -0.214347
v -0.336880 0.764132 -0.214347
v -0.336880 0.764132 -0.245430
v -0.329054 0.775033 -0.245430
v -0.329054 0.775033 -0.214347
v -0.327075 0.777231 -0.245430
v -0.327075 0.777231 -0.214347
v -0.326856 0.773054 -0.245430
v -0.326856 0.773054 -0.214347
v -0.324877 0.775252 -0.245430
v -0.324877 0.775252 -0.214347
v -0.328337 0.776377 -0.245430
v -0.328337 0.776377 -0.214347
v -0.325594 0.773908 -0.245430
v -0.325594 0.773908 -0.214347
v -0.325731 0.776514 -0.245430
v -0.325731 0.776514 -0.214347
v -0.328200 0.773771 -0.245430
v -0.328200 0.773771 -0.214347
v -0.326965 0.775143 -0.214347
v -0.326965 0.775143 -0.245430
v -0.384600 0.721853 -0.209816
v -0.326749 0.786103 -0.209816
v -0.384600 0.721853 -0.214428
v -0.326749 0.786103 -0.214428
v -0.374024 0.712330 -0.209816
v -0.316173 0.776580 -0.209816
v -0.374024 0.712330 -0.214428
v -0.316173 0.776580 -0.214428
v -0.384600 0.721853 -0.245879
v -0.326749 0.786103 -0.245879
v -0.384600 0.721853 -0.250491
v -0.326749 0.786103 -0.250491
v -0.374024 0.712330 -0.245879
v -0.316173 0.776580 -0.245879
v -0.374024 0.712330 -0.250491
v -0.316173 0.776580 -0.250491
v -0.320774 0.784229 -0.245430
v -0.320774 0.784229 -0.214347
v -0.318795 0.786427 -0.245430
v -0.318795 0.786427 -0.214347
v -0.318576 0.782250 -0.245430
v -0.318576 0.782250 -0.214347
v -0.316597 0.784448 -0.245430
v -0.316597 0.784448 -0.214347
v -0.320057 0.785573 -0.245430
v -0.320057 0.785573 -0.214347
v -0.317314 0.783104 -0.245430
v -0.317314 0.783104 -0.214347
v -0.317451 0.785710 -0.245430
v -0.317451 0.785710 -0.214347
v -0.319920 0.782967 -0.245430
v -0.319920 0.782967 -0.214347
v -0.318685 0.784338 -0.214347
v -0.318685 0.784338 -0.245430
v -0.310860 0.795240 -0.245430
v -0.310860 0.795240 -0.214347
v -0.308881 0.797438 -0.245430
v -0.308881 0.797438 -0.214347
v -0.308662 0.793261 -0.245430
v -0.308662 0.793261 -0.214347
v -0.306683 0.795459 -0.245430
v -0.306683 0.795459 -0.214347
v -0.310143 0.796584 -0.245430
v -0.310143 0.796584 -0.214347
v -0.307400 0.794114 -0.245430
v -0.307400 0.794114 -0.214347
v -0.307536 0.796721 -0.245430
v -0.307536 0.796721 -0.214347
v -0.310006 0.793978 -0.245430
v -0.310006 0.793978 -0.214347
v -0.308771 0.795349 -0.214347
v -0.308771 0.795349 -0.245430
v -0.300946 0.806251 -0.245430
v -0.300946 0.806251 -0.214347
v -0.298966 0.808449 -0.245430
v -0.298966 0.808449 -0.214347
v -0.298748 0.804271 -0.245430
v -0.298748 0.804271 -0.214347
v -0.296768 0.806470 -0.245430
v -0.296768 0.806470 -0.214347
v -0.300228 0.807595 -0.245430
v -0.300228 0.807595 -0.214347
v -0.297486 0.805125 -0.245430
v -0.297486 0.805125 -0.214347
v -0.297622 0.807732 -0.245430
v -0.297622 0.807732 -0.214347
v -0.300092 0.804989 -0.245430
v -0.300092 0.804989 -0.214347
v -0.298857 0.806360 -0.214347
v -0.298857 0.806360 -0.245430
v -0.291031 0.817262 -0.245430
v -0.291031 0.817262 -0.214347
v -0.289052 0.819460 -0.245430
v -0.289052 0.819460 -0.214347
v -0.288833 0.815282 -0.245430
v -0.288833 0.815282 -0.214347
v -0.286854 0.817480 -0.245430
v -0.286854 0.817480 -0.214347
v -0.290314 0.818606 -0.245430
v -0.290314 0.818606 -0.214347
v -0.287571 0.816136 -0.245430
v -0.287571 0.816136 -0.214347
v -0.287708 0.818742 -0.245430
v -0.287708 0.818742 -0.214347
v -0.290178 0.816000 -0.245430
v -0.290178 0.816000 -0.214347
v -0.288943 0.817371 -0.214347
v -0.288943 0.817371 -0.245430
v -0.281117 0.828272 -0.245430
v -0.281117 0.828272 -0.214347
v -0.279138 0.830471 -0.245430
v -0.279138 0.830471 -0.214347
v -0.278919 0.826293 -0.245430
v -0.278919 0.826293 -0.214347
v -0.276940 0.828491 -0.245430
v -0.276940 0.828491 -0.214347
v -0.280400 0.829617 -0.245430
v -0.280400 0.829617 -0.214347
v -0.277657 0.827147 -0.245430
v -0.277657 0.827147 -0.214347
v -0.277794 0.829753 -0.245430
v -0.277794 0.829753 -0.214347
v -0.280263 0.827010 -0.245430
v -0.280263 0.827010 -0.214347
v -0.279029 0.828382 -0.214347
v -0.279029 0.828382 -0.245430
v -0.271203 0.839283 -0.245430
v -0.271203 0.839283 -0.214347
v -0.269224 0.841481 -0.245430
v -0.269224 0.841481 -0.214347
v -0.269005 0.837304 -0.245430
v -0.269005 0.837304 -0.214347
v -0.267026 0.839502 -0.245430
v -0.267026 0.839502 -0.214347
v -0.270486 0.840628 -0.245430
v -0.270486 0.840628 -0.214347
v -0.267743 0.838158 -0.245430
v -0.267743 0.838158 -0.214347
v -0.267880 0.840764 -0.245430
v -0.267880 0.840764 -0.214347
v -0.270349 0.838021 -0.245430
v -0.270349 0.838021 -0.214347
v -0.269114 0.839393 -0.214347
v -0.269114 0.839393 -0.245430
v -0.326749 0.786103 -0.209816
v -0.268898 0.850353 -0.209816
v -0.326749 0.786103 -0.214428
v -0.268898 0.850353 -0.214428
v -0.316173 0.776580 -0.209816
v -0.258322 0.840830 -0.209816
v -0.316173 0.776580 -0.214428
v -0.258322 0.840830 -0.214428
v -0.326749 0.786103 -0.245879
v -0.268898 0.850353 -0.245879
v -0.326749 0.786103 -0.250491
v -0.268898 0.850353 -0.250491
v -0.316173 0.776580 -0.245879
v -0.258322 0.840830 -0.245879
v -0.316173 0.776580 -0.250491
v -0.258322 0.840830 -0.250491
v -0.386611 0.564899 -0.209816
v -0.386611 0.564899 -0.214428
v -0.376035 0.565057 -0.209816
v -0.376035 0.565057 -0.214428
v -0.386611 0.564899 -0.245879
v -0.386611 0.564899 -0.250491
v -0.376035 0.565057 -0.245879
v -0.376035 0.565057 -0.250491
vn -0.9669 0.2552 -0.0000
vn 0.2552 0.9669 -0.0000
vn 0.9669 -0.2552 -0.0000
vn -0.2552 -0.9669 -0.0000
vn -0.0000 -0.0000 -1.0000
vn -0.0000 -0.0000 1.0000
vn 0.9742 0.2258 -0.0000
vn -0.9742 -0.2258 -0.0000
vn 0.2258 -0.9742 -0.0000
vn -0.2258 0.9742 -0.0000
vn -0.5604 0.8282 -0.0000
vn 0.8282 0.5604 -0.0000
vn 0.5604 -0.8282 -0.0000
vn -0.8282 -0.5604 -0.0000
vn 0.8823 -0.4707 -0.0000
vn -0.8823 0.4707 -0.0000
vn -0.4707 -0.8823 -0.0000
vn 0.4707 0.8823 -0.0000
vn -0.7431 0.6691 -0.0000
vn 0.7431 -0.6691 -0.0000
vn 0.6691 0.7431 -0.0000
vn 0.9999 -0.0137 -0.0000
vn -0.4708 -0.8823 -0.0000
vn -0.6691 -0.7431 -0.0000
vn 0.0150 -0.9999 -0.0000
vn -0.9999 0.0128 -0.0000
vt 0.375000 0.125000
vt 0.625000 0.125000
vt 0.625000 0.250000
vt 0.375000 0.250000
vt 0.375000 0.375000
vt 0.625000 0.375000
vt 0.625000 0.500000
vt 0.375000 0.500000
vt 0.375000 0.625000
vt 0.625000 0.625000
vt 0.625000 0.750000
vt 0.375000 0.750000
vt 0.375000 0.875000
vt 0.625000 0.875000
vt 0.625000 1.000000
vt 0.375000 1.000000
vt 0.250000 0.625000
vt 0.250000 0.750000
vt 0.750000 0.625000
vt 0.875000 0.625000
vt 0.875000 0.750000
vt 0.750000 0.750000
vt 0.750000 0.500000
vt 0.875000 0.500000
vt 0.250000 0.500000
vt 0.375000 0.000000
vt 0.625000 0.000000
vt 0.125000 0.500000
vt 0.125000 0.625000
vt 0.125000 0.750000
s 0
usemtl 
f 1326/424/560 1327/425/560 1321/426/560 1320/427/560
f 1330/428/561 1331/429/561 1325/430/561 1324/431/561
f 1328/432/562 1329/433/562 1323/434/562 1322/435/562
f 1332/436/563 1333/437/563 1319/438/563 1318/439/563
f 1335/440/564 1328/432/564 1322/435/564 1332/441/564
f 1334/442/565 1327/443/565 1319/444/565 1333/445/565
f 1331/446/565 1321/447/565 1327/443/565 1334/442/565
f 1330/448/564 1324/431/564 1328/432/564 1335/440/564
f 1324/431/566 1325/430/566 1329/433/566 1328/432/566
f 1318/449/567 1319/450/567 1327/425/567 1326/424/567
f 1320/451/564 1330/448/564 1335/440/564 1326/452/564
f 1325/430/565 1331/446/565 1334/442/565 1329/433/565
f 1329/433/565 1334/442/565 1333/445/565 1323/434/565
f 1326/452/564 1335/440/564 1332/441/564 1318/453/564
f 1322/435/568 1323/434/568 1333/437/568 1332/436/568
f 1320/427/569 1321/426/569 1331/429/569 1330/428/569
f 1344/424/560 1345/425/560 1339/426/560 1338/427/560
f 1348/428/561 1349/429/561 1343/430/561 1342/431/561
f 1346/432/562 1347/433/562 1341/434/562 1340/435/562
f 1350/436/563 1351/437/563 1337/438/563 1336/439/563
f 1353/440/564 1346/432/564 1340/435/564 1350/441/564
f 1352/442/565 1345/443/565 1337/444/565 1351/445/565
f 1349/446/565 1339/447/565 1345/443/565 1352/442/565
f 1348/448/564 1342/431/564 1346/432/564 1353/440/564
f 1342/431/566 1343/430/566 1347/433/566 1346/432/566
f 1336/449/567 1337/450/567 1345/425/567 1344/424/567
f 1338/451/564 1348/448/564 1353/440/564 1344/452/564
f 1343/430/565 1349/446/565 1352/442/565 1347/433/565
f 1347/433/565 1352/442/565 1351/445/565 1341/434/565
f 1344/452/564 1353/440/564 1350/441/564 1336/453/564
f 1340/435/568 1341/434/568 1351/437/568 1350/436/568
f 1338/427/569 1339/426/569 1349/429/569 1348/428/569
f 1362/424/560 1363/425/560 1357/426/560 1356/427/560
f 1366/428/561 1367/429/561 1361/430/561 1360/431/561
f 1364/432/562 1365/433/562 1359/434/562 1358/435/562
f 1368/436/563 1369/437/563 1355/438/563 1354/439/563
f 1371/440/564 1364/432/564 1358/435/564 1368/441/564
f 1370/442/565 1363/443/565 1355/444/565 1369/445/565
f 1367/446/565 1357/447/565 1363/443/565 1370/442/565
f 1366/448/564 1360/431/564 1364/432/564 1371/440/564
f 1360/431/566 1361/430/566 1365/433/566 1364/432/566
f 1354/449/567 1355/450/567 1363/425/567 1362/424/567
f 1356/451/564 1366/448/564 1371/440/564 1362/452/564
f 1361/430/565 1367/446/565 1370/442/565 1365/433/565
f 1365/433/565 1370/442/565 1369/445/565 1359/434/565
f 1362/452/564 1371/440/564 1368/441/564 1354/453/564
f 1358/435/568 1359/434/568 1369/437/568 1368/436/568
f 1356/427/569 1357/426/569 1367/429/569 1366/428/569
f 1380/424/560 1381/425/560 1375/426/560 1374/427/560
f 1384/428/561 1385/429/561 1379/430/561 1378/431/561
f 1382/432/562 1383/433/562 1377/434/562 1376/435/562
f 1386/436/563 1387/437/563 1373/438/563 1372/439/563
f 1389/440/564 1382/432/564 1376/435/564 1386/441/564
f 1388/442/565 1381/443/565 1373/444/565 1387/445/565
f 1385/446/565 1375/447/565 1381/443/565 1388/442/565
f 1384/448/564 1378/431/564 1382/432/564 1389/440/564
f 1378/431/566 1379/430/566 1383/433/566 1382/432/566
f 1372/449/567 1373/450/567 1381/425/567 1380/424/567
f 1374/451/564 1384/448/564 1389/440/564 1380/452/564
f 1379/430/565 1385/446/565 1388/442/565 1383/433/565
f 1383/433/565 1388/442/565 1387/445/565 1377/434/565
f 1380/452/564 1389/440/564 1386/441/564 1372/453/564
f 1376/435/568 1377/434/568 1387/437/568 1386/436/568
f 1374/427/569 1375/426/569 1385/429/569 1384/428/569
f 1398/424/560 1399/425/560 1393/426/560 1392/427/560
f 1402/428/561 1403/429/561 1397/430/561 1396/431/561
f 1400/432/562 1401/433/562 1395/434/562 1394/435/562
f 1404/436/563 1405/437/563 1391/438/563 1390/439/563
f 1407/440/564 1400/432/564 1394/435/564 1404/441/564
f 1406/442/565 1399/443/565 1391/444/565 1405/445/565
f 1403/446/565 1393/447/565 1399/443/565 1406/442/565
f 1402/448/564 1396/431/564 1400/432/564 1407/440/564
f 1396/431/566 1397/430/566 1401/433/566 1400/432/566
f 1390/449/567 1391/450/567 1399/425/567 1398/424/567
f 1392/451/564 1402/448/564 1407/440/564 1398/452/564
f 1397/430/565 1403/446/565 1406/442/565 1401/433/565
f 1401/433/565 1406/442/565 1405/445/565 1395/434/565
f 1398/452/564 1407/440/564 1404/441/564 1390/453/564
f 1394/435/568 1395/434/568 1405/437/568 1404/436/568
f 1392/427/569 1393/426/569 1403/429/569 1402/428/569
f 1416/424/560 1417/425/560 1411/426/560 1410/427/560
f 1420/428/561 1421/429/561 1415/430/561 1414/431/561
f 1418/432/562 1419/433/562 1413/434/562 1412/435/562
f 1422/436/563 1423/437/563 1409/438/563 1408/439/563
f 1425/440/564 1418/432/564 1412/435/564 1422/441/564
f 1424/442/565 1417/443/565 1409/444/565 1423/445/565
f 1421/446/565 1411/447/565 1417/443/565 1424/442/565
f 1420/448/564 1414/431/564 1418/432/564 1425/440/564
f 1414/431/566 1415/430/566 1419/433/566 1418/432/566
f 1408/449/567 1409/450/567 1417/425/567 1416/424/567
f 1410/451/564 1420/448/564 1425/440/564 1416/452/564
f 1415/430/565 1421/446/565 1424/442/565 1419/433/565
f 1419/433/565 1424/442/565 1423/445/565 1413/434/565
f 1416/452/564 1425/440/564 1422/441/564 1408/453/564
f 1412/435/568 1413/434/568 1423/437/568 1422/436/568
f 1410/427/569 1411/426/569 1421/429/569 1420/428/569
f 1434/424/560 1435/425/560 1429/426/560 1428/427/560
f 1438/428/561 1439/429/561 1433/430/561 1432/431/561
f 1436/432/562 1437/433/562 1431/434/562 1430/435/562
f 1440/436/563 1441/437/563 1427/438/563 1426/439/563
f 1443/440/564 1436/432/564 1430/435/564 1440/441/564
f 1442/442/565 1435/443/565 1427/444/565 1441/445/565
f 1439/446/565 1429/447/565 1435/443/565 1442/442/565
f 1438/448/564 1432/431/564 1436/432/564 1443/440/564
f 1432/431/566 1433/430/566 1437/433/566 1436/432/566
f 1426/449/567 1427/450/567 1435/425/567 1434/424/567
f 1428/451/564 1438/448/564 1443/440/564 1434/452/564
f 1433/430/565 1439/446/565 1442/442/565 1437/433/565
f 1437/433/565 1442/442/565 1441/445/565 1431/434/565
f 1434/452/564 1443/440/564 1440/441/564 1426/453/564
f 1430/435/568 1431/434/568 1441/437/568 1440/436/568
f 1428/427/569 1429/426/569 1439/429/569 1438/428/569
f 1452/424/560 1453/425/560 1447/426/560 1446/427/560
f 1456/428/561 1457/429/561 1451/430/561 1450/431/561
f 1454/432/562 1455/433/562 1449/434/562 1448/435/562
f 1458/436/563 1459/437/563 1445/438/563 1444/439/563
f 1461/440/564 1454/432/564 1448/435/564 1458/441/564
f 1460/442/565 1453/443/565 1445/444/565 1459/445/565
f 1457/446/565 1447/447/565 1453/443/565 1460/442/565
f 1456/448/564 1450/431/564 1454/432/564 1461/440/564
f 1450/431/566 1451/430/566 1455/433/566 1454/432/566
f 1444/449/567 1445/450/567 1453/425/567 1452/424/567
f 1446/451/564 1456/448/564 1461/440/564 1452/452/564
f 1451/430/565 1457/446/565 1460/442/565 1455/433/565
f 1455/433/565 1460/442/565 1459/445/565 1449/434/565
f 1452/452/564 1461/440/564 1458/441/564 1444/453/564
f 1448/435/568 1449/434/568 1459/437/568 1458/436/568
f 1446/427/569 1447/426/569 1457/429/569 1456/428/569
f 1470/424/560 1471/425/560 1465/426/560 1464/427/560
f 1474/428/561 1475/429/561 1469/430/561 1468/431/561
f 1472/432/562 1473/433/562 1467/434/562 1466/435/562
f 1476/436/563 1477/437/563 1463/438/563 1462/439/563
f 1479/440/564 1472/432/564 1466/435/564 1476/441/564
f 1478/442/565 1471/443/565 1463/444/565 1477/445/565
f 1475/446/565 1465/447/565 1471/443/565 1478/442/565
f 1474/448/564 1468/431/564 1472/432/564 1479/440/564
f 1468/431/566 1469/430/566 1473/433/566 1472/432/566
f 1462/449/567 1463/450/567 1471/425/567 1470/424/567
f 1464/451/564 1474/448/564 1479/440/564 1470/452/564
f 1469/430/565 1475/446/565 1478/442/565 1473/433/565
f 1473/433/565 1478/442/565 1477/445/565 1467/434/565
f 1470/452/564 1479/440/564 1476/441/564 1462/453/564
f 1466/435/568 1467/434/568 1477/437/568 1476/436/568
f 1464/427/569 1465/426/569 1475/429/569 1474/428/569
f 1488/424/560 1489/425/560 1483/426/560 1482/427/560
f 1492/428/561 1493/429/561 1487/430/561 1486/431/561
f 1490/432/562 1491/433/562 1485/434/562 1484/435/562
f 1494/436/563 1495/437/563 1481/438/563 1480/439/563
f 1497/440/564 1490/432/564 1484/435/564 1494/441/564
f 1496/442/565 1489/443/565 1481/444/565 1495/445/565
f 1493/446/565 1483/447/565 1489/443/565 1496/442/565
f 1492/448/564 1486/431/564 1490/432/564 1497/440/564
f 1486/431/566 1487/430/566 1491/433/566 1490/432/566
f 1480/449/567 1481/450/567 1489/425/567 1488/424/567
f 1482/451/564 1492/448/564 1497/440/564 1488/452/564
f 1487/430/565 1493/446/565 1496/442/565 1491/433/565
f 1491/433/565 1496/442/565 1495/445/565 1485/434/565
f 1488/452/564 1497/440/564 1494/441/564 1480/453/564
f 1484/435/568 1485/434/568 1495/437/568 1494/436/568
f 1482/427/569 1483/426/569 1493/429/569 1492/428/569
f 1506/424/560 1507/425/560 1501/426/560 1500/427/560
f 1510/428/561 1511/429/561 1505/430/561 1504/431/561
f 1508/432/562 1509/433/562 1503/434/562 1502/435/562
f 1512/436/563 1513/437/563 1499/438/563 1498/439/563
f 1515/440/564 1508/432/564 1502/435/564 1512/441/564
f 1514/442/565 1507/443/565 1499/444/565 1513/445/565
f 1511/446/565 1501/447/565 1507/443/565 1514/442/565
f 1510/448/564 1504/431/564 1508/432/564 1515/440/564
f 1504/431/566 1505/430/566 1509/433/566 1508/432/566
f 1498/449/567 1499/450/567 1507/425/567 1506/424/567
f 1500/451/564 1510/448/564 1515/440/564 1506/452/564
f 1505/430/565 1511/446/565 1514/442/565 1509/433/565
f 1509/433/565 1514/442/565 1513/445/565 1503/434/565
f 1506/452/564 1515/440/564 1512/441/564 1498/453/564
f 1502/435/568 1503/434/568 1513/437/568 1512/436/568
f 1500/427/569 1501/426/569 1511/429/569 1510/428/569
f 1524/424/560 1525/425/560 1519/426/560 1518/427/560
f 1528/428/561 1529/429/561 1523/430/561 1522/431/561
f 1526/432/562 1527/433/562 1521/434/562 1520/435/562
f 1530/436/563 1531/437/563 1517/438/563 1516/439/563
f 1533/440/564 1526/432/564 1520/435/564 1530/441/564
f 1532/442/565 1525/443/565 1517/444/565 1531/445/565
f 1529/446/565 1519/447/565 1525/443/565 1532/442/565
f 1528/448/564 1522/431/564 1526/432/564 1533/440/564
f 1522/431/566 1523/430/566 1527/433/566 1526/432/566
f 1516/449/567 1517/450/567 1525/425/567 1524/424/567
f 1518/451/564 1528/448/564 1533/440/564 1524/452/564
f 1523/430/565 1529/446/565 1532/442/565 1527/433/565
f 1527/433/565 1532/442/565 1531/445/565 1521/434/565
f 1524/452/564 1533/440/564 1530/441/564 1516/453/564
f 1520/435/568 1521/434/568 1531/437/568 1530/436/568
f 1518/427/569 1519/426/569 1529/429/569 1528/428/569
f 1542/424/570 1543/425/570 1537/426/570 1536/427/570
f 1546/428/571 1547/429/571 1541/430/571 1540/431/571
f 1544/432/572 1545/433/572 1539/434/572 1538/435/572
f 1548/436/573 1549/437/573 1535/438/573 1534/439/573
f 1551/440/564 1544/432/564 1538/435/564 1548/441/564
f 1550/442/565 1543/443/565 1535/444/565 1549/445/565
f 1547/446/565 1537/447/565 1543/443/565 1550/442/565
f 1546/448/564 1540/431/564 1544/432/564 1551/440/564
f 1540/431/574 1541/430/574 1545/433/574 1544/432/574
f 1534/449/575 1535/450/575 1543/425/575 1542/424/575
f 1536/451/564 1546/448/564 1551/440/564 1542/452/564
f 1541/430/565 1547/446/565 1550/442/565 1545/433/565
f 1545/433/565 1550/442/565 1549/445/565 1539/434/565
f 1542/452/564 1551/440/564 1548/441/564 1534/453/564
f 1538/435/576 1539/434/576 1549/437/576 1548/436/576
f 1536/427/577 1537/426/577 1547/429/577 1546/428/577
f 1560/424/570 1561/425/570 1555/426/570 1554/427/570
f 1564/428/571 1565/429/571 1559/430/571 1558/431/571
f 1562/432/572 1563/433/572 1557/434/572 1556/435/572
f 1566/436/573 1567/437/573 1553/438/573 1552/439/573
f 1569/440/564 1562/432/564 1556/435/564 1566/441/564
f 1568/442/565 1561/443/565 1553/444/565 1567/445/565
f 1565/446/565 1555/447/565 1561/443/565 1568/442/565
f 1564/448/564 1558/431/564 1562/432/564 1569/440/564
f 1558/431/574 1559/430/574 1563/433/574 1562/432/574
f 1552/449/575 1553/450/575 1561/425/575 1560/424/575
f 1554/451/564 1564/448/564 1569/440/564 1560/452/564
f 1559/430/565 1565/446/565 1568/442/565 1563/433/565
f 1563/433/565 1568/442/565 1567/445/565 1557/434/565
f 1560/452/564 1569/440/564 1566/441/564 1552/453/564
f 1556/435/576 1557/434/576 1567/437/576 1566/436/576
f 1554/427/577 1555/426/577 1565/429/577 1564/428/577
f 1578/424/570 1579/425/570 1573/426/570 1572/427/570
f 1582/428/571 1583/429/571 1577/430/571 1576/431/571
f 1580/432/572 1581/433/572 1575/434/572 1574/435/572
f 1584/436/573 1585/437/573 1571/438/573 1570/439/573
f 1587/440/564 1580/432/564 1574/435/564 1584/441/564
f 1586/442/565 1579/443/565 1571/444/565 1585/445/565
f 1583/446/565 1573/447/565 1579/443/565 1586/442/565
f 1582/448/564 1576/431/564 1580/432/564 1587/440/564
f 1576/431/574 1577/430/574 1581/433/574 1580/432/574
f 1570/449/575 1571/450/575 1579/425/575 1578/424/575
f 1572/451/564 1582/448/564 1587/440/564 1578/452/564
f 1577/430/565 1583/446/565 1586/442/565 1581/433/565
f 1581/433/565 1586/442/565 1585/445/565 1575/434/565
f 1578/452/564 1587/440/564 1584/441/564 1570/453/564
f 1574/435/576 1575/434/576 1585/437/576 1584/436/576
f 1572/427/577 1573/426/577 1583/429/577 1582/428/577
f 1596/424/570 1597/425/570 1591/426/570 1590/427/570
f 1600/428/571 1601/429/571 1595/430/571 1594/431/571
f 1598/432/572 1599/433/572 1593/434/572 1592/435/572
f 1602/436/573 1603/437/573 1589/438/573 1588/439/573
f 1605/440/564 1598/432/564 1592/435/564 1602/441/564
f 1604/442/565 1597/443/565 1589/444/565 1603/445/565
f 1601/446/565 1591/447/565 1597/443/565 1604/442/565
f 1600/448/564 1594/431/564 1598/432/564 1605/440/564
f 1594/431/574 1595/430/574 1599/433/574 1598/432/574
f 1588/449/575 1589/450/575 1597/425/575 1596/424/575
f 1590/451/564 1600/448/564 1605/440/564 1596/452/564
f 1595/430/565 1601/446/565 1604/442/565 1599/433/565
f 1599/433/565 1604/442/565 1603/445/565 1593/434/565
f 1596/452/564 1605/440/564 1602/441/564 1588/453/564
f 1592/435/576 1593/434/576 1603/437/576 1602/436/576
f 1590/427/577 1591/426/577 1601/429/577 1600/428/577
f 1614/424/570 1615/425/570 1609/426/570 1608/427/570
f 1618/428/571 1619/429/571 1613/430/571 1612/431/571
f 1616/432/572 1617/433/572 1611/434/572 1610/435/572
f 1620/436/573 1621/437/573 1607/438/573 1606/439/573
f 1623/440/564 1616/432/564 1610/435/564 1620/441/564
f 1622/442/565 1615/443/565 1607/444/565 1621/445/565
f 1619/446/565 1609/447/565 1615/443/565 1622/442/565
f 1618/448/564 1612/431/564 1616/432/564 1623/440/564
f 1612/431/574 1613/430/574 1617/433/574 1616/432/574
f 1606/449/575 1607/450/575 1615/425/575 1614/424/575
f 1608/451/564 1618/448/564 1623/440/564 1614/452/564
f 1613/430/565 1619/446/565 1622/442/565 1617/433/565
f 1617/433/565 1622/442/565 1621/445/565 1611/434/565
f 1614/452/564 1623/440/564 1620/441/564 1606/453/564
f 1610/435/576 1611/434/576 1621/437/576 1620/436/576
f 1608/427/577 1609/426/577 1619/429/577 1618/428/577
f 1632/424/570 1633/425/570 1627/426/570 1626/427/570
f 1636/428/571 1637/429/571 1631/430/571 1630/431/571
f 1634/432/572 1635/433/572 1629/434/572 1628/435/572
f 1638/436/573 1639/437/573 1625/438/573 1624/439/573
f 1641/440/564 1634/432/564 1628/435/564 1638/441/564
f 1640/442/565 1633/443/565 1625/444/565 1639/445/565
f 1637/446/565 1627/447/565 1633/443/565 1640/442/565
f 1636/448/564 1630/431/564 1634/432/564 1641/440/564
f 1630/431/574 1631/430/574 1635/433/574 1634/432/574
f 1624/449/575 1625/450/575 1633/425/575 1632/424/575
f 1626/451/564 1636/448/564 1641/440/564 1632/452/564
f 1631/430/565 1637/446/565 1640/442/565 1635/433/565
f 1635/433/565 1640/442/565 1639/445/565 1629/434/565
f 1632/452/564 1641/440/564 1638/441/564 1624/453/564
f 1628/435/576 1629/434/576 1639/437/576 1638/436/576
f 1626/427/577 1627/426/577 1637/429/577 1636/428/577
f 1642/449/578 1643/450/578 1645/426/578 1644/427/578
f 1644/427/564 1645/426/564 1649/430/564 1648/431/564
f 1648/431/579 1649/430/579 1647/434/579 1646/435/579
f 1646/435/565 1647/434/565 1643/438/565 1642/439/565
f 1644/427/564 1648/431/564 1785/431/564 1783/427/564
f 1649/430/580 1645/447/580 1643/444/580 1647/434/580
f 1650/449/578 1651/450/578 1653/426/578 1652/427/578
f 1652/427/564 1653/426/564 1657/430/564 1656/431/564
f 1656/431/579 1657/430/579 1655/434/579 1654/435/579
f 1654/435/565 1655/434/565 1651/438/565 1650/439/565
f 1656/431/581 1654/435/581 1788/435/581 1789/431/581
f 1657/430/580 1653/447/580 1651/444/580 1655/434/580
f 1666/424/570 1667/425/570 1661/426/570 1660/427/570
f 1670/428/571 1671/429/571 1665/430/571 1664/431/571
f 1668/432/572 1669/433/572 1663/434/572 1662/435/572
f 1672/436/573 1673/437/573 1659/438/573 1658/439/573
f 1675/440/564 1668/432/564 1662/435/564 1672/441/564
f 1674/442/565 1667/443/565 1659/444/565 1673/445/565
f 1671/446/565 1661/447/565 1667/443/565 1674/442/565
f 1670/448/564 1664/431/564 1668/432/564 1675/440/564
f 1664/431/574 1665/430/574 1669/433/574 1668/432/574
f 1658/449/575 1659/450/575 1667/425/575 1666/424/575
f 1660/451/564 1670/448/564 1675/440/564 1666/452/564
f 1665/430/565 1671/446/565 1674/442/565 1669/433/565
f 1669/433/565 1674/442/565 1673/445/565 1663/434/565
f 1666/452/564 1675/440/564 1672/441/564 1658/453/564
f 1662/435/576 1663/434/576 1673/437/576 1672/436/576
f 1660/427/577 1661/426/577 1671/429/577 1670/428/577
f 1684/424/570 1685/425/570 1679/426/570 1678/427/570
f 1688/428/571 1689/429/571 1683/430/571 1682/431/571
f 1686/432/572 1687/433/572 1681/434/572 1680/435/572
f 1690/436/573 1691/437/573 1677/438/573 1676/439/573
f 1693/440/564 1686/432/564 1680/435/564 1690/441/564
f 1692/442/565 1685/443/565 1677/444/565 1691/445/565
f 1689/446/565 1679/447/565 1685/443/565 1692/442/565
f 1688/448/564 1682/431/564 1686/432/564 1693/440/564
f 1682/431/574 1683/430/574 1687/433/574 1686/432/574
f 1676/449/575 1677/450/575 1685/425/575 1684/424/575
f 1678/451/564 1688/448/564 1693/440/564 1684/452/564
f 1683/430/565 1689/446/565 1692/442/565 1687/433/565
f 1687/433/565 1692/442/565 1691/445/565 1681/434/565
f 1684/452/564 1693/440/564 1690/441/564 1676/453/564
f 1680/435/582 1681/434/582 1691/437/582 1690/436/582
f 1678/427/577 1679/426/577 1689/429/577 1688/428/577
f 1702/424/570 1703/425/570 1697/426/570 1696/427/570
f 1706/428/571 1707/429/571 1701/430/571 1700/431/571
f 1704/432/572 1705/433/572 1699/434/572 1698/435/572
f 1708/436/573 1709/437/573 1695/438/573 1694/439/573
f 1711/440/564 1704/432/564 1698/435/564 1708/441/564
f 1710/442/565 1703/443/565 1695/444/565 1709/445/565
f 1707/446/565 1697/447/565 1703/443/565 1710/442/565
f 1706/448/564 1700/431/564 1704/432/564 1711/440/564
f 1700/431/574 1701/430/574 1705/433/574 1704/432/574
f 1694/449/575 1695/450/575 1703/425/575 1702/424/575
f 1696/451/564 1706/448/564 1711/440/564 1702/452/564
f 1701/430/565 1707/446/565 1710/442/565 1705/433/565
f 1705/433/565 1710/442/565 1709/445/565 1699/434/565
f 1702/452/564 1711/440/564 1708/441/564 1694/453/564
f 1698/435/576 1699/434/576 1709/437/576 1708/436/576
f 1696/427/577 1697/426/577 1707/429/577 1706/428/577
f 1720/424/570 1721/425/570 1715/426/570 1714/427/570
f 1724/428/571 1725/429/571 1719/430/571 1718/431/571
f 1722/432/572 1723/433/572 1717/434/572 1716/435/572
f 1726/436/573 1727/437/573 1713/438/573 1712/439/573
f 1729/440/564 1722/432/564 1716/435/564 1726/441/564
f 1728/442/565 1721/443/565 1713/444/565 1727/445/565
f 1725/446/565 1715/447/565 1721/443/565 1728/442/565
f 1724/448/564 1718/431/564 1722/432/564 1729/440/564
f 1718/431/574 1719/430/574 1723/433/574 1722/432/574
f 1712/449/575 1713/450/575 1721/425/575 1720/424/575
f 1714/451/564 1724/448/564 1729/440/564 1720/452/564
f 1719/430/565 1725/446/565 1728/442/565 1723/433/565
f 1723/433/565 1728/442/565 1727/445/565 1717/434/565
f 1720/452/564 1729/440/564 1726/441/564 1712/453/564
f 1716/435/582 1717/434/582 1727/437/582 1726/436/582
f 1714/427/577 1715/426/577 1725/429/577 1724/428/577
f 1738/424/570 1739/425/570 1733/426/570 1732/427/570
f 1742/428/571 1743/429/571 1737/430/571 1736/431/571
f 1740/432/572 1741/433/572 1735/434/572 1734/435/572
f 1744/436/573 1745/437/573 1731/438/573 1730/439/573
f 1747/440/564 1740/432/564 1734/435/564 1744/441/564
f 1746/442/565 1739/443/565 1731/444/565 1745/445/565
f 1743/446/565 1733/447/565 1739/443/565 1746/442/565
f 1742/448/564 1736/431/564 1740/432/564 1747/440/564
f 1736/431/574 1737/430/574 1741/433/574 1740/432/574
f 1730/449/575 1731/450/575 1739/425/575 1738/424/575
f 1732/451/564 1742/448/564 1747/440/564 1738/452/564
f 1737/430/565 1743/446/565 1746/442/565 1741/433/565
f 1741/433/565 1746/442/565 1745/445/565 1735/434/565
f 1738/452/564 1747/440/564 1744/441/564 1730/453/564
f 1734/435/576 1735/434/576 1745/437/576 1744/436/576
f 1732/427/577 1733/426/577 1743/429/577 1742/428/577
f 1756/424/570 1757/425/570 1751/426/570 1750/427/570
f 1760/428/571 1761/429/571 1755/430/571 1754/431/571
f 1758/432/572 1759/433/572 1753/434/572 1752/435/572
f 1762/436/573 1763/437/573 1749/438/573 1748/439/573
f 1765/440/564 1758/432/564 1752/435/564 1762/441/564
f 1764/442/565 1757/443/565 1749/444/565 1763/445/565
f 1761/446/565 1751/447/565 1757/443/565 1764/442/565
f 1760/448/564 1754/431/564 1758/432/564 1765/440/564
f 1754/431/574 1755/430/574 1759/433/574 1758/432/574
f 1748/449/575 1749/450/575 1757/425/575 1756/424/575
f 1750/451/564 1760/448/564 1765/440/564 1756/452/564
f 1755/430/565 1761/446/565 1764/442/565 1759/433/565
f 1759/433/565 1764/442/565 1763/445/565 1753/434/565
f 1756/452/564 1765/440/564 1762/441/564 1748/453/564
f 1752/435/576 1753/434/576 1763/437/576 1762/436/576
f 1750/427/577 1751/426/577 1761/429/577 1760/428/577
f 1766/449/578 1767/450/578 1769/426/578 1768/427/578
f 1768/427/564 1769/426/564 1773/430/564 1772/431/564
f 1772/431/579 1773/430/579 1771/434/579 1770/435/579
f 1770/435/565 1771/434/565 1767/438/565 1766/439/565
f 1768/451/583 1772/431/583 1770/435/583 1766/453/583
f 1773/430/580 1769/447/580 1767/444/580 1771/434/580
f 1774/449/578 1775/450/578 1777/426/578 1776/427/578
f 1776/427/564 1777/426/564 1781/430/564 1780/431/564
f 1780/431/579 1781/430/579 1779/434/579 1778/435/579
f 1778/435/565 1779/434/565 1775/438/565 1774/439/565
f 1776/451/583 1780/431/583 1778/435/583 1774/453/583
f 1781/430/580 1777/447/580 1775/444/580 1779/434/580
f 1783/451/584 1785/431/584 1784/435/584 1782/453/584
f 1787/451/584 1789/431/584 1788/435/584 1786/453/584
f 1654/435/565 1650/439/565 1786/439/565 1788/435/565
f 1642/449/585 1644/427/585 1783/427/585 1782/449/585
f 1648/431/581 1646/435/581 1784/435/581 1785/431/581
f 1652/427/564 1656/431/564 1789/431/564 1787/427/564
f 1650/449/585 1652/427/585 1787/427/585 1786/449/585
f 1646/435/565 1642/439/565 1782/439/565 1784/435/565
o Turrert-Barbette
v -0.365587 0.087046 0.295834
v -0.365587 0.527763 0.295834
v -0.383912 0.087046 -0.265997
v -0.383912 0.527763 -0.265997
v 0.365587 0.087046 0.295834
v 0.365587 0.527763 0.295834
v 0.383912 0.087046 -0.265997
v 0.383912 0.527763 -0.265997
v -0.457362 0.087046 -0.119280
v -0.439863 0.087046 0.173962
v -0.439863 0.527763 0.173962
v -0.457362 0.527763 -0.119280
v 0.439863 0.087046 0.173962
v 0.457362 0.087046 -0.119280
v 0.457362 0.527763 -0.119280
v 0.439863 0.527763 0.173962
v 0.146621 0.087046 -0.412521
v -0.146621 0.087046 -0.412521
v -0.146621 0.527763 -0.412521
v 0.146621 0.527763 -0.412521
v -0.146621 0.087046 0.442359
v 0.146621 0.087046 0.442359
v 0.146621 0.527763 0.442359
v -0.146621 0.527763 0.442359
v -0.097779 0.527763 -0.070438
v 0.097779 0.527763 -0.070438
v -0.097779 0.527763 0.125120
v 0.097779 0.527763 0.125120
v 0.097779 0.087046 -0.070438
v -0.097779 0.087046 -0.070438
v 0.097779 0.087046 0.125120
v -0.097779 0.087046 0.125120
v -0.471261 0.087046 0.027341
v -0.471261 0.527763 0.027341
v 0.471261 0.087046 0.027341
v 0.471261 0.527763 0.027341
v -0.097779 0.087046 0.027341
v 0.097779 0.087046 0.027341
v 0.097779 0.527763 0.027341
v -0.097779 0.527763 0.027341
v 0.000000 0.087046 -0.442116
v 0.000000 0.527763 -0.442116
v 0.000000 0.087046 0.471954
v 0.000000 0.527763 0.471954
v 0.000000 0.527763 -0.070438
v 0.000000 0.527763 0.125120
v 0.000000 0.087046 -0.070438
v 0.000000 0.087046 0.125120
v 0.000000 0.527763 0.027341
v 0.000000 0.087046 0.027341
vn -0.9612 -0.0000 -0.2757
vn -0.7379 -0.0000 -0.6749
vn 0.3674 -0.0000 -0.9301
vn 0.7379 -0.0000 -0.6749
vn 0.9290 -0.0000 0.3701
vn 0.7219 -0.0000 0.6920
vn -0.3843 -0.0000 0.9232
vn -0.7219 -0.0000 0.6920
vn -0.0000 -1.0000 -0.0000
vn -0.0000 1.0000 -0.0000
vn 0.9612 -0.0000 -0.2757
vn 0.9983 -0.0000 0.0582
vn -0.9290 -0.0000 0.3701
vn -0.9983 -0.0000 0.0582
vn 0.3843 -0.0000 0.9232
vn -0.0000 -0.0000 1.0000
vn -0.3674 -0.0000 -0.9301
vn -0.0000 -0.0000 -1.0000
vt 0.375000 0.166667
vt 0.625000 0.166667
vt 0.625000 0.250000
vt 0.375000 0.250000
vt 0.375000 0.416667
vt 0.625000 0.416667
vt 0.625000 0.500000
vt 0.375000 0.500000
vt 0.375000 0.666667
vt 0.625000 0.666667
vt 0.625000 0.750000
vt 0.375000 0.750000
vt 0.375000 0.916667
vt 0.625000 0.916667
vt 0.625000 1.000000
vt 0.375000 1.000000
vt 0.291667 0.666667
vt 0.291667 0.750000
vt 0.791667 0.666667
vt 0.875000 0.666667
vt 0.875000 0.750000
vt 0.791667 0.750000
vt 0.791667 0.500000
vt 0.875000 0.500000
vt 0.875000 0.583333
vt 0.791667 0.583333
vt 0.791667 0.625000
vt 0.875000 0.625000
vt 0.291667 0.500000
vt 0.375000 0.583333
vt 0.291667 0.583333
vt 0.291667 0.625000
vt 0.375000 0.625000
vt 0.625000 0.583333
vt 0.625000 0.625000
vt 0.375000 0.000000
vt 0.625000 0.000000
vt 0.625000 0.083333
vt 0.375000 0.083333
vt 0.375000 0.125000
vt 0.625000 0.125000
vt 0.125000 0.625000
vt 0.208333 0.625000
vt 0.208333 0.666667
vt 0.125000 0.666667
vt 0.250000 0.625000
vt 0.250000 0.666667
vt 0.125000 0.500000
vt 0.208333 0.500000
vt 0.208333 0.583333
vt 0.125000 0.583333
vt 0.250000 0.500000
vt 0.250000 0.583333
vt 0.708333 0.625000
vt 0.708333 0.666667
vt 0.750000 0.625000
vt 0.750000 0.666667
vt 0.708333 0.500000
vt 0.708333 0.583333
vt 0.750000 0.500000
vt 0.750000 0.583333
vt 0.708333 0.750000
vt 0.750000 0.750000
vt 0.208333 0.750000
vt 0.125000 0.750000
vt 0.250000 0.750000
vt 0.625000 0.833333
vt 0.375000 0.833333
vt 0.375000 0.875000
vt 0.625000 0.875000
vt 0.625000 0.333333
vt 0.375000 0.333333
vt 0.375000 0.375000
vt 0.625000 0.375000
s 1
f 1798/454/586 1801/455/586 1793/456/587 1792/457/587
f 1806/458/588 1809/459/588 1797/460/589 1796/461/589
f 1802/462/590 1805/463/590 1795/464/591 1794/465/591
f 1810/466/592 1813/467/592 1791/468/593 1790/469/593
f 1820/470/594 1802/462/594 1794/465/594 1811/471/594
f 1816/472/595 1800/473/595 1791/474/595 1813/475/595
f 1808/476/595 1793/477/595 1801/478/595 1814/479/595
f 1829/480/595 1823/481/595 1800/473/595 1816/472/595
f 1806/482/594 1796/461/594 1803/483/594 1818/484/594
f 1827/485/594 1824/486/594 1802/462/594 1820/470/594
f 1796/461/589 1797/460/589 1804/487/596 1803/483/596
f 1824/486/597 1825/488/597 1805/463/590 1802/462/590
f 1790/489/593 1791/490/593 1800/491/598 1799/492/598
f 1822/493/599 1823/494/599 1801/455/586 1798/454/586
f 1822/495/594 1826/496/594 1821/497/594 1799/498/594
f 1839/499/594 1827/485/594 1820/470/594 1837/500/594
f 1792/501/594 1807/502/594 1819/503/594 1798/504/594
f 1830/505/594 1806/482/594 1818/484/594 1836/506/594
f 1825/488/595 1828/507/595 1817/508/595 1805/463/595
f 1838/509/595 1829/480/595 1816/472/595 1835/510/595
f 1797/460/595 1809/511/595 1815/512/595 1804/487/595
f 1831/513/595 1808/476/595 1814/479/595 1834/514/595
f 1805/463/595 1817/508/595 1812/515/595 1795/464/595
f 1835/510/595 1816/472/595 1813/475/595 1833/516/595
f 1799/498/594 1821/497/594 1810/517/594 1790/518/594
f 1837/500/594 1820/470/594 1811/471/594 1832/519/594
f 1794/465/591 1795/464/591 1812/520/600 1811/521/600
f 1832/522/601 1833/523/601 1813/467/592 1810/466/592
f 1792/457/587 1793/456/587 1808/524/602 1807/525/602
f 1830/526/603 1831/527/603 1809/459/588 1806/458/588
f 1834/514/595 1814/479/595 1829/480/595 1838/509/595
f 1804/487/595 1815/512/595 1828/507/595 1825/488/595
f 1836/506/594 1818/484/594 1827/485/594 1839/499/594
f 1798/504/594 1819/503/594 1826/496/594 1822/495/594
f 1799/492/598 1800/491/598 1823/494/599 1822/493/599
f 1803/483/596 1804/487/596 1825/488/597 1824/486/597
f 1818/484/594 1803/483/594 1824/486/594 1827/485/594
f 1814/479/595 1801/478/595 1823/481/595 1829/480/595
f 1819/503/594 1836/506/594 1839/499/594 1826/496/594
f 1815/512/595 1834/514/595 1838/509/595 1828/507/595
f 1807/525/602 1808/524/602 1831/527/603 1830/526/603
f 1811/521/600 1812/520/600 1833/523/601 1832/522/601
f 1821/497/594 1837/500/594 1832/519/594 1810/517/594
f 1817/508/595 1835/510/595 1833/516/595 1812/515/595
f 1809/511/595 1831/513/595 1834/514/595 1815/512/595
f 1828/507/595 1838/509/595 1835/510/595 1817/508/595
f 1807/502/594 1830/505/594 1836/506/594 1819/503/594
f 1826/496/594 1839/499/594 1837/500/594 1821/497/594
o Turret-Rivvet-Set-1
v 0.007971 0.853996 0.160654
v 0.007971 0.855628 0.160654
v 0.007971 0.853996 0.156583
v 0.007971 0.855628 0.156583
v 0.012042 0.853996 0.160654
v 0.012042 0.855628 0.160654
v 0.012042 0.853996 0.156583
v 0.012042 0.855628 0.156583
v 0.007165 0.853996 0.158618
v 0.007165 0.855628 0.158618
v 0.012848 0.853996 0.158618
v 0.012848 0.855628 0.158618
v 0.010006 0.853996 0.155776
v 0.010006 0.855628 0.155776
v 0.010006 0.853996 0.161460
v 0.010006 0.855628 0.161460
v 0.010006 0.856560 0.158618
v 0.010006 0.853996 0.158618
v 0.007971 0.853996 0.130417
v 0.007971 0.855628 0.130417
v 0.007971 0.853996 0.126346
v 0.007971 0.855628 0.126346
v 0.012042 0.853996 0.130417
v 0.012042 0.855628 0.130417
v 0.012042 0.853996 0.126346
v 0.012042 0.855628 0.126346
v 0.007165 0.853996 0.128382
v 0.007165 0.855628 0.128382
v 0.012848 0.853996 0.128382
v 0.012848 0.855628 0.128382
v 0.010006 0.853996 0.125540
v 0.010006 0.855628 0.125540
v 0.010006 0.853996 0.131223
v 0.010006 0.855628 0.131223
v 0.010006 0.856560 0.128382
v 0.010006 0.853996 0.128382
v 0.007971 0.853996 0.100180
v 0.007971 0.855628 0.100180
v 0.007971 0.853996 0.096110
v 0.007971 0.855628 0.096110
v 0.012042 0.853996 0.100180
v 0.012042 0.855628 0.100180
v 0.012042 0.853996 0.096110
v 0.012042 0.855628 0.096110
v 0.007165 0.853996 0.098145
v 0.007165 0.855628 0.098145
v 0.012848 0.853996 0.098145
v 0.012848 0.855628 0.098145
v 0.010006 0.853996 0.095303
v 0.010006 0.855628 0.095303
v 0.010006 0.853996 0.100987
v 0.010006 0.855628 0.100987
v 0.010006 0.856560 0.098145
v 0.010006 0.853996 0.098145
v 0.007971 0.853996 0.069944
v 0.007971 0.855628 0.069944
v 0.007971 0.853996 0.065873
v 0.007971 0.855628 0.065873
v 0.012042 0.853996 0.069944
v 0.012042 0.855628 0.069944
v 0.012042 0.853996 0.065873
v 0.012042 0.855628 0.065873
v 0.007165 0.853996 0.067908
v 0.007165 0.855628 0.067908
v 0.012848 0.853996 0.067908
v 0.012848 0.855628 0.067908
v 0.010006 0.853996 0.065067
v 0.010006 0.855628 0.065067
v 0.010006 0.853996 0.070750
v 0.010006 0.855628 0.070750
v 0.010006 0.856560 0.067908
v 0.010006 0.853996 0.067908
v 0.007971 0.853996 0.039707
v 0.007971 0.855628 0.039707
v 0.007971 0.853996 0.035637
v 0.007971 0.855628 0.035637
v 0.012042 0.853996 0.039707
v 0.012042 0.855628 0.039707
v 0.012042 0.853996 0.035637
v 0.012042 0.855628 0.035637
v 0.007165 0.853996 0.037672
v 0.007165 0.855628 0.037672
v 0.012848 0.853996 0.037672
v 0.012848 0.855628 0.037672
v 0.010006 0.853996 0.034830
v 0.010006 0.855628 0.034830
v 0.010006 0.853996 0.040514
v 0.010006 0.855628 0.040514
v 0.010006 0.856560 0.037672
v 0.010006 0.853996 0.037672
v 0.007971 0.853996 0.009471
v 0.007971 0.855628 0.009471
v 0.007971 0.853996 0.005400
v 0.007971 0.855628 0.005400
v 0.012042 0.853996 0.009471
v 0.012042 0.855628 0.009471
v 0.012042 0.853996 0.005400
v 0.012042 0.855628 0.005400
v 0.007165 0.853996 0.007435
v 0.007165 0.855628 0.007435
v 0.012848 0.853996 0.007435
v 0.012848 0.855628 0.007435
v 0.010006 0.853996 0.004594
v 0.010006 0.855628 0.004594
v 0.010006 0.853996 0.010277
v 0.010006 0.855628 0.010277
v 0.010006 0.856560 0.007435
v 0.010006 0.853996 0.007435
v 0.007971 0.853996 -0.020766
v 0.007971 0.855628 -0.020766
v 0.007971 0.853996 -0.024837
v 0.007971 0.855628 -0.024837
v 0.012042 0.853996 -0.020766
v 0.012042 0.855628 -0.020766
v 0.012042 0.853996 -0.024837
v 0.012042 0.855628 -0.024837
v 0.007165 0.853996 -0.022801
v 0.007165 0.855628 -0.022801
v 0.012848 0.853996 -0.022801
v 0.012848 0.855628 -0.022801
v 0.010006 0.853996 -0.025643
v 0.010006 0.855628 -0.025643
v 0.010006 0.853996 -0.019959
v 0.010006 0.855628 -0.019959
v 0.010006 0.856560 -0.022801
v 0.010006 0.853996 -0.022801
v 0.007971 0.853996 -0.051003
v 0.007971 0.855628 -0.051003
v 0.007971 0.853996 -0.055073
v 0.007971 0.855628 -0.055073
v 0.012042 0.853996 -0.051003
v 0.012042 0.855628 -0.051003
v 0.012042 0.853996 -0.055073
v 0.012042 0.855628 -0.055073
v 0.007165 0.853996 -0.053038
v 0.007165 0.855628 -0.053038
v 0.012848 0.853996 -0.053038
v 0.012848 0.855628 -0.053038
v 0.010006 0.853996 -0.055880
v 0.010006 0.855628 -0.055880
v 0.010006 0.853996 -0.050196
v 0.010006 0.855628 -0.050196
v 0.010006 0.856560 -0.053038
v 0.010006 0.853996 -0.053038
v 0.007971 0.853996 -0.081239
v 0.007971 0.855628 -0.081239
v 0.007971 0.853996 -0.085310
v 0.007971 0.855628 -0.085310
v 0.012042 0.853996 -0.081239
v 0.012042 0.855628 -0.081239
v 0.012042 0.853996 -0.085310
v 0.012042 0.855628 -0.085310
v 0.007165 0.853996 -0.083274
v 0.007165 0.855628 -0.083274
v 0.012848 0.853996 -0.083274
v 0.012848 0.855628 -0.083274
v 0.010006 0.853996 -0.086116
v 0.010006 0.855628 -0.086116
v 0.010006 0.853996 -0.080433
v 0.010006 0.855628 -0.080433
v 0.010006 0.856560 -0.083274
v 0.010006 0.853996 -0.083274
v 0.007971 0.853996 -0.111476
v 0.007971 0.855628 -0.111476
v 0.007971 0.853996 -0.115546
v 0.007971 0.855628 -0.115546
v 0.012042 0.853996 -0.111476
v 0.012042 0.855628 -0.111476
v 0.012042 0.853996 -0.115546
v 0.012042 0.855628 -0.115546
v 0.007165 0.853996 -0.113511
v 0.007165 0.855628 -0.113511
v 0.012848 0.853996 -0.113511
v 0.012848 0.855628 -0.113511
v 0.010006 0.853996 -0.116353
v 0.010006 0.855628 -0.116353
v 0.010006 0.853996 -0.110669
v 0.010006 0.855628 -0.110669
v 0.010006 0.856560 -0.113511
v 0.010006 0.853996 -0.113511
v 0.007971 0.853996 -0.141712
v 0.007971 0.855628 -0.141712
v 0.007971 0.853996 -0.145783
v 0.007971 0.855628 -0.145783
v 0.012042 0.853996 -0.141712
v 0.012042 0.855628 -0.141712
v 0.012042 0.853996 -0.145783
v 0.012042 0.855628 -0.145783
v 0.007165 0.853996 -0.143748
v 0.007165 0.855628 -0.143748
v 0.012848 0.853996 -0.143748
v 0.012848 0.855628 -0.143748
v 0.010006 0.853996 -0.146589
v 0.010006 0.855628 -0.146589
v 0.010006 0.853996 -0.140906
v 0.010006 0.855628 -0.140906
v 0.010006 0.856560 -0.143748
v 0.010006 0.853996 -0.143748
v 0.007971 0.853996 -0.171949
v 0.007971 0.855628 -0.171949
v 0.007971 0.853996 -0.176020
v 0.007971 0.855628 -0.176020
v 0.012042 0.853996 -0.171949
v 0.012042 0.855628 -0.171949
v 0.012042 0.853996 -0.176020
v 0.012042 0.855628 -0.176020
v 0.007165 0.853996 -0.173984
v 0.007165 0.855628 -0.173984
v 0.012848 0.853996 -0.173984
v 0.012848 0.855628 -0.173984
v 0.010006 0.853996 -0.176826
v 0.010006 0.855628 -0.176826
v 0.010006 0.853996 -0.171142
v 0.010006 0.855628 -0.171142
v 0.010006 0.856560 -0.173984
v 0.010006 0.853996 -0.173984
v 0.007971 0.853996 -0.202185
v 0.007971 0.855628 -0.202185
v 0.007971 0.853996 -0.206256
v 0.007971 0.855628 -0.206256
v 0.012042 0.853996 -0.202185
v 0.012042 0.855628 -0.202185
v 0.012042 0.853996 -0.206256
v 0.012042 0.855628 -0.206256
v 0.007165 0.853996 -0.204221
v 0.007165 0.855628 -0.204221
v 0.012848 0.853996 -0.204221
v 0.012848 0.855628 -0.204221
v 0.010006 0.853996 -0.207063
v 0.010006 0.855628 -0.207063
v 0.010006 0.853996 -0.201379
v 0.010006 0.855628 -0.201379
v 0.010006 0.856560 -0.204221
v 0.010006 0.853996 -0.204221
v 0.007971 0.853996 -0.232422
v 0.007971 0.855628 -0.232422
v 0.007971 0.853996 -0.236493
v 0.007971 0.855628 -0.236493
v 0.012042 0.853996 -0.232422
v 0.012042 0.855628 -0.232422
v 0.012042 0.853996 -0.236493
v 0.012042 0.855628 -0.236493
v 0.007165 0.853996 -0.234457
v 0.007165 0.855628 -0.234457
v 0.012848 0.853996 -0.234457
v 0.012848 0.855628 -0.234457
v 0.010006 0.853996 -0.237299
v 0.010006 0.855628 -0.237299
v 0.010006 0.853996 -0.231616
v 0.010006 0.855628 -0.231616
v 0.010006 0.856560 -0.234457
v 0.010006 0.853996 -0.234457
v 0.007971 0.853996 -0.262659
v 0.007971 0.855628 -0.262659
v 0.007971 0.853996 -0.266729
v 0.007971 0.855628 -0.266729
v 0.012042 0.853996 -0.262659
v 0.012042 0.855628 -0.262659
v 0.012042 0.853996 -0.266729
v 0.012042 0.855628 -0.266729
v 0.007165 0.853996 -0.264694
v 0.007165 0.855628 -0.264694
v 0.012848 0.853996 -0.264694
v 0.012848 0.855628 -0.264694
v 0.010006 0.853996 -0.267536
v 0.010006 0.855628 -0.267536
v 0.010006 0.853996 -0.261852
v 0.010006 0.855628 -0.261852
v 0.010006 0.856560 -0.264694
v 0.010006 0.853996 -0.264694
v 0.007971 0.853996 -0.292895
v 0.007971 0.855628 -0.292895
v 0.007971 0.853996 -0.296966
v 0.007971 0.855628 -0.296966
v 0.012042 0.853996 -0.292895
v 0.012042 0.855628 -0.292895
v 0.012042 0.853996 -0.296966
v 0.012042 0.855628 -0.296966
v 0.007165 0.853996 -0.294931
v 0.007165 0.855628 -0.294931
v 0.012848 0.853996 -0.294931
v 0.012848 0.855628 -0.294931
v 0.010006 0.853996 -0.297772
v 0.010006 0.855628 -0.297772
v 0.010006 0.853996 -0.292089
v 0.010006 0.855628 -0.292089
v 0.010006 0.856560 -0.294931
v 0.010006 0.853996 -0.294931
v 0.007971 0.853996 -0.323132
v 0.007971 0.855628 -0.323132
v 0.007971 0.853996 -0.327203
v 0.007971 0.855628 -0.327203
v 0.012042 0.853996 -0.323132
v 0.012042 0.855628 -0.323132
v 0.012042 0.853996 -0.327203
v 0.012042 0.855628 -0.327203
v 0.007165 0.853996 -0.325167
v 0.007165 0.855628 -0.325167
v 0.012848 0.853996 -0.325167
v 0.012848 0.855628 -0.325167
v 0.010006 0.853996 -0.328009
v 0.010006 0.855628 -0.328009
v 0.010006 0.853996 -0.322325
v 0.010006 0.855628 -0.322325
v 0.010006 0.856560 -0.325167
v 0.010006 0.853996 -0.325167
v 0.007971 0.853996 -0.353368
v 0.007971 0.855628 -0.353368
v 0.007971 0.853996 -0.357439
v 0.007971 0.855628 -0.357439
v 0.012042 0.853996 -0.353368
v 0.012042 0.855628 -0.353368
v 0.012042 0.853996 -0.357439
v 0.012042 0.855628 -0.357439
v 0.007165 0.853996 -0.355404
v 0.007165 0.855628 -0.355404
v 0.012848 0.853996 -0.355404
v 0.012848 0.855628 -0.355404
v 0.010006 0.853996 -0.358246
v 0.010006 0.855628 -0.358246
v 0.010006 0.853996 -0.352562
v 0.010006 0.855628 -0.352562
v 0.010006 0.856560 -0.355404
v 0.010006 0.853996 -0.355404
v 0.007971 0.853996 -0.383605
v 0.007971 0.855628 -0.383605
v 0.007971 0.853996 -0.387676
v 0.007971 0.855628 -0.387676
v 0.012042 0.853996 -0.383605
v 0.012042 0.855628 -0.383605
v 0.012042 0.853996 -0.387676
v 0.012042 0.855628 -0.387676
v 0.007165 0.853996 -0.385640
v 0.007165 0.855628 -0.385640
v 0.012848 0.853996 -0.385640
v 0.012848 0.855628 -0.385640
v 0.010006 0.853996 -0.388482
v 0.010006 0.855628 -0.388482
v 0.010006 0.853996 -0.382799
v 0.010006 0.855628 -0.382799
v 0.010006 0.856560 -0.385640
v 0.010006 0.853996 -0.385640
v 0.007971 0.853996 -0.413842
v 0.007971 0.855628 -0.413842
v 0.007971 0.853996 -0.417912
v 0.007971 0.855628 -0.417912
v 0.012042 0.853996 -0.413842
v 0.012042 0.855628 -0.413842
v 0.012042 0.853996 -0.417912
v 0.012042 0.855628 -0.417912
v 0.007165 0.853996 -0.415877
v 0.007165 0.855628 -0.415877
v 0.012848 0.853996 -0.415877
v 0.012848 0.855628 -0.415877
v 0.010006 0.853996 -0.418719
v 0.010006 0.855628 -0.418719
v 0.010006 0.853996 -0.413035
v 0.010006 0.855628 -0.413035
v 0.010006 0.856560 -0.415877
v 0.010006 0.853996 -0.415877
v 0.007971 0.853996 -0.444078
v 0.007971 0.855628 -0.444078
v 0.007971 0.853996 -0.448149
v 0.007971 0.855628 -0.448149
v 0.012042 0.853996 -0.444078
v 0.012042 0.855628 -0.444078
v 0.012042 0.853996 -0.448149
v 0.012042 0.855628 -0.448149
v 0.007165 0.853996 -0.446114
v 0.007165 0.855628 -0.446114
v 0.012848 0.853996 -0.446114
v 0.012848 0.855628 -0.446114
v 0.010006 0.853996 -0.448955
v 0.010006 0.855628 -0.448955
v 0.010006 0.853996 -0.443272
v 0.010006 0.855628 -0.443272
v 0.010006 0.856560 -0.446114
v 0.010006 0.853996 -0.446114
v 0.007971 0.853996 -0.474315
v 0.007971 0.855628 -0.474315
v 0.007971 0.853996 -0.478386
v 0.007971 0.855628 -0.478386
v 0.012042 0.853996 -0.474315
v 0.012042 0.855628 -0.474315
v 0.012042 0.853996 -0.478386
v 0.012042 0.855628 -0.478386
v 0.007165 0.853996 -0.476350
v 0.007165 0.855628 -0.476350
v 0.012848 0.853996 -0.476350
v 0.012848 0.855628 -0.476350
v 0.010006 0.853996 -0.479192
v 0.010006 0.855628 -0.479192
v 0.010006 0.853996 -0.473508
v 0.010006 0.855628 -0.473508
v 0.010006 0.856560 -0.476350
v 0.010006 0.853996 -0.476350
v 0.007971 0.853996 -0.504551
v 0.007971 0.855628 -0.504551
v 0.007971 0.853996 -0.508622
v 0.007971 0.855628 -0.508622
v 0.012042 0.853996 -0.504551
v 0.012042 0.855628 -0.504551
v 0.012042 0.853996 -0.508622
v 0.012042 0.855628 -0.508622
v 0.007165 0.853996 -0.506587
v 0.007165 0.855628 -0.506587
v 0.012848 0.853996 -0.506587
v 0.012848 0.855628 -0.506587
v 0.010006 0.853996 -0.509428
v 0.010006 0.855628 -0.509428
v 0.010006 0.853996 -0.503745
v 0.010006 0.855628 -0.503745
v 0.010006 0.856560 -0.506587
v 0.010006 0.853996 -0.506587
v 0.007971 0.853996 -0.534788
v 0.007971 0.855628 -0.534788
v 0.007971 0.853996 -0.538859
v 0.007971 0.855628 -0.538859
v 0.012042 0.853996 -0.534788
v 0.012042 0.855628 -0.534788
v 0.012042 0.853996 -0.538859
v 0.012042 0.855628 -0.538859
v 0.007165 0.853996 -0.536823
v 0.007165 0.855628 -0.536823
v 0.012848 0.853996 -0.536823
v 0.012848 0.855628 -0.536823
v 0.010006 0.853996 -0.539665
v 0.010006 0.855628 -0.539665
v 0.010006 0.853996 -0.533982
v 0.010006 0.855628 -0.533982
v 0.010006 0.856560 -0.536823
v 0.010006 0.853996 -0.536823
v 0.007971 0.853996 -0.565024
v 0.007971 0.855628 -0.565024
v 0.007971 0.853996 -0.569095
v 0.007971 0.855628 -0.569095
v 0.012042 0.853996 -0.565024
v 0.012042 0.855628 -0.565024
v 0.012042 0.853996 -0.569095
v 0.012042 0.855628 -0.569095
v 0.007165 0.853996 -0.567060
v 0.007165 0.855628 -0.567060
v 0.012848 0.853996 -0.567060
v 0.012848 0.855628 -0.567060
v 0.010006 0.853996 -0.569902
v 0.010006 0.855628 -0.569902
v 0.010006 0.853996 -0.564218
v 0.010006 0.855628 -0.564218
v 0.010006 0.856560 -0.567060
v 0.010006 0.853996 -0.567060
vn -0.9297 -0.0000 -0.3683
vn 0.3683 -0.0000 -0.9297
vn 0.9297 -0.0000 0.3683
vn -0.3683 -0.0000 0.9297
vn -0.0000 -1.0000 -0.0000
vn -0.2179 0.9513 0.2179
vn -0.2179 0.9513 -0.2179
vn 0.9297 -0.0000 -0.3683
vn -0.9297 -0.0000 0.3683
vn 0.2179 0.9513 -0.2179
vn 0.2179 0.9513 0.2179
vn 0.3683 -0.0000 0.9297
vn -0.3683 -0.0000 -0.9297
vt 0.375000 0.125000
vt 0.625000 0.125000
vt 0.625000 0.250000
vt 0.375000 0.250000
vt 0.375000 0.375000
vt 0.625000 0.375000
vt 0.625000 0.500000
vt 0.375000 0.500000
vt 0.375000 0.625000
vt 0.625000 0.625000
vt 0.625000 0.750000
vt 0.375000 0.750000
vt 0.375000 0.875000
vt 0.625000 0.875000
vt 0.625000 1.000000
vt 0.375000 1.000000
vt 0.250000 0.625000
vt 0.250000 0.750000
vt 0.750000 0.625000
vt 0.875000 0.625000
vt 0.875000 0.750000
vt 0.750000 0.750000
vt 0.750000 0.500000
vt 0.875000 0.500000
vt 0.250000 0.500000
vt 0.375000 0.000000
vt 0.625000 0.000000
vt 0.125000 0.500000
vt 0.125000 0.625000
vt 0.125000 0.750000
s 0
usemtl 
f 1848/528/604 1849/529/604 1843/530/604 1842/531/604
f 1852/532/605 1853/533/605 1847/534/605 1846/535/605
f 1850/536/606 1851/537/606 1845/538/606 1844/539/606
f 1854/540/607 1855/541/607 1841/542/607 1840/543/607
f 1857/544/608 1850/536/608 1844/539/608 1854/545/608
f 1856/546/609 1849/547/609 1841/548/609 1855/549/609
f 1853/550/610 1843/551/610 1849/547/610 1856/546/610
f 1852/552/608 1846/535/608 1850/536/608 1857/544/608
f 1846/535/611 1847/534/611 1851/537/611 1850/536/611
f 1840/553/612 1841/554/612 1849/529/612 1848/528/612
f 1842/555/608 1852/552/608 1857/544/608 1848/556/608
f 1847/534/613 1853/550/613 1856/546/613 1851/537/613
f 1851/537/614 1856/546/614 1855/549/614 1845/538/614
f 1848/556/608 1857/544/608 1854/545/608 1840/557/608
f 1844/539/615 1845/538/615 1855/541/615 1854/540/615
f 1842/531/616 1843/530/616 1853/533/616 1852/532/616
f 1866/528/604 1867/529/604 1861/530/604 1860/531/604
f 1870/532/605 1871/533/605 1865/534/605 1864/535/605
f 1868/536/606 1869/537/606 1863/538/606 1862/539/606
f 1872/540/607 1873/541/607 1859/542/607 1858/543/607
f 1875/544/608 1868/536/608 1862/539/608 1872/545/608
f 1874/546/609 1867/547/609 1859/548/609 1873/549/609
f 1871/550/610 1861/551/610 1867/547/610 1874/546/610
f 1870/552/608 1864/535/608 1868/536/608 1875/544/608
f 1864/535/611 1865/534/611 1869/537/611 1868/536/611
f 1858/553/612 1859/554/612 1867/529/612 1866/528/612
f 1860/555/608 1870/552/608 1875/544/608 1866/556/608
f 1865/534/613 1871/550/613 1874/546/613 1869/537/613
f 1869/537/614 1874/546/614 1873/549/614 1863/538/614
f 1866/556/608 1875/544/608 1872/545/608 1858/557/608
f 1862/539/615 1863/538/615 1873/541/615 1872/540/615
f 1860/531/616 1861/530/616 1871/533/616 1870/532/616
f 1884/528/604 1885/529/604 1879/530/604 1878/531/604
f 1888/532/605 1889/533/605 1883/534/605 1882/535/605
f 1886/536/606 1887/537/606 1881/538/606 1880/539/606
f 1890/540/607 1891/541/607 1877/542/607 1876/543/607
f 1893/544/608 1886/536/608 1880/539/608 1890/545/608
f 1892/546/609 1885/547/609 1877/548/609 1891/549/609
f 1889/550/610 1879/551/610 1885/547/610 1892/546/610
f 1888/552/608 1882/535/608 1886/536/608 1893/544/608
f 1882/535/611 1883/534/611 1887/537/611 1886/536/611
f 1876/553/612 1877/554/612 1885/529/612 1884/528/612
f 1878/555/608 1888/552/608 1893/544/608 1884/556/608
f 1883/534/613 1889/550/613 1892/546/613 1887/537/613
f 1887/537/614 1892/546/614 1891/549/614 1881/538/614
f 1884/556/608 1893/544/608 1890/545/608 1876/557/608
f 1880/539/615 1881/538/615 1891/541/615 1890/540/615
f 1878/531/616 1879/530/616 1889/533/616 1888/532/616
f 1902/528/604 1903/529/604 1897/530/604 1896/531/604
f 1906/532/605 1907/533/605 1901/534/605 1900/535/605
f 1904/536/606 1905/537/606 1899/538/606 1898/539/606
f 1908/540/607 1909/541/607 1895/542/607 1894/543/607
f 1911/544/608 1904/536/608 1898/539/608 1908/545/608
f 1910/546/609 1903/547/609 1895/548/609 1909/549/609
f 1907/550/610 1897/551/610 1903/547/610 1910/546/610
f 1906/552/608 1900/535/608 1904/536/608 1911/544/608
f 1900/535/611 1901/534/611 1905/537/611 1904/536/611
f 1894/553/612 1895/554/612 1903/529/612 1902/528/612
f 1896/555/608 1906/552/608 1911/544/608 1902/556/608
f 1901/534/613 1907/550/613 1910/546/613 1905/537/613
f 1905/537/614 1910/546/614 1909/549/614 1899/538/614
f 1902/556/608 1911/544/608 1908/545/608 1894/557/608
f 1898/539/615 1899/538/615 1909/541/615 1908/540/615
f 1896/531/616 1897/530/616 1907/533/616 1906/532/616
f 1920/528/604 1921/529/604 1915/530/604 1914/531/604
f 1924/532/605 1925/533/605 1919/534/605 1918/535/605
f 1922/536/606 1923/537/606 1917/538/606 1916/539/606
f 1926/540/607 1927/541/607 1913/542/607 1912/543/607
f 1929/544/608 1922/536/608 1916/539/608 1926/545/608
f 1928/546/609 1921/547/609 1913/548/609 1927/549/609
f 1925/550/610 1915/551/610 1921/547/610 1928/546/610
f 1924/552/608 1918/535/608 1922/536/608 1929/544/608
f 1918/535/611 1919/534/611 1923/537/611 1922/536/611
f 1912/553/612 1913/554/612 1921/529/612 1920/528/612
f 1914/555/608 1924/552/608 1929/544/608 1920/556/608
f 1919/534/613 1925/550/613 1928/546/613 1923/537/613
f 1923/537/614 1928/546/614 1927/549/614 1917/538/614
f 1920/556/608 1929/544/608 1926/545/608 1912/557/608
f 1916/539/615 1917/538/615 1927/541/615 1926/540/615
f 1914/531/616 1915/530/616 1925/533/616 1924/532/616
f 1938/528/604 1939/529/604 1933/530/604 1932/531/604
f 1942/532/605 1943/533/605 1937/534/605 1936/535/605
f 1940/536/606 1941/537/606 1935/538/606 1934/539/606
f 1944/540/607 1945/541/607 1931/542/607 1930/543/607
f 1947/544/608 1940/536/608 1934/539/608 1944/545/608
f 1946/546/609 1939/547/609 1931/548/609 1945/549/609
f 1943/550/610 1933/551/610 1939/547/610 1946/546/610
f 1942/552/608 1936/535/608 1940/536/608 1947/544/608
f 1936/535/611 1937/534/611 1941/537/611 1940/536/611
f 1930/553/612 1931/554/612 1939/529/612 1938/528/612
f 1932/555/608 1942/552/608 1947/544/608 1938/556/608
f 1937/534/613 1943/550/613 1946/546/613 1941/537/613
f 1941/537/614 1946/546/614 1945/549/614 1935/538/614
f 1938/556/608 1947/544/608 1944/545/608 1930/557/608
f 1934/539/615 1935/538/615 1945/541/615 1944/540/615
f 1932/531/616 1933/530/616 1943/533/616 1942/532/616
f 1956/528/604 1957/529/604 1951/530/604 1950/531/604
f 1960/532/605 1961/533/605 1955/534/605 1954/535/605
f 1958/536/606 1959/537/606 1953/538/606 1952/539/606
f 1962/540/607 1963/541/607 1949/542/607 1948/543/607
f 1965/544/608 1958/536/608 1952/539/608 1962/545/608
f 1964/546/609 1957/547/609 1949/548/609 1963/549/609
f 1961/550/610 1951/551/610 1957/547/610 1964/546/610
f 1960/552/608 1954/535/608 1958/536/608 1965/544/608
f 1954/535/611 1955/534/611 1959/537/611 1958/536/611
f 1948/553/612 1949/554/612 1957/529/612 1956/528/612
f 1950/555/608 1960/552/608 1965/544/608 1956/556/608
f 1955/534/613 1961/550/613 1964/546/613 1959/537/613
f 1959/537/614 1964/546/614 1963/549/614 1953/538/614
f 1956/556/608 1965/544/608 1962/545/608 1948/557/608
f 1952/539/615 1953/538/615 1963/541/615 1962/540/615
f 1950/531/616 1951/530/616 1961/533/616 1960/532/616
f 1974/528/604 1975/529/604 1969/530/604 1968/531/604
f 1978/532/605 1979/533/605 1973/534/605 1972/535/605
f 1976/536/606 1977/537/606 1971/538/606 1970/539/606
f 1980/540/607 1981/541/607 1967/542/607 1966/543/607
f 1983/544/608 1976/536/608 1970/539/608 1980/545/608
f 1982/546/609 1975/547/609 1967/548/609 1981/549/609
f 1979/550/610 1969/551/610 1975/547/610 1982/546/610
f 1978/552/608 1972/535/608 1976/536/608 1983/544/608
f 1972/535/611 1973/534/611 1977/537/611 1976/536/611
f 1966/553/612 1967/554/612 1975/529/612 1974/528/612
f 1968/555/608 1978/552/608 1983/544/608 1974/556/608
f 1973/534/613 1979/550/613 1982/546/613 1977/537/613
f 1977/537/614 1982/546/614 1981/549/614 1971/538/614
f 1974/556/608 1983/544/608 1980/545/608 1966/557/608
f 1970/539/615 1971/538/615 1981/541/615 1980/540/615
f 1968/531/616 1969/530/616 1979/533/616 1978/532/616
f 1992/528/604 1993/529/604 1987/530/604 1986/531/604
f 1996/532/605 1997/533/605 1991/534/605 1990/535/605
f 1994/536/606 1995/537/606 1989/538/606 1988/539/606
f 1998/540/607 1999/541/607 1985/542/607 1984/543/607
f 2001/544/608 1994/536/608 1988/539/608 1998/545/608
f 2000/546/609 1993/547/609 1985/548/609 1999/549/609
f 1997/550/610 1987/551/610 1993/547/610 2000/546/610
f 1996/552/608 1990/535/608 1994/536/608 2001/544/608
f 1990/535/611 1991/534/611 1995/537/611 1994/536/611
f 1984/553/612 1985/554/612 1993/529/612 1992/528/612
f 1986/555/608 1996/552/608 2001/544/608 1992/556/608
f 1991/534/613 1997/550/613 2000/546/613 1995/537/613
f 1995/537/614 2000/546/614 1999/549/614 1989/538/614
f 1992/556/608 2001/544/608 1998/545/608 1984/557/608
f 1988/539/615 1989/538/615 1999/541/615 1998/540/615
f 1986/531/616 1987/530/616 1997/533/616 1996/532/616
f 2010/528/604 2011/529/604 2005/530/604 2004/531/604
f 2014/532/605 2015/533/605 2009/534/605 2008/535/605
f 2012/536/606 2013/537/606 2007/538/606 2006/539/606
f 2016/540/607 2017/541/607 2003/542/607 2002/543/607
f 2019/544/608 2012/536/608 2006/539/608 2016/545/608
f 2018/546/609 2011/547/609 2003/548/609 2017/549/609
f 2015/550/610 2005/551/610 2011/547/610 2018/546/610
f 2014/552/608 2008/535/608 2012/536/608 2019/544/608
f 2008/535/611 2009/534/611 2013/537/611 2012/536/611
f 2002/553/612 2003/554/612 2011/529/612 2010/528/612
f 2004/555/608 2014/552/608 2019/544/608 2010/556/608
f 2009/534/613 2015/550/613 2018/546/613 2013/537/613
f 2013/537/614 2018/546/614 2017/549/614 2007/538/614
f 2010/556/608 2019/544/608 2016/545/608 2002/557/608
f 2006/539/615 2007/538/615 2017/541/615 2016/540/615
f 2004/531/616 2005/530/616 2015/533/616 2014/532/616
f 2028/528/604 2029/529/604 2023/530/604 2022/531/604
f 2032/532/605 2033/533/605 2027/534/605 2026/535/605
f 2030/536/606 2031/537/606 2025/538/606 2024/539/606
f 2034/540/607 2035/541/607 2021/542/607 2020/543/607
f 2037/544/608 2030/536/608 2024/539/608 2034/545/608
f 2036/546/609 2029/547/609 2021/548/609 2035/549/609
f 2033/550/610 2023/551/610 2029/547/610 2036/546/610
f 2032/552/608 2026/535/608 2030/536/608 2037/544/608
f 2026/535/611 2027/534/611 2031/537/611 2030/536/611
f 2020/553/612 2021/554/612 2029/529/612 2028/528/612
f 2022/555/608 2032/552/608 2037/544/608 2028/556/608
f 2027/534/613 2033/550/613 2036/546/613 2031/537/613
f 2031/537/614 2036/546/614 2035/549/614 2025/538/614
f 2028/556/608 2037/544/608 2034/545/608 2020/557/608
f 2024/539/615 2025/538/615 2035/541/615 2034/540/615
f 2022/531/616 2023/530/616 2033/533/616 2032/532/616
f 2046/528/604 2047/529/604 2041/530/604 2040/531/604
f 2050/532/605 2051/533/605 2045/534/605 2044/535/605
f 2048/536/606 2049/537/606 2043/538/606 2042/539/606
f 2052/540/607 2053/541/607 2039/542/607 2038/543/607
f 2055/544/608 2048/536/608 2042/539/608 2052/545/608
f 2054/546/609 2047/547/609 2039/548/609 2053/549/609
f 2051/550/610 2041/551/610 2047/547/610 2054/546/610
f 2050/552/608 2044/535/608 2048/536/608 2055/544/608
f 2044/535/611 2045/534/611 2049/537/611 2048/536/611
f 2038/553/612 2039/554/612 2047/529/612 2046/528/612
f 2040/555/608 2050/552/608 2055/544/608 2046/556/608
f 2045/534/613 2051/550/613 2054/546/613 2049/537/613
f 2049/537/614 2054/546/614 2053/549/614 2043/538/614
f 2046/556/608 2055/544/608 2052/545/608 2038/557/608
f 2042/539/615 2043/538/615 2053/541/615 2052/540/615
f 2040/531/616 2041/530/616 2051/533/616 2050/532/616
f 2064/528/604 2065/529/604 2059/530/604 2058/531/604
f 2068/532/605 2069/533/605 2063/534/605 2062/535/605
f 2066/536/606 2067/537/606 2061/538/606 2060/539/606
f 2070/540/607 2071/541/607 2057/542/607 2056/543/607
f 2073/544/608 2066/536/608 2060/539/608 2070/545/608
f 2072/546/609 2065/547/609 2057/548/609 2071/549/609
f 2069/550/610 2059/551/610 2065/547/610 2072/546/610
f 2068/552/608 2062/535/608 2066/536/608 2073/544/608
f 2062/535/611 2063/534/611 2067/537/611 2066/536/611
f 2056/553/612 2057/554/612 2065/529/612 2064/528/612
f 2058/555/608 2068/552/608 2073/544/608 2064/556/608
f 2063/534/613 2069/550/613 2072/546/613 2067/537/613
f 2067/537/614 2072/546/614 2071/549/614 2061/538/614
f 2064/556/608 2073/544/608 2070/545/608 2056/557/608
f 2060/539/615 2061/538/615 2071/541/615 2070/540/615
f 2058/531/616 2059/530/616 2069/533/616 2068/532/616
f 2082/528/604 2083/529/604 2077/530/604 2076/531/604
f 2086/532/605 2087/533/605 2081/534/605 2080/535/605
f 2084/536/606 2085/537/606 2079/538/606 2078/539/606
f 2088/540/607 2089/541/607 2075/542/607 2074/543/607
f 2091/544/608 2084/536/608 2078/539/608 2088/545/608
f 2090/546/609 2083/547/609 2075/548/609 2089/549/609
f 2087/550/610 2077/551/610 2083/547/610 2090/546/610
f 2086/552/608 2080/535/608 2084/536/608 2091/544/608
f 2080/535/611 2081/534/611 2085/537/611 2084/536/611
f 2074/553/612 2075/554/612 2083/529/612 2082/528/612
f 2076/555/608 2086/552/608 2091/544/608 2082/556/608
f 2081/534/613 2087/550/613 2090/546/613 2085/537/613
f 2085/537/614 2090/546/614 2089/549/614 2079/538/614
f 2082/556/608 2091/544/608 2088/545/608 2074/557/608
f 2078/539/615 2079/538/615 2089/541/615 2088/540/615
f 2076/531/616 2077/530/616 2087/533/616 2086/532/616
f 2100/528/604 2101/529/604 2095/530/604 2094/531/604
f 2104/532/605 2105/533/605 2099/534/605 2098/535/605
f 2102/536/606 2103/537/606 2097/538/606 2096/539/606
f 2106/540/607 2107/541/607 2093/542/607 2092/543/607
f 2109/544/608 2102/536/608 2096/539/608 2106/545/608
f 2108/546/609 2101/547/609 2093/548/609 2107/549/609
f 2105/550/610 2095/551/610 2101/547/610 2108/546/610
f 2104/552/608 2098/535/608 2102/536/608 2109/544/608
f 2098/535/611 2099/534/611 2103/537/611 2102/536/611
f 2092/553/612 2093/554/612 2101/529/612 2100/528/612
f 2094/555/608 2104/552/608 2109/544/608 2100/556/608
f 2099/534/613 2105/550/613 2108/546/613 2103/537/613
f 2103/537/614 2108/546/614 2107/549/614 2097/538/614
f 2100/556/608 2109/544/608 2106/545/608 2092/557/608
f 2096/539/615 2097/538/615 2107/541/615 2106/540/615
f 2094/531/616 2095/530/616 2105/533/616 2104/532/616
f 2118/528/604 2119/529/604 2113/530/604 2112/531/604
f 2122/532/605 2123/533/605 2117/534/605 2116/535/605
f 2120/536/606 2121/537/606 2115/538/606 2114/539/606
f 2124/540/607 2125/541/607 2111/542/607 2110/543/607
f 2127/544/608 2120/536/608 2114/539/608 2124/545/608
f 2126/546/609 2119/547/609 2111/548/609 2125/549/609
f 2123/550/610 2113/551/610 2119/547/610 2126/546/610
f 2122/552/608 2116/535/608 2120/536/608 2127/544/608
f 2116/535/611 2117/534/611 2121/537/611 2120/536/611
f 2110/553/612 2111/554/612 2119/529/612 2118/528/612
f 2112/555/608 2122/552/608 2127/544/608 2118/556/608
f 2117/534/613 2123/550/613 2126/546/613 2121/537/613
f 2121/537/614 2126/546/614 2125/549/614 2115/538/614
f 2118/556/608 2127/544/608 2124/545/608 2110/557/608
f 2114/539/615 2115/538/615 2125/541/615 2124/540/615
f 2112/531/616 2113/530/616 2123/533/616 2122/532/616
f 2136/528/604 2137/529/604 2131/530/604 2130/531/604
f 2140/532/605 2141/533/605 2135/534/605 2134/535/605
f 2138/536/606 2139/537/606 2133/538/606 2132/539/606
f 2142/540/607 2143/541/607 2129/542/607 2128/543/607
f 2145/544/608 2138/536/608 2132/539/608 2142/545/608
f 2144/546/609 2137/547/609 2129/548/609 2143/549/609
f 2141/550/610 2131/551/610 2137/547/610 2144/546/610
f 2140/552/608 2134/535/608 2138/536/608 2145/544/608
f 2134/535/611 2135/534/611 2139/537/611 2138/536/611
f 2128/553/612 2129/554/612 2137/529/612 2136/528/612
f 2130/555/608 2140/552/608 2145/544/608 2136/556/608
f 2135/534/613 2141/550/613 2144/546/613 2139/537/613
f 2139/537/614 2144/546/614 2143/549/614 2133/538/614
f 2136/556/608 2145/544/608 2142/545/608 2128/557/608
f 2132/539/615 2133/538/615 2143/541/615 2142/540/615
f 2130/531/616 2131/530/616 2141/533/616 2140/532/616
f 2154/528/604 2155/529/604 2149/530/604 2148/531/604
f 2158/532/605 2159/533/605 2153/534/605 2152/535/605
f 2156/536/606 2157/537/606 2151/538/606 2150/539/606
f 2160/540/607 2161/541/607 2147/542/607 2146/543/607
f 2163/544/608 2156/536/608 2150/539/608 2160/545/608
f 2162/546/609 2155/547/609 2147/548/609 2161/549/609
f 2159/550/610 2149/551/610 2155/547/610 2162/546/610
f 2158/552/608 2152/535/608 2156/536/608 2163/544/608
f 2152/535/611 2153/534/611 2157/537/611 2156/536/611
f 2146/553/612 2147/554/612 2155/529/612 2154/528/612
f 2148/555/608 2158/552/608 2163/544/608 2154/556/608
f 2153/534/613 2159/550/613 2162/546/613 2157/537/613
f 2157/537/614 2162/546/614 2161/549/614 2151/538/614
f 2154/556/608 2163/544/608 2160/545/608 2146/557/608
f 2150/539/615 2151/538/615 2161/541/615 2160/540/615
f 2148/531/616 2149/530/616 2159/533/616 2158/532/616
f 2172/528/604 2173/529/604 2167/530/604 2166/531/604
f 2176/532/605 2177/533/605 2171/534/605 2170/535/605
f 2174/536/606 2175/537/606 2169/538/606 2168/539/606
f 2178/540/607 2179/541/607 2165/542/607 2164/543/607
f 2181/544/608 2174/536/608 2168/539/608 2178/545/608
f 2180/546/609 2173/547/609 2165/548/609 2179/549/609
f 2177/550/610 2167/551/610 2173/547/610 2180/546/610
f 2176/552/608 2170/535/608 2174/536/608 2181/544/608
f 2170/535/611 2171/534/611 2175/537/611 2174/536/611
f 2164/553/612 2165/554/612 2173/529/612 2172/528/612
f 2166/555/608 2176/552/608 2181/544/608 2172/556/608
f 2171/534/613 2177/550/613 2180/546/613 2175/537/613
f 2175/537/614 2180/546/614 2179/549/614 2169/538/614
f 2172/556/608 2181/544/608 2178/545/608 2164/557/608
f 2168/539/615 2169/538/615 2179/541/615 2178/540/615
f 2166/531/616 2167/530/616 2177/533/616 2176/532/616
f 2190/528/604 2191/529/604 2185/530/604 2184/531/604
f 2194/532/605 2195/533/605 2189/534/605 2188/535/605
f 2192/536/606 2193/537/606 2187/538/606 2186/539/606
f 2196/540/607 2197/541/607 2183/542/607 2182/543/607
f 2199/544/608 2192/536/608 2186/539/608 2196/545/608
f 2198/546/609 2191/547/609 2183/548/609 2197/549/609
f 2195/550/610 2185/551/610 2191/547/610 2198/546/610
f 2194/552/608 2188/535/608 2192/536/608 2199/544/608
f 2188/535/611 2189/534/611 2193/537/611 2192/536/611
f 2182/553/612 2183/554/612 2191/529/612 2190/528/612
f 2184/555/608 2194/552/608 2199/544/608 2190/556/608
f 2189/534/613 2195/550/613 2198/546/613 2193/537/613
f 2193/537/614 2198/546/614 2197/549/614 2187/538/614
f 2190/556/608 2199/544/608 2196/545/608 2182/557/608
f 2186/539/615 2187/538/615 2197/541/615 2196/540/615
f 2184/531/616 2185/530/616 2195/533/616 2194/532/616
f 2208/528/604 2209/529/604 2203/530/604 2202/531/604
f 2212/532/605 2213/533/605 2207/534/605 2206/535/605
f 2210/536/606 2211/537/606 2205/538/606 2204/539/606
f 2214/540/607 2215/541/607 2201/542/607 2200/543/607
f 2217/544/608 2210/536/608 2204/539/608 2214/545/608
f 2216/546/609 2209/547/609 2201/548/609 2215/549/609
f 2213/550/610 2203/551/610 2209/547/610 2216/546/610
f 2212/552/608 2206/535/608 2210/536/608 2217/544/608
f 2206/535/611 2207/534/611 2211/537/611 2210/536/611
f 2200/553/612 2201/554/612 2209/529/612 2208/528/612
f 2202/555/608 2212/552/608 2217/544/608 2208/556/608
f 2207/534/613 2213/550/613 2216/546/613 2211/537/613
f 2211/537/614 2216/546/614 2215/549/614 2205/538/614
f 2208/556/608 2217/544/608 2214/545/608 2200/557/608
f 2204/539/615 2205/538/615 2215/541/615 2214/540/615
f 2202/531/616 2203/530/616 2213/533/616 2212/532/616
f 2226/528/604 2227/529/604 2221/530/604 2220/531/604
f 2230/532/605 2231/533/605 2225/534/605 2224/535/605
f 2228/536/606 2229/537/606 2223/538/606 2222/539/606
f 2232/540/607 2233/541/607 2219/542/607 2218/543/607
f 2235/544/608 2228/536/608 2222/539/608 2232/545/608
f 2234/546/609 2227/547/609 2219/548/609 2233/549/609
f 2231/550/610 2221/551/610 2227/547/610 2234/546/610
f 2230/552/608 2224/535/608 2228/536/608 2235/544/608
f 2224/535/611 2225/534/611 2229/537/611 2228/536/611
f 2218/553/612 2219/554/612 2227/529/612 2226/528/612
f 2220/555/608 2230/552/608 2235/544/608 2226/556/608
f 2225/534/613 2231/550/613 2234/546/613 2229/537/613
f 2229/537/614 2234/546/614 2233/549/614 2223/538/614
f 2226/556/608 2235/544/608 2232/545/608 2218/557/608
f 2222/539/615 2223/538/615 2233/541/615 2232/540/615
f 2220/531/616 2221/530/616 2231/533/616 2230/532/616
f 2244/528/604 2245/529/604 2239/530/604 2238/531/604
f 2248/532/605 2249/533/605 2243/534/605 2242/535/605
f 2246/536/606 2247/537/606 2241/538/606 2240/539/606
f 2250/540/607 2251/541/607 2237/542/607 2236/543/607
f 2253/544/608 2246/536/608 2240/539/608 2250/545/608
f 2252/546/609 2245/547/609 2237/548/609 2251/549/609
f 2249/550/610 2239/551/610 2245/547/610 2252/546/610
f 2248/552/608 2242/535/608 2246/536/608 2253/544/608
f 2242/535/611 2243/534/611 2247/537/611 2246/536/611
f 2236/553/612 2237/554/612 2245/529/612 2244/528/612
f 2238/555/608 2248/552/608 2253/544/608 2244/556/608
f 2243/534/613 2249/550/613 2252/546/613 2247/537/613
f 2247/537/614 2252/546/614 2251/549/614 2241/538/614
f 2244/556/608 2253/544/608 2250/545/608 2236/557/608
f 2240/539/615 2241/538/615 2251/541/615 2250/540/615
f 2238/531/616 2239/530/616 2249/533/616 2248/532/616
f 2262/528/604 2263/529/604 2257/530/604 2256/531/604
f 2266/532/605 2267/533/605 2261/534/605 2260/535/605
f 2264/536/606 2265/537/606 2259/538/606 2258/539/606
f 2268/540/607 2269/541/607 2255/542/607 2254/543/607
f 2271/544/608 2264/536/608 2258/539/608 2268/545/608
f 2270/546/609 2263/547/609 2255/548/609 2269/549/609
f 2267/550/610 2257/551/610 2263/547/610 2270/546/610
f 2266/552/608 2260/535/608 2264/536/608 2271/544/608
f 2260/535/611 2261/534/611 2265/537/611 2264/536/611
f 2254/553/612 2255/554/612 2263/529/612 2262/528/612
f 2256/555/608 2266/552/608 2271/544/608 2262/556/608
f 2261/534/613 2267/550/613 2270/546/613 2265/537/613
f 2265/537/614 2270/546/614 2269/549/614 2259/538/614
f 2262/556/608 2271/544/608 2268/545/608 2254/557/608
f 2258/539/615 2259/538/615 2269/541/615 2268/540/615
f 2256/531/616 2257/530/616 2267/533/616 2266/532/616
f 2280/528/604 2281/529/604 2275/530/604 2274/531/604
f 2284/532/605 2285/533/605 2279/534/605 2278/535/605
f 2282/536/606 2283/537/606 2277/538/606 2276/539/606
f 2286/540/607 2287/541/607 2273/542/607 2272/543/607
f 2289/544/608 2282/536/608 2276/539/608 2286/545/608
f 2288/546/609 2281/547/609 2273/548/609 2287/549/609
f 2285/550/610 2275/551/610 2281/547/610 2288/546/610
f 2284/552/608 2278/535/608 2282/536/608 2289/544/608
f 2278/535/611 2279/534/611 2283/537/611 2282/536/611
f 2272/553/612 2273/554/612 2281/529/612 2280/528/612
f 2274/555/608 2284/552/608 2289/544/608 2280/556/608
f 2279/534/613 2285/550/613 2288/546/613 2283/537/613
f 2283/537/614 2288/546/614 2287/549/614 2277/538/614
f 2280/556/608 2289/544/608 2286/545/608 2272/557/608
f 2276/539/615 2277/538/615 2287/541/615 2286/540/615
f 2274/531/616 2275/530/616 2285/533/616 2284/532/616
o Turret-Rivvet-Set-2
v -0.236400 0.853996 0.182976
v -0.236400 0.855628 0.182976
v -0.236400 0.853996 0.178905
v -0.236400 0.855628 0.178905
v -0.232330 0.853996 0.182976
v -0.232330 0.855628 0.182976
v -0.232330 0.853996 0.178905
v -0.232330 0.855628 0.178905
v -0.237207 0.853996 0.180940
v -0.237207 0.855628 0.180940
v -0.231523 0.853996 0.180940
v -0.231523 0.855628 0.180940
v -0.234365 0.853996 0.178098
v -0.234365 0.855628 0.178098
v -0.234365 0.853996 0.183782
v -0.234365 0.855628 0.183782
v -0.234365 0.856560 0.180940
v -0.234365 0.853996 0.180940
v -0.205880 0.853996 0.182976
v -0.205880 0.855628 0.182976
v -0.205880 0.853996 0.178905
v -0.205880 0.855628 0.178905
v -0.201809 0.853996 0.182976
v -0.201809 0.855628 0.182976
v -0.201809 0.853996 0.178905
v -0.201809 0.855628 0.178905
v -0.206686 0.853996 0.180940
v -0.206686 0.855628 0.180940
v -0.201002 0.853996 0.180940
v -0.201002 0.855628 0.180940
v -0.203844 0.853996 0.178098
v -0.203844 0.855628 0.178098
v -0.203844 0.853996 0.183782
v -0.203844 0.855628 0.183782
v -0.203844 0.856560 0.180940
v -0.203844 0.853996 0.180940
v -0.175359 0.853996 0.182976
v -0.175359 0.855628 0.182976
v -0.175359 0.853996 0.178905
v -0.175359 0.855628 0.178905
v -0.171288 0.853996 0.182976
v -0.171288 0.855628 0.182976
v -0.171288 0.853996 0.178905
v -0.171288 0.855628 0.178905
v -0.176165 0.853996 0.180940
v -0.176165 0.855628 0.180940
v -0.170482 0.853996 0.180940
v -0.170482 0.855628 0.180940
v -0.173323 0.853996 0.178098
v -0.173323 0.855628 0.178098
v -0.173323 0.853996 0.183782
v -0.173323 0.855628 0.183782
v -0.173323 0.856560 0.180940
v -0.173323 0.853996 0.180940
v -0.144838 0.853996 0.182976
v -0.144838 0.855628 0.182976
v -0.144838 0.853996 0.178905
v -0.144838 0.855628 0.178905
v -0.140767 0.853996 0.182976
v -0.140767 0.855628 0.182976
v -0.140767 0.853996 0.178905
v -0.140767 0.855628 0.178905
v -0.145644 0.853996 0.180940
v -0.145644 0.855628 0.180940
v -0.139961 0.853996 0.180940
v -0.139961 0.855628 0.180940
v -0.142803 0.853996 0.178098
v -0.142803 0.855628 0.178098
v -0.142803 0.853996 0.183782
v -0.142803 0.855628 0.183782
v -0.142803 0.856560 0.180940
v -0.142803 0.853996 0.180940
v -0.114317 0.853996 0.182976
v -0.114317 0.855628 0.182976
v -0.114317 0.853996 0.178905
v -0.114317 0.855628 0.178905
v -0.110247 0.853996 0.182976
v -0.110247 0.855628 0.182976
v -0.110247 0.853996 0.178905
v -0.110247 0.855628 0.178905
v -0.115124 0.853996 0.180940
v -0.115124 0.855628 0.180940
v -0.109440 0.853996 0.180940
v -0.109440 0.855628 0.180940
v -0.112282 0.853996 0.178098
v -0.112282 0.855628 0.178098
v -0.112282 0.853996 0.183782
v -0.112282 0.855628 0.183782
v -0.112282 0.856560 0.180940
v -0.112282 0.853996 0.180940
v -0.083797 0.853996 0.182976
v -0.083797 0.855628 0.182976
v -0.083797 0.853996 0.178905
v -0.083797 0.855628 0.178905
v -0.079726 0.853996 0.182976
v -0.079726 0.855628 0.182976
v -0.079726 0.853996 0.178905
v -0.079726 0.855628 0.178905
v -0.084603 0.853996 0.180940
v -0.084603 0.855628 0.180940
v -0.078919 0.853996 0.180940
v -0.078919 0.855628 0.180940
v -0.081761 0.853996 0.178098
v -0.081761 0.855628 0.178098
v -0.081761 0.853996 0.183782
v -0.081761 0.855628 0.183782
v -0.081761 0.856560 0.180940
v -0.081761 0.853996 0.180940
v -0.053276 0.853996 0.182976
v -0.053276 0.855628 0.182976
v -0.053276 0.853996 0.178905
v -0.053276 0.855628 0.178905
v -0.049205 0.853996 0.182976
v -0.049205 0.855628 0.182976
v -0.049205 0.853996 0.178905
v -0.049205 0.855628 0.178905
v -0.054082 0.853996 0.180940
v -0.054082 0.855628 0.180940
v -0.048399 0.853996 0.180940
v -0.048399 0.855628 0.180940
v -0.051240 0.853996 0.178098
v -0.051240 0.855628 0.178098
v -0.051240 0.853996 0.183782
v -0.051240 0.855628 0.183782
v -0.051240 0.856560 0.180940
v -0.051240 0.853996 0.180940
v -0.022755 0.853996 0.182976
v -0.022755 0.855628 0.182976
v -0.022755 0.853996 0.178905
v -0.022755 0.855628 0.178905
v -0.018684 0.853996 0.182976
v -0.018684 0.855628 0.182976
v -0.018684 0.853996 0.178905
v -0.018684 0.855628 0.178905
v -0.023561 0.853996 0.180940
v -0.023561 0.855628 0.180940
v -0.017878 0.853996 0.180940
v -0.017878 0.855628 0.180940
v -0.020720 0.853996 0.178098
v -0.020720 0.855628 0.178098
v -0.020720 0.853996 0.183782
v -0.020720 0.855628 0.183782
v -0.020720 0.856560 0.180940
v -0.020720 0.853996 0.180940
v 0.007766 0.853996 0.182976
v 0.007766 0.855628 0.182976
v 0.007766 0.853996 0.178905
v 0.007766 0.855628 0.178905
v 0.011837 0.853996 0.182976
v 0.011837 0.855628 0.182976
v 0.011837 0.853996 0.178905
v 0.011837 0.855628 0.178905
v 0.006959 0.853996 0.180940
v 0.006959 0.855628 0.180940
v 0.012643 0.853996 0.180940
v 0.012643 0.855628 0.180940
v 0.009801 0.853996 0.178098
v 0.009801 0.855628 0.178098
v 0.009801 0.853996 0.183782
v 0.009801 0.855628 0.183782
v 0.009801 0.856560 0.180940
v 0.009801 0.853996 0.180940
v 0.038287 0.853996 0.182976
v 0.038287 0.855628 0.182976
v 0.038287 0.853996 0.178905
v 0.038287 0.855628 0.178905
v 0.042357 0.853996 0.182976
v 0.042357 0.855628 0.182976
v 0.042357 0.853996 0.178905
v 0.042357 0.855628 0.178905
v 0.037480 0.853996 0.180940
v 0.037480 0.855628 0.180940
v 0.043164 0.853996 0.180940
v 0.043164 0.855628 0.180940
v 0.040322 0.853996 0.178098
v 0.040322 0.855628 0.178098
v 0.040322 0.853996 0.183782
v 0.040322 0.855628 0.183782
v 0.040322 0.856560 0.180940
v 0.040322 0.853996 0.180940
v 0.068807 0.853996 0.182976
v 0.068807 0.855628 0.182976
v 0.068807 0.853996 0.178905
v 0.068807 0.855628 0.178905
v 0.072878 0.853996 0.182976
v 0.072878 0.855628 0.182976
v 0.072878 0.853996 0.178905
v 0.072878 0.855628 0.178905
v 0.068001 0.853996 0.180940
v 0.068001 0.855628 0.180940
v 0.073684 0.853996 0.180940
v 0.073684 0.855628 0.180940
v 0.070843 0.853996 0.178098
v 0.070843 0.855628 0.178098
v 0.070843 0.853996 0.183782
v 0.070843 0.855628 0.183782
v 0.070843 0.856560 0.180940
v 0.070843 0.853996 0.180940
v 0.099328 0.853996 0.182976
v 0.099328 0.855628 0.182976
v 0.099328 0.853996 0.178905
v 0.099328 0.855628 0.178905
v 0.103399 0.853996 0.182976
v 0.103399 0.855628 0.182976
v 0.103399 0.853996 0.178905
v 0.103399 0.855628 0.178905
v 0.098522 0.853996 0.180940
v 0.098522 0.855628 0.180940
v 0.104205 0.853996 0.180940
v 0.104205 0.855628 0.180940
v 0.101363 0.853996 0.178098
v 0.101363 0.855628 0.178098
v 0.101363 0.853996 0.183782
v 0.101363 0.855628 0.183782
v 0.101363 0.856560 0.180940
v 0.101363 0.853996 0.180940
v 0.129849 0.853996 0.182976
v 0.129849 0.855628 0.182976
v 0.129849 0.853996 0.178905
v 0.129849 0.855628 0.178905
v 0.133920 0.853996 0.182976
v 0.133920 0.855628 0.182976
v 0.133920 0.853996 0.178905
v 0.133920 0.855628 0.178905
v 0.129042 0.853996 0.180940
v 0.129042 0.855628 0.180940
v 0.134726 0.853996 0.180940
v 0.134726 0.855628 0.180940
v 0.131884 0.853996 0.178098
v 0.131884 0.855628 0.178098
v 0.131884 0.853996 0.183782
v 0.131884 0.855628 0.183782
v 0.131884 0.856560 0.180940
v 0.131884 0.853996 0.180940
v 0.160370 0.853996 0.182976
v 0.160370 0.855628 0.182976
v 0.160370 0.853996 0.178905
v 0.160370 0.855628 0.178905
v 0.164440 0.853996 0.182976
v 0.164440 0.855628 0.182976
v 0.164440 0.853996 0.178905
v 0.164440 0.855628 0.178905
v 0.159563 0.853996 0.180940
v 0.159563 0.855628 0.180940
v 0.165247 0.853996 0.180940
v 0.165247 0.855628 0.180940
v 0.162405 0.853996 0.178098
v 0.162405 0.855628 0.178098
v 0.162405 0.853996 0.183782
v 0.162405 0.855628 0.183782
v 0.162405 0.856560 0.180940
v 0.162405 0.853996 0.180940
v 0.190890 0.853996 0.182976
v 0.190890 0.855628 0.182976
v 0.190890 0.853996 0.178905
v 0.190890 0.855628 0.178905
v 0.194961 0.853996 0.182976
v 0.194961 0.855628 0.182976
v 0.194961 0.853996 0.178905
v 0.194961 0.855628 0.178905
v 0.190084 0.853996 0.180940
v 0.190084 0.855628 0.180940
v 0.195768 0.853996 0.180940
v 0.195768 0.855628 0.180940
v 0.192926 0.853996 0.178098
v 0.192926 0.855628 0.178098
v 0.192926 0.853996 0.183782
v 0.192926 0.855628 0.183782
v 0.192926 0.856560 0.180940
v 0.192926 0.853996 0.180940
v 0.221411 0.853996 0.182976
v 0.221411 0.855628 0.182976
v 0.221411 0.853996 0.178905
v 0.221411 0.855628 0.178905
v 0.225482 0.853996 0.182976
v 0.225482 0.855628 0.182976
v 0.225482 0.853996 0.178905
v 0.225482 0.855628 0.178905
v 0.220605 0.853996 0.180940
v 0.220605 0.855628 0.180940
v 0.226288 0.853996 0.180940
v 0.226288 0.855628 0.180940
v 0.223447 0.853996 0.178098
v 0.223447 0.855628 0.178098
v 0.223447 0.853996 0.183782
v 0.223447 0.855628 0.183782
v 0.223447 0.856560 0.180940
v 0.223447 0.853996 0.180940
v 0.251932 0.853996 0.182976
v 0.251932 0.855628 0.182976
v 0.251932 0.853996 0.178905
v 0.251932 0.855628 0.178905
v 0.256003 0.853996 0.182976
v 0.256003 0.855628 0.182976
v 0.256003 0.853996 0.178905
v 0.256003 0.855628 0.178905
v 0.251126 0.853996 0.180940
v 0.251126 0.855628 0.180940
v 0.256809 0.853996 0.180940
v 0.256809 0.855628 0.180940
v 0.253967 0.853996 0.178098
v 0.253967 0.855628 0.178098
v 0.253967 0.853996 0.183782
v 0.253967 0.855628 0.183782
v 0.253967 0.856560 0.180940
v 0.253967 0.853996 0.180940
vn -0.9297 -0.0000 -0.3683
vn 0.3683 -0.0000 -0.9297
vn 0.9297 -0.0000 0.3683
vn -0.3683 -0.0000 0.9297
vn -0.0000 -1.0000 -0.0000
vn -0.2179 0.9513 0.2179
vn -0.2179 0.9513 -0.2179
vn 0.9297 -0.0000 -0.3683
vn -0.9297 -0.0000 0.3683
vn 0.2179 0.9513 -0.2179
vn 0.2179 0.9513 0.2179
vn 0.3683 -0.0000 0.9297
vn -0.3683 -0.0000 -0.9297
vn 0.9297 -0.0000 0.3684
vn -0.9297 -0.0000 0.3684
vn -0.9297 -0.0000 -0.3684
vn 0.9297 -0.0000 -0.3684
vt 0.375000 0.125000
vt 0.625000 0.125000
vt 0.625000 0.250000
vt 0.375000 0.250000
vt 0.375000 0.375000
vt 0.625000 0.375000
vt 0.625000 0.500000
vt 0.375000 0.500000
vt 0.375000 0.625000
vt 0.625000 0.625000
vt 0.625000 0.750000
vt 0.375000 0.750000
vt 0.375000 0.875000
vt 0.625000 0.875000
vt 0.625000 1.000000
vt 0.375000 1.000000
vt 0.250000 0.625000
vt 0.250000 0.750000
vt 0.750000 0.625000
vt 0.875000 0.625000
vt 0.875000 0.750000
vt 0.750000 0.750000
vt 0.750000 0.500000
vt 0.875000 0.500000
vt 0.250000 0.500000
vt 0.375000 0.000000
vt 0.625000 0.000000
vt 0.125000 0.500000
vt 0.125000 0.625000
vt 0.125000 0.750000
s 0
usemtl 
f 2298/558/617 2299/559/617 2293/560/617 2292/561/617
f 2302/562/618 2303/563/618 2297/564/618 2296/565/618
f 2300/566/619 2301/567/619 2295/568/619 2294/569/619
f 2304/570/620 2305/571/620 2291/572/620 2290/573/620
f 2307/574/621 2300/566/621 2294/569/621 2304/575/621
f 2306/576/622 2299/577/622 2291/578/622 2305/579/622
f 2303/580/623 2293/581/623 2299/577/623 2306/576/623
f 2302/582/621 2296/565/621 2300/566/621 2307/574/621
f 2296/565/624 2297/564/624 2301/567/624 2300/566/624
f 2290/583/625 2291/584/625 2299/559/625 2298/558/625
f 2292/585/621 2302/582/621 2307/574/621 2298/586/621
f 2297/564/626 2303/580/626 2306/576/626 2301/567/626
f 2301/567/627 2306/576/627 2305/579/627 2295/568/627
f 2298/586/621 2307/574/621 2304/575/621 2290/587/621
f 2294/569/628 2295/568/628 2305/571/628 2304/570/628
f 2292/561/629 2293/560/629 2303/563/629 2302/562/629
f 2316/558/617 2317/559/617 2311/560/617 2310/561/617
f 2320/562/618 2321/563/618 2315/564/618 2314/565/618
f 2318/566/619 2319/567/619 2313/568/619 2312/569/619
f 2322/570/620 2323/571/620 2309/572/620 2308/573/620
f 2325/574/621 2318/566/621 2312/569/621 2322/575/621
f 2324/576/622 2317/577/622 2309/578/622 2323/579/622
f 2321/580/623 2311/581/623 2317/577/623 2324/576/623
f 2320/582/621 2314/565/621 2318/566/621 2325/574/621
f 2314/565/624 2315/564/624 2319/567/624 2318/566/624
f 2308/583/625 2309/584/625 2317/559/625 2316/558/625
f 2310/585/621 2320/582/621 2325/574/621 2316/586/621
f 2315/564/626 2321/580/626 2324/576/626 2319/567/626
f 2319/567/627 2324/576/627 2323/579/627 2313/568/627
f 2316/586/621 2325/574/621 2322/575/621 2308/587/621
f 2312/569/628 2313/568/628 2323/571/628 2322/570/628
f 2310/561/629 2311/560/629 2321/563/629 2320/562/629
f 2334/558/617 2335/559/617 2329/560/617 2328/561/617
f 2338/562/618 2339/563/618 2333/564/618 2332/565/618
f 2336/566/619 2337/567/619 2331/568/619 2330/569/619
f 2340/570/620 2341/571/620 2327/572/620 2326/573/620
f 2343/574/621 2336/566/621 2330/569/621 2340/575/621
f 2342/576/622 2335/577/622 2327/578/622 2341/579/622
f 2339/580/623 2329/581/623 2335/577/623 2342/576/623
f 2338/582/621 2332/565/621 2336/566/621 2343/574/621
f 2332/565/624 2333/564/624 2337/567/624 2336/566/624
f 2326/583/625 2327/584/625 2335/559/625 2334/558/625
f 2328/585/621 2338/582/621 2343/574/621 2334/586/621
f 2333/564/626 2339/580/626 2342/576/626 2337/567/626
f 2337/567/627 2342/576/627 2341/579/627 2331/568/627
f 2334/586/621 2343/574/621 2340/575/621 2326/587/621
f 2330/569/628 2331/568/628 2341/571/628 2340/570/628
f 2328/561/629 2329/560/629 2339/563/629 2338/562/629
f 2352/558/617 2353/559/617 2347/560/617 2346/561/617
f 2356/562/618 2357/563/618 2351/564/618 2350/565/618
f 2354/566/619 2355/567/619 2349/568/619 2348/569/619
f 2358/570/620 2359/571/620 2345/572/620 2344/573/620
f 2361/574/621 2354/566/621 2348/569/621 2358/575/621
f 2360/576/622 2353/577/622 2345/578/622 2359/579/622
f 2357/580/623 2347/581/623 2353/577/623 2360/576/623
f 2356/582/621 2350/565/621 2354/566/621 2361/574/621
f 2350/565/624 2351/564/624 2355/567/624 2354/566/624
f 2344/583/625 2345/584/625 2353/559/625 2352/558/625
f 2346/585/621 2356/582/621 2361/574/621 2352/586/621
f 2351/564/626 2357/580/626 2360/576/626 2355/567/626
f 2355/567/627 2360/576/627 2359/579/627 2349/568/627
f 2352/586/621 2361/574/621 2358/575/621 2344/587/621
f 2348/569/628 2349/568/628 2359/571/628 2358/570/628
f 2346/561/629 2347/560/629 2357/563/629 2356/562/629
f 2370/558/617 2371/559/617 2365/560/617 2364/561/617
f 2374/562/618 2375/563/618 2369/564/618 2368/565/618
f 2372/566/619 2373/567/619 2367/568/619 2366/569/619
f 2376/570/620 2377/571/620 2363/572/620 2362/573/620
f 2379/574/621 2372/566/621 2366/569/621 2376/575/621
f 2378/576/622 2371/577/622 2363/578/622 2377/579/622
f 2375/580/623 2365/581/623 2371/577/623 2378/576/623
f 2374/582/621 2368/565/621 2372/566/621 2379/574/621
f 2368/565/624 2369/564/624 2373/567/624 2372/566/624
f 2362/583/625 2363/584/625 2371/559/625 2370/558/625
f 2364/585/621 2374/582/621 2379/574/621 2370/586/621
f 2369/564/626 2375/580/626 2378/576/626 2373/567/626
f 2373/567/627 2378/576/627 2377/579/627 2367/568/627
f 2370/586/621 2379/574/621 2376/575/621 2362/587/621
f 2366/569/628 2367/568/628 2377/571/628 2376/570/628
f 2364/561/629 2365/560/629 2375/563/629 2374/562/629
f 2388/558/617 2389/559/617 2383/560/617 2382/561/617
f 2392/562/618 2393/563/618 2387/564/618 2386/565/618
f 2390/566/619 2391/567/619 2385/568/619 2384/569/619
f 2394/570/620 2395/571/620 2381/572/620 2380/573/620
f 2397/574/621 2390/566/621 2384/569/621 2394/575/621
f 2396/576/622 2389/577/622 2381/578/622 2395/579/622
f 2393/580/623 2383/581/623 2389/577/623 2396/576/623
f 2392/582/621 2386/565/621 2390/566/621 2397/574/621
f 2386/565/624 2387/564/624 2391/567/624 2390/566/624
f 2380/583/625 2381/584/625 2389/559/625 2388/558/625
f 2382/585/621 2392/582/621 2397/574/621 2388/586/621
f 2387/564/626 2393/580/626 2396/576/626 2391/567/626
f 2391/567/627 2396/576/627 2395/579/627 2385/568/627
f 2388/586/621 2397/574/621 2394/575/621 2380/587/621
f 2384/569/628 2385/568/628 2395/571/628 2394/570/628
f 2382/561/629 2383/560/629 2393/563/629 2392/562/629
f 2406/558/617 2407/559/617 2401/560/617 2400/561/617
f 2410/562/618 2411/563/618 2405/564/618 2404/565/618
f 2408/566/619 2409/567/619 2403/568/619 2402/569/619
f 2412/570/620 2413/571/620 2399/572/620 2398/573/620
f 2415/574/621 2408/566/621 2402/569/621 2412/575/621
f 2414/576/622 2407/577/622 2399/578/622 2413/579/622
f 2411/580/623 2401/581/623 2407/577/623 2414/576/623
f 2410/582/621 2404/565/621 2408/566/621 2415/574/621
f 2404/565/624 2405/564/624 2409/567/624 2408/566/624
f 2398/583/625 2399/584/625 2407/559/625 2406/558/625
f 2400/585/621 2410/582/621 2415/574/621 2406/586/621
f 2405/564/626 2411/580/626 2414/576/626 2409/567/626
f 2409/567/627 2414/576/627 2413/579/627 2403/568/627
f 2406/586/621 2415/574/621 2412/575/621 2398/587/621
f 2402/569/628 2403/568/628 2413/571/628 2412/570/628
f 2400/561/629 2401/560/629 2411/563/629 2410/562/629
f 2424/558/617 2425/559/617 2419/560/617 2418/561/617
f 2428/562/618 2429/563/618 2423/564/618 2422/565/618
f 2426/566/619 2427/567/619 2421/568/619 2420/569/619
f 2430/570/620 2431/571/620 2417/572/620 2416/573/620
f 2433/574/621 2426/566/621 2420/569/621 2430/575/621
f 2432/576/622 2425/577/622 2417/578/622 2431/579/622
f 2429/580/623 2419/581/623 2425/577/623 2432/576/623
f 2428/582/621 2422/565/621 2426/566/621 2433/574/621
f 2422/565/624 2423/564/624 2427/567/624 2426/566/624
f 2416/583/625 2417/584/625 2425/559/625 2424/558/625
f 2418/585/621 2428/582/621 2433/574/621 2424/586/621
f 2423/564/626 2429/580/626 2432/576/626 2427/567/626
f 2427/567/627 2432/576/627 2431/579/627 2421/568/627
f 2424/586/621 2433/574/621 2430/575/621 2416/587/621
f 2420/569/628 2421/568/628 2431/571/628 2430/570/628
f 2418/561/629 2419/560/629 2429/563/629 2428/562/629
f 2442/558/617 2443/559/617 2437/560/617 2436/561/617
f 2446/562/618 2447/563/618 2441/564/618 2440/565/618
f 2444/566/619 2445/567/619 2439/568/619 2438/569/619
f 2448/570/620 2449/571/620 2435/572/620 2434/573/620
f 2451/574/621 2444/566/621 2438/569/621 2448/575/621
f 2450/576/622 2443/577/622 2435/578/622 2449/579/622
f 2447/580/623 2437/581/623 2443/577/623 2450/576/623
f 2446/582/621 2440/565/621 2444/566/621 2451/574/621
f 2440/565/624 2441/564/624 2445/567/624 2444/566/624
f 2434/583/625 2435/584/625 2443/559/625 2442/558/625
f 2436/585/621 2446/582/621 2451/574/621 2442/586/621
f 2441/564/626 2447/580/626 2450/576/626 2445/567/626
f 2445/567/627 2450/576/627 2449/579/627 2439/568/627
f 2442/586/621 2451/574/621 2448/575/621 2434/587/621
f 2438/569/628 2439/568/628 2449/571/628 2448/570/628
f 2436/561/629 2437/560/629 2447/563/629 2446/562/629
f 2460/558/617 2461/559/617 2455/560/617 2454/561/617
f 2464/562/618 2465/563/618 2459/564/618 2458/565/618
f 2462/566/619 2463/567/619 2457/568/619 2456/569/619
f 2466/570/620 2467/571/620 2453/572/620 2452/573/620
f 2469/574/621 2462/566/621 2456/569/621 2466/575/621
f 2468/576/622 2461/577/622 2453/578/622 2467/579/622
f 2465/580/623 2455/581/623 2461/577/623 2468/576/623
f 2464/582/621 2458/565/621 2462/566/621 2469/574/621
f 2458/565/624 2459/564/624 2463/567/624 2462/566/624
f 2452/583/625 2453/584/625 2461/559/625 2460/558/625
f 2454/585/621 2464/582/621 2469/574/621 2460/586/621
f 2459/564/626 2465/580/626 2468/576/626 2463/567/626
f 2463/567/627 2468/576/627 2467/579/627 2457/568/627
f 2460/586/621 2469/574/621 2466/575/621 2452/587/621
f 2456/569/628 2457/568/628 2467/571/628 2466/570/628
f 2454/561/629 2455/560/629 2465/563/629 2464/562/629
f 2478/558/617 2479/559/617 2473/560/617 2472/561/617
f 2482/562/618 2483/563/618 2477/564/618 2476/565/618
f 2480/566/630 2481/567/630 2475/568/630 2474/569/630
f 2484/570/620 2485/571/620 2471/572/620 2470/573/620
f 2487/574/621 2480/566/621 2474/569/621 2484/575/621
f 2486/576/622 2479/577/622 2471/578/622 2485/579/622
f 2483/580/623 2473/581/623 2479/577/623 2486/576/623
f 2482/582/621 2476/565/621 2480/566/621 2487/574/621
f 2476/565/624 2477/564/624 2481/567/624 2480/566/624
f 2470/583/631 2471/584/631 2479/559/631 2478/558/631
f 2472/585/621 2482/582/621 2487/574/621 2478/586/621
f 2477/564/626 2483/580/626 2486/576/626 2481/567/626
f 2481/567/627 2486/576/627 2485/579/627 2475/568/627
f 2478/586/621 2487/574/621 2484/575/621 2470/587/621
f 2474/569/628 2475/568/628 2485/571/628 2484/570/628
f 2472/561/629 2473/560/629 2483/563/629 2482/562/629
f 2496/558/617 2497/559/617 2491/560/617 2490/561/617
f 2500/562/618 2501/563/618 2495/564/618 2494/565/618
f 2498/566/630 2499/567/630 2493/568/630 2492/569/630
f 2502/570/620 2503/571/620 2489/572/620 2488/573/620
f 2505/574/621 2498/566/621 2492/569/621 2502/575/621
f 2504/576/622 2497/577/622 2489/578/622 2503/579/622
f 2501/580/623 2491/581/623 2497/577/623 2504/576/623
f 2500/582/621 2494/565/621 2498/566/621 2505/574/621
f 2494/565/624 2495/564/624 2499/567/624 2498/566/624
f 2488/583/631 2489/584/631 2497/559/631 2496/558/631
f 2490/585/621 2500/582/621 2505/574/621 2496/586/621
f 2495/564/626 2501/580/626 2504/576/626 2499/567/626
f 2499/567/627 2504/576/627 2503/579/627 2493/568/627
f 2496/586/621 2505/574/621 2502/575/621 2488/587/621
f 2492/569/628 2493/568/628 2503/571/628 2502/570/628
f 2490/561/629 2491/560/629 2501/563/629 2500/562/629
f 2514/558/617 2515/559/617 2509/560/617 2508/561/617
f 2518/562/618 2519/563/618 2513/564/618 2512/565/618
f 2516/566/630 2517/567/630 2511/568/630 2510/569/630
f 2520/570/620 2521/571/620 2507/572/620 2506/573/620
f 2523/574/621 2516/566/621 2510/569/621 2520/575/621
f 2522/576/622 2515/577/622 2507/578/622 2521/579/622
f 2519/580/623 2509/581/623 2515/577/623 2522/576/623
f 2518/582/621 2512/565/621 2516/566/621 2523/574/621
f 2512/565/624 2513/564/624 2517/567/624 2516/566/624
f 2506/583/631 2507/584/631 2515/559/631 2514/558/631
f 2508/585/621 2518/582/621 2523/574/621 2514/586/621
f 2513/564/626 2519/580/626 2522/576/626 2517/567/626
f 2517/567/627 2522/576/627 2521/579/627 2511/568/627
f 2514/586/621 2523/574/621 2520/575/621 2506/587/621
f 2510/569/628 2511/568/628 2521/571/628 2520/570/628
f 2508/561/629 2509/560/629 2519/563/629 2518/562/629
f 2532/558/617 2533/559/617 2527/560/617 2526/561/617
f 2536/562/618 2537/563/618 2531/564/618 2530/565/618
f 2534/566/619 2535/567/619 2529/568/619 2528/569/619
f 2538/570/620 2539/571/620 2525/572/620 2524/573/620
f 2541/574/621 2534/566/621 2528/569/621 2538/575/621
f 2540/576/622 2533/577/622 2525/578/622 2539/579/622
f 2537/580/623 2527/581/623 2533/577/623 2540/576/623
f 2536/582/621 2530/565/621 2534/566/621 2541/574/621
f 2530/565/624 2531/564/624 2535/567/624 2534/566/624
f 2524/583/625 2525/584/625 2533/559/625 2532/558/625
f 2526/585/621 2536/582/621 2541/574/621 2532/586/621
f 2531/564/626 2537/580/626 2540/576/626 2535/567/626
f 2535/567/627 2540/576/627 2539/579/627 2529/568/627
f 2532/586/621 2541/574/621 2538/575/621 2524/587/621
f 2528/569/628 2529/568/628 2539/571/628 2538/570/628
f 2526/561/629 2527/560/629 2537/563/629 2536/562/629
f 2550/558/632 2551/559/632 2545/560/632 2544/561/632
f 2554/562/618 2555/563/618 2549/564/618 2548/565/618
f 2552/566/630 2553/567/630 2547/568/630 2546/569/630
f 2556/570/620 2557/571/620 2543/572/620 2542/573/620
f 2559/574/621 2552/566/621 2546/569/621 2556/575/621
f 2558/576/622 2551/577/622 2543/578/622 2557/579/622
f 2555/580/623 2545/581/623 2551/577/623 2558/576/623
f 2554/582/621 2548/565/621 2552/566/621 2559/574/621
f 2548/565/633 2549/564/633 2553/567/633 2552/566/633
f 2542/583/631 2543/584/631 2551/559/631 2550/558/631
f 2544/585/621 2554/582/621 2559/574/621 2550/586/621
f 2549/564/626 2555/580/626 2558/576/626 2553/567/626
f 2553/567/627 2558/576/627 2557/579/627 2547/568/627
f 2550/586/621 2559/574/621 2556/575/621 2542/587/621
f 2546/569/628 2547/568/628 2557/571/628 2556/570/628
f 2544/561/629 2545/560/629 2555/563/629 2554/562/629
f 2568/558/632 2569/559/632 2563/560/632 2562/561/632
f 2572/562/618 2573/563/618 2567/564/618 2566/565/618
f 2570/566/630 2571/567/630 2565/568/630 2564/569/630
f 2574/570/620 2575/571/620 2561/572/620 2560/573/620
f 2577/574/621 2570/566/621 2564/569/621 2574/575/621
f 2576/576/622 2569/577/622 2561/578/622 2575/579/622
f 2573/580/623 2563/581/623 2569/577/623 2576/576/623
f 2572/582/621 2566/565/621 2570/566/621 2577/574/621
f 2566/565/633 2567/564/633 2571/567/633 2570/566/633
f 2560/583/631 2561/584/631 2569/559/631 2568/558/631
f 2562/585/621 2572/582/621 2577/574/621 2568/586/621
f 2567/564/626 2573/580/626 2576/576/626 2571/567/626
f 2571/567/627 2576/576/627 2575/579/627 2565/568/627
f 2568/586/621 2577/574/621 2574/575/621 2560/587/621
f 2564/569/628 2565/568/628 2575/571/628 2574/570/628
f 2562/561/629 2563/560/629 2573/563/629 2572/562/629
f 2586/558/617 2587/559/617 2581/560/617 2580/561/617
f 2590/562/618 2591/563/618 2585/564/618 2584/565/618
f 2588/566/619 2589/567/619 2583/568/619 2582/569/619
f 2592/570/620 2593/571/620 2579/572/620 2578/573/620
f 2595/574/621 2588/566/621 2582/569/621 2592/575/621
f 2594/576/622 2587/577/622 2579/578/622 2593/579/622
f 2591/580/623 2581/581/623 2587/577/623 2594/576/623
f 2590/582/621 2584/565/621 2588/566/621 2595/574/621
f 2584/565/624 2585/564/624 2589/567/624 2588/566/624
f 2578/583/625 2579/584/625 2587/559/625 2586/558/625
f 2580/585/621 2590/582/621 2595/574/621 2586/586/621
f 2585/564/626 2591/580/626 2594/576/626 2589/567/626
f 2589/567/627 2594/576/627 2593/579/627 2583/568/627
f 2586/586/621 2595/574/621 2592/575/621 2578/587/621
f 2582/569/628 2583/568/628 2593/571/628 2592/570/628
f 2580/561/629 2581/560/629 2591/563/629 2590/562/629
o Turret-Rivvet-Set-3
v -0.236400 0.853996 -0.595339
v -0.236400 0.855628 -0.595339
v -0.236400 0.853996 -0.599410
v -0.236400 0.855628 -0.599410
v -0.232330 0.853996 -0.595339
v -0.232330 0.855628 -0.595339
v -0.232330 0.853996 -0.599410
v -0.232330 0.855628 -0.599410
v -0.237207 0.853996 -0.597375
v -0.237207 0.855628 -0.597375
v -0.231523 0.853996 -0.597375
v -0.231523 0.855628 -0.597375
v -0.234365 0.853996 -0.600217
v -0.234365 0.855628 -0.600217
v -0.234365 0.853996 -0.594533
v -0.234365 0.855628 -0.594533
v -0.234365 0.856560 -0.597375
v -0.234365 0.853996 -0.597375
v -0.205880 0.853996 -0.595339
v -0.205880 0.855628 -0.595339
v -0.205880 0.853996 -0.599410
v -0.205880 0.855628 -0.599410
v -0.201809 0.853996 -0.595339
v -0.201809 0.855628 -0.595339
v -0.201809 0.853996 -0.599410
v -0.201809 0.855628 -0.599410
v -0.206686 0.853996 -0.597375
v -0.206686 0.855628 -0.597375
v -0.201002 0.853996 -0.597375
v -0.201002 0.855628 -0.597375
v -0.203844 0.853996 -0.600217
v -0.203844 0.855628 -0.600217
v -0.203844 0.853996 -0.594533
v -0.203844 0.855628 -0.594533
v -0.203844 0.856560 -0.597375
v -0.203844 0.853996 -0.597375
v -0.175359 0.853996 -0.595339
v -0.175359 0.855628 -0.595339
v -0.175359 0.853996 -0.599410
v -0.175359 0.855628 -0.599410
v -0.171288 0.853996 -0.595339
v -0.171288 0.855628 -0.595339
v -0.171288 0.853996 -0.599410
v -0.171288 0.855628 -0.599410
v -0.176165 0.853996 -0.597375
v -0.176165 0.855628 -0.597375
v -0.170482 0.853996 -0.597375
v -0.170482 0.855628 -0.597375
v -0.173323 0.853996 -0.600217
v -0.173323 0.855628 -0.600217
v -0.173323 0.853996 -0.594533
v -0.173323 0.855628 -0.594533
v -0.173323 0.856560 -0.597375
v -0.173323 0.853996 -0.597375
v -0.144838 0.853996 -0.595339
v -0.144838 0.855628 -0.595339
v -0.144838 0.853996 -0.599410
v -0.144838 0.855628 -0.599410
v -0.140767 0.853996 -0.595339
v -0.140767 0.855628 -0.595339
v -0.140767 0.853996 -0.599410
v -0.140767 0.855628 -0.599410
v -0.145644 0.853996 -0.597375
v -0.145644 0.855628 -0.597375
v -0.139961 0.853996 -0.597375
v -0.139961 0.855628 -0.597375
v -0.142803 0.853996 -0.600217
v -0.142803 0.855628 -0.600217
v -0.142803 0.853996 -0.594533
v -0.142803 0.855628 -0.594533
v -0.142803 0.856560 -0.597375
v -0.142803 0.853996 -0.597375
v -0.114317 0.853996 -0.595339
v -0.114317 0.855628 -0.595339
v -0.114317 0.853996 -0.599410
v -0.114317 0.855628 -0.599410
v -0.110247 0.853996 -0.595339
v -0.110247 0.855628 -0.595339
v -0.110247 0.853996 -0.599410
v -0.110247 0.855628 -0.599410
v -0.115124 0.853996 -0.597375
v -0.115124 0.855628 -0.597375
v -0.109440 0.853996 -0.597375
v -0.109440 0.855628 -0.597375
v -0.112282 0.853996 -0.600217
v -0.112282 0.855628 -0.600217
v -0.112282 0.853996 -0.594533
v -0.112282 0.855628 -0.594533
v -0.112282 0.856560 -0.597375
v -0.112282 0.853996 -0.597375
v -0.083797 0.853996 -0.595339
v -0.083797 0.855628 -0.595339
v -0.083797 0.853996 -0.599410
v -0.083797 0.855628 -0.599410
v -0.079726 0.853996 -0.595339
v -0.079726 0.855628 -0.595339
v -0.079726 0.853996 -0.599410
v -0.079726 0.855628 -0.599410
v -0.084603 0.853996 -0.597375
v -0.084603 0.855628 -0.597375
v -0.078919 0.853996 -0.597375
v -0.078919 0.855628 -0.597375
v -0.081761 0.853996 -0.600217
v -0.081761 0.855628 -0.600217
v -0.081761 0.853996 -0.594533
v -0.081761 0.855628 -0.594533
v -0.081761 0.856560 -0.597375
v -0.081761 0.853996 -0.597375
v -0.053276 0.853996 -0.595339
v -0.053276 0.855628 -0.595339
v -0.053276 0.853996 -0.599410
v -0.053276 0.855628 -0.599410
v -0.049205 0.853996 -0.595339
v -0.049205 0.855628 -0.595339
v -0.049205 0.853996 -0.599410
v -0.049205 0.855628 -0.599410
v -0.054082 0.853996 -0.597375
v -0.054082 0.855628 -0.597375
v -0.048399 0.853996 -0.597375
v -0.048399 0.855628 -0.597375
v -0.051240 0.853996 -0.600217
v -0.051240 0.855628 -0.600217
v -0.051240 0.853996 -0.594533
v -0.051240 0.855628 -0.594533
v -0.051240 0.856560 -0.597375
v -0.051240 0.853996 -0.597375
v -0.022755 0.853996 -0.595339
v -0.022755 0.855628 -0.595339
v -0.022755 0.853996 -0.599410
v -0.022755 0.855628 -0.599410
v -0.018684 0.853996 -0.595339
v -0.018684 0.855628 -0.595339
v -0.018684 0.853996 -0.599410
v -0.018684 0.855628 -0.599410
v -0.023561 0.853996 -0.597375
v -0.023561 0.855628 -0.597375
v -0.017878 0.853996 -0.597375
v -0.017878 0.855628 -0.597375
v -0.020720 0.853996 -0.600217
v -0.020720 0.855628 -0.600217
v -0.020720 0.853996 -0.594533
v -0.020720 0.855628 -0.594533
v -0.020720 0.856560 -0.597375
v -0.020720 0.853996 -0.597375
v 0.007766 0.853996 -0.595339
v 0.007766 0.855628 -0.595339
v 0.007766 0.853996 -0.599410
v 0.007766 0.855628 -0.599410
v 0.011837 0.853996 -0.595339
v 0.011837 0.855628 -0.595339
v 0.011837 0.853996 -0.599410
v 0.011837 0.855628 -0.599410
v 0.006959 0.853996 -0.597375
v 0.006959 0.855628 -0.597375
v 0.012643 0.853996 -0.597375
v 0.012643 0.855628 -0.597375
v 0.009801 0.853996 -0.600217
v 0.009801 0.855628 -0.600217
v 0.009801 0.853996 -0.594533
v 0.009801 0.855628 -0.594533
v 0.009801 0.856560 -0.597375
v 0.009801 0.853996 -0.597375
v 0.038287 0.853996 -0.595339
v 0.038287 0.855628 -0.595339
v 0.038287 0.853996 -0.599410
v 0.038287 0.855628 -0.599410
v 0.042357 0.853996 -0.595339
v 0.042357 0.855628 -0.595339
v 0.042357 0.853996 -0.599410
v 0.042357 0.855628 -0.599410
v 0.037480 0.853996 -0.597375
v 0.037480 0.855628 -0.597375
v 0.043164 0.853996 -0.597375
v 0.043164 0.855628 -0.597375
v 0.040322 0.853996 -0.600217
v 0.040322 0.855628 -0.600217
v 0.040322 0.853996 -0.594533
v 0.040322 0.855628 -0.594533
v 0.040322 0.856560 -0.597375
v 0.040322 0.853996 -0.597375
v 0.068807 0.853996 -0.595339
v 0.068807 0.855628 -0.595339
v 0.068807 0.853996 -0.599410
v 0.068807 0.855628 -0.599410
v 0.072878 0.853996 -0.595339
v 0.072878 0.855628 -0.595339
v 0.072878 0.853996 -0.599410
v 0.072878 0.855628 -0.599410
v 0.068001 0.853996 -0.597375
v 0.068001 0.855628 -0.597375
v 0.073684 0.853996 -0.597375
v 0.073684 0.855628 -0.597375
v 0.070843 0.853996 -0.600217
v 0.070843 0.855628 -0.600217
v 0.070843 0.853996 -0.594533
v 0.070843 0.855628 -0.594533
v 0.070843 0.856560 -0.597375
v 0.070843 0.853996 -0.597375
v 0.099328 0.853996 -0.595339
v 0.099328 0.855628 -0.595339
v 0.099328 0.853996 -0.599410
v 0.099328 0.855628 -0.599410
v 0.103399 0.853996 -0.595339
v 0.103399 0.855628 -0.595339
v 0.103399 0.853996 -0.599410
v 0.103399 0.855628 -0.599410
v 0.098522 0.853996 -0.597375
v 0.098522 0.855628 -0.597375
v 0.104205 0.853996 -0.597375
v 0.104205 0.855628 -0.597375
v 0.101363 0.853996 -0.600217
v 0.101363 0.855628 -0.600217
v 0.101363 0.853996 -0.594533
v 0.101363 0.855628 -0.594533
v 0.101363 0.856560 -0.597375
v 0.101363 0.853996 -0.597375
v 0.129849 0.853996 -0.595339
v 0.129849 0.855628 -0.595339
v 0.129849 0.853996 -0.599410
v 0.129849 0.855628 -0.599410
v 0.133920 0.853996 -0.595339
v 0.133920 0.855628 -0.595339
v 0.133920 0.853996 -0.599410
v 0.133920 0.855628 -0.599410
v 0.129042 0.853996 -0.597375
v 0.129042 0.855628 -0.597375
v 0.134726 0.853996 -0.597375
v 0.134726 0.855628 -0.597375
v 0.131884 0.853996 -0.600217
v 0.131884 0.855628 -0.600217
v 0.131884 0.853996 -0.594533
v 0.131884 0.855628 -0.594533
v 0.131884 0.856560 -0.597375
v 0.131884 0.853996 -0.597375
v 0.160370 0.853996 -0.595339
v 0.160370 0.855628 -0.595339
v 0.160370 0.853996 -0.599410
v 0.160370 0.855628 -0.599410
v 0.164440 0.853996 -0.595339
v 0.164440 0.855628 -0.595339
v 0.164440 0.853996 -0.599410
v 0.164440 0.855628 -0.599410
v 0.159563 0.853996 -0.597375
v 0.159563 0.855628 -0.597375
v 0.165247 0.853996 -0.597375
v 0.165247 0.855628 -0.597375
v 0.162405 0.853996 -0.600217
v 0.162405 0.855628 -0.600217
v 0.162405 0.853996 -0.594533
v 0.162405 0.855628 -0.594533
v 0.162405 0.856560 -0.597375
v 0.162405 0.853996 -0.597375
v 0.190890 0.853996 -0.595339
v 0.190890 0.855628 -0.595339
v 0.190890 0.853996 -0.599410
v 0.190890 0.855628 -0.599410
v 0.194961 0.853996 -0.595339
v 0.194961 0.855628 -0.595339
v 0.194961 0.853996 -0.599410
v 0.194961 0.855628 -0.599410
v 0.190084 0.853996 -0.597375
v 0.190084 0.855628 -0.597375
v 0.195768 0.853996 -0.597375
v 0.195768 0.855628 -0.597375
v 0.192926 0.853996 -0.600217
v 0.192926 0.855628 -0.600217
v 0.192926 0.853996 -0.594533
v 0.192926 0.855628 -0.594533
v 0.192926 0.856560 -0.597375
v 0.192926 0.853996 -0.597375
v 0.221411 0.853996 -0.595339
v 0.221411 0.855628 -0.595339
v 0.221411 0.853996 -0.599410
v 0.221411 0.855628 -0.599410
v 0.225482 0.853996 -0.595339
v 0.225482 0.855628 -0.595339
v 0.225482 0.853996 -0.599410
v 0.225482 0.855628 -0.599410
v 0.220605 0.853996 -0.597375
v 0.220605 0.855628 -0.597375
v 0.226288 0.853996 -0.597375
v 0.226288 0.855628 -0.597375
v 0.223447 0.853996 -0.600217
v 0.223447 0.855628 -0.600217
v 0.223447 0.853996 -0.594533
v 0.223447 0.855628 -0.594533
v 0.223447 0.856560 -0.597375
v 0.223447 0.853996 -0.597375
v 0.251932 0.853996 -0.595339
v 0.251932 0.855628 -0.595339
v 0.251932 0.853996 -0.599410
v 0.251932 0.855628 -0.599410
v 0.256003 0.853996 -0.595339
v 0.256003 0.855628 -0.595339
v 0.256003 0.853996 -0.599410
v 0.256003 0.855628 -0.599410
v 0.251126 0.853996 -0.597375
v 0.251126 0.855628 -0.597375
v 0.256809 0.853996 -0.597375
v 0.256809 0.855628 -0.597375
v 0.253967 0.853996 -0.600217
v 0.253967 0.855628 -0.600217
v 0.253967 0.853996 -0.594533
v 0.253967 0.855628 -0.594533
v 0.253967 0.856560 -0.597375
v 0.253967 0.853996 -0.597375
vn -0.9297 -0.0000 -0.3683
vn 0.3683 -0.0000 -0.9297
vn 0.9297 -0.0000 0.3683
vn -0.3683 -0.0000 0.9297
vn -0.0000 -1.0000 -0.0000
vn -0.2179 0.9513 0.2179
vn -0.2179 0.9513 -0.2179
vn 0.9297 -0.0000 -0.3683
vn -0.9297 -0.0000 0.3683
vn 0.2179 0.9513 -0.2179
vn 0.2179 0.9513 0.2179
vn 0.3683 -0.0000 0.9297
vn -0.3683 -0.0000 -0.9297
vn 0.9297 -0.0000 0.3684
vn -0.9297 -0.0000 0.3684
vn -0.9297 -0.0000 -0.3684
vn 0.9297 -0.0000 -0.3684
vt 0.375000 0.125000
vt 0.625000 0.125000
vt 0.625000 0.250000
vt 0.375000 0.250000
vt 0.375000 0.375000
vt 0.625000 0.375000
vt 0.625000 0.500000
vt 0.375000 0.500000
vt 0.375000 0.625000
vt 0.625000 0.625000
vt 0.625000 0.750000
vt 0.375000 0.750000
vt 0.375000 0.875000
vt 0.625000 0.875000
vt 0.625000 1.000000
vt 0.375000 1.000000
vt 0.250000 0.625000
vt 0.250000 0.750000
vt 0.750000 0.625000
vt 0.875000 0.625000
vt 0.875000 0.750000
vt 0.750000 0.750000
vt 0.750000 0.500000
vt 0.875000 0.500000
vt 0.250000 0.500000
vt 0.375000 0.000000
vt 0.625000 0.000000
vt 0.125000 0.500000
vt 0.125000 0.625000
vt 0.125000 0.750000
s 0
usemtl 
f 2604/588/634 2605/589/634 2599/590/634 2598/591/634
f 2608/592/635 2609/593/635 2603/594/635 2602/595/635
f 2606/596/636 2607/597/636 2601/598/636 2600/599/636
f 2610/600/637 2611/601/637 2597/602/637 2596/603/637
f 2613/604/638 2606/596/638 2600/599/638 2610/605/638
f 2612/606/639 2605/607/639 2597/608/639 2611/609/639
f 2609/610/640 2599/611/640 2605/607/640 2612/606/640
f 2608/612/638 2602/595/638 2606/596/638 2613/604/638
f 2602/595/641 2603/594/641 2607/597/641 2606/596/641
f 2596/613/642 2597/614/642 2605/589/642 2604/588/642
f 2598/615/638 2608/612/638 2613/604/638 2604/616/638
f 2603/594/643 2609/610/643 2612/606/643 2607/597/643
f 2607/597/644 2612/606/644 2611/609/644 2601/598/644
f 2604/616/638 2613/604/638 2610/605/638 2596/617/638
f 2600/599/645 2601/598/645 2611/601/645 2610/600/645
f 2598/591/646 2599/590/646 2609/593/646 2608/592/646
f 2622/588/634 2623/589/634 2617/590/634 2616/591/634
f 2626/592/635 2627/593/635 2621/594/635 2620/595/635
f 2624/596/636 2625/597/636 2619/598/636 2618/599/636
f 2628/600/637 2629/601/637 2615/602/637 2614/603/637
f 2631/604/638 2624/596/638 2618/599/638 2628/605/638
f 2630/606/639 2623/607/639 2615/608/639 2629/609/639
f 2627/610/640 2617/611/640 2623/607/640 2630/606/640
f 2626/612/638 2620/595/638 2624/596/638 2631/604/638
f 2620/595/641 2621/594/641 2625/597/641 2624/596/641
f 2614/613/642 2615/614/642 2623/589/642 2622/588/642
f 2616/615/638 2626/612/638 2631/604/638 2622/616/638
f 2621/594/643 2627/610/643 2630/606/643 2625/597/643
f 2625/597/644 2630/606/644 2629/609/644 2619/598/644
f 2622/616/638 2631/604/638 2628/605/638 2614/617/638
f 2618/599/645 2619/598/645 2629/601/645 2628/600/645
f 2616/591/646 2617/590/646 2627/593/646 2626/592/646
f 2640/588/634 2641/589/634 2635/590/634 2634/591/634
f 2644/592/635 2645/593/635 2639/594/635 2638/595/635
f 2642/596/636 2643/597/636 2637/598/636 2636/599/636
f 2646/600/637 2647/601/637 2633/602/637 2632/603/637
f 2649/604/638 2642/596/638 2636/599/638 2646/605/638
f 2648/606/639 2641/607/639 2633/608/639 2647/609/639
f 2645/610/640 2635/611/640 2641/607/640 2648/606/640
f 2644/612/638 2638/595/638 2642/596/638 2649/604/638
f 2638/595/641 2639/594/641 2643/597/641 2642/596/641
f 2632/613/642 2633/614/642 2641/589/642 2640/588/642
f 2634/615/638 2644/612/638 2649/604/638 2640/616/638
f 2639/594/643 2645/610/643 2648/606/643 2643/597/643
f 2643/597/644 2648/606/644 2647/609/644 2637/598/644
f 2640/616/638 2649/604/638 2646/605/638 2632/617/638
f 2636/599/645 2637/598/645 2647/601/645 2646/600/645
f 2634/591/646 2635/590/646 2645/593/646 2644/592/646
f 2658/588/634 2659/589/634 2653/590/634 2652/591/634
f 2662/592/635 2663/593/635 2657/594/635 2656/595/635
f 2660/596/636 2661/597/636 2655/598/636 2654/599/636
f 2664/600/637 2665/601/637 2651/602/637 2650/603/637
f 2667/604/638 2660/596/638 2654/599/638 2664/605/638
f 2666/606/639 2659/607/639 2651/608/639 2665/609/639
f 2663/610/640 2653/611/640 2659/607/640 2666/606/640
f 2662/612/638 2656/595/638 2660/596/638 2667/604/638
f 2656/595/641 2657/594/641 2661/597/641 2660/596/641
f 2650/613/642 2651/614/642 2659/589/642 2658/588/642
f 2652/615/638 2662/612/638 2667/604/638 2658/616/638
f 2657/594/643 2663/610/643 2666/606/643 2661/597/643
f 2661/597/644 2666/606/644 2665/609/644 2655/598/644
f 2658/616/638 2667/604/638 2664/605/638 2650/617/638
f 2654/599/645 2655/598/645 2665/601/645 2664/600/645
f 2652/591/646 2653/590/646 2663/593/646 2662/592/646
f 2676/588/634 2677/589/634 2671/590/634 2670/591/634
f 2680/592/635 2681/593/635 2675/594/635 2674/595/635
f 2678/596/636 2679/597/636 2673/598/636 2672/599/636
f 2682/600/637 2683/601/637 2669/602/637 2668/603/637
f 2685/604/638 2678/596/638 2672/599/638 2682/605/638
f 2684/606/639 2677/607/639 2669/608/639 2683/609/639
f 2681/610/640 2671/611/640 2677/607/640 2684/606/640
f 2680/612/638 2674/595/638 2678/596/638 2685/604/638
f 2674/595/641 2675/594/641 2679/597/641 2678/596/641
f 2668/613/642 2669/614/642 2677/589/642 2676/588/642
f 2670/615/638 2680/612/638 2685/604/638 2676/616/638
f 2675/594/643 2681/610/643 2684/606/643 2679/597/643
f 2679/597/644 2684/606/644 2683/609/644 2673/598/644
f 2676/616/638 2685/604/638 2682/605/638 2668/617/638
f 2672/599/645 2673/598/645 2683/601/645 2682/600/645
f 2670/591/646 2671/590/646 2681/593/646 2680/592/646
f 2694/588/634 2695/589/634 2689/590/634 2688/591/634
f 2698/592/635 2699/593/635 2693/594/635 2692/595/635
f 2696/596/636 2697/597/636 2691/598/636 2690/599/636
f 2700/600/637 2701/601/637 2687/602/637 2686/603/637
f 2703/604/638 2696/596/638 2690/599/638 2700/605/638
f 2702/606/639 2695/607/639 2687/608/639 2701/609/639
f 2699/610/640 2689/611/640 2695/607/640 2702/606/640
f 2698/612/638 2692/595/638 2696/596/638 2703/604/638
f 2692/595/641 2693/594/641 2697/597/641 2696/596/641
f 2686/613/642 2687/614/642 2695/589/642 2694/588/642
f 2688/615/638 2698/612/638 2703/604/638 2694/616/638
f 2693/594/643 2699/610/643 2702/606/643 2697/597/643
f 2697/597/644 2702/606/644 2701/609/644 2691/598/644
f 2694/616/638 2703/604/638 2700/605/638 2686/617/638
f 2690/599/645 2691/598/645 2701/601/645 2700/600/645
f 2688/591/646 2689/590/646 2699/593/646 2698/592/646
f 2712/588/634 2713/589/634 2707/590/634 2706/591/634
f 2716/592/635 2717/593/635 2711/594/635 2710/595/635
f 2714/596/636 2715/597/636 2709/598/636 2708/599/636
f 2718/600/637 2719/601/637 2705/602/637 2704/603/637
f 2721/604/638 2714/596/638 2708/599/638 2718/605/638
f 2720/606/639 2713/607/639 2705/608/639 2719/609/639
f 2717/610/640 2707/611/640 2713/607/640 2720/606/640
f 2716/612/638 2710/595/638 2714/596/638 2721/604/638
f 2710/595/641 2711/594/641 2715/597/641 2714/596/641
f 2704/613/642 2705/614/642 2713/589/642 2712/588/642
f 2706/615/638 2716/612/638 2721/604/638 2712/616/638
f 2711/594/643 2717/610/643 2720/606/643 2715/597/643
f 2715/597/644 2720/606/644 2719/609/644 2709/598/644
f 2712/616/638 2721/604/638 2718/605/638 2704/617/638
f 2708/599/645 2709/598/645 2719/601/645 2718/600/645
f 2706/591/646 2707/590/646 2717/593/646 2716/592/646
f 2730/588/634 2731/589/634 2725/590/634 2724/591/634
f 2734/592/635 2735/593/635 2729/594/635 2728/595/635
f 2732/596/636 2733/597/636 2727/598/636 2726/599/636
f 2736/600/637 2737/601/637 2723/602/637 2722/603/637
f 2739/604/638 2732/596/638 2726/599/638 2736/605/638
f 2738/606/639 2731/607/639 2723/608/639 2737/609/639
f 2735/610/640 2725/611/640 2731/607/640 2738/606/640
f 2734/612/638 2728/595/638 2732/596/638 2739/604/638
f 2728/595/641 2729/594/641 2733/597/641 2732/596/641
f 2722/613/642 2723/614/642 2731/589/642 2730/588/642
f 2724/615/638 2734/612/638 2739/604/638 2730/616/638
f 2729/594/643 2735/610/643 2738/606/643 2733/597/643
f 2733/597/644 2738/606/644 2737/609/644 2727/598/644
f 2730/616/638 2739/604/638 2736/605/638 2722/617/638
f 2726/599/645 2727/598/645 2737/601/645 2736/600/645
f 2724/591/646 2725/590/646 2735/593/646 2734/592/646
f 2748/588/634 2749/589/634 2743/590/634 2742/591/634
f 2752/592/635 2753/593/635 2747/594/635 2746/595/635
f 2750/596/636 2751/597/636 2745/598/636 2744/599/636
f 2754/600/637 2755/601/637 2741/602/637 2740/603/637
f 2757/604/638 2750/596/638 2744/599/638 2754/605/638
f 2756/606/639 2749/607/639 2741/608/639 2755/609/639
f 2753/610/640 2743/611/640 2749/607/640 2756/606/640
f 2752/612/638 2746/595/638 2750/596/638 2757/604/638
f 2746/595/641 2747/594/641 2751/597/641 2750/596/641
f 2740/613/642 2741/614/642 2749/589/642 2748/588/642
f 2742/615/638 2752/612/638 2757/604/638 2748/616/638
f 2747/594/643 2753/610/643 2756/606/643 2751/597/643
f 2751/597/644 2756/606/644 2755/609/644 2745/598/644
f 2748/616/638 2757/604/638 2754/605/638 2740/617/638
f 2744/599/645 2745/598/645 2755/601/645 2754/600/645
f 2742/591/646 2743/590/646 2753/593/646 2752/592/646
f 2766/588/634 2767/589/634 2761/590/634 2760/591/634
f 2770/592/635 2771/593/635 2765/594/635 2764/595/635
f 2768/596/636 2769/597/636 2763/598/636 2762/599/636
f 2772/600/637 2773/601/637 2759/602/637 2758/603/637
f 2775/604/638 2768/596/638 2762/599/638 2772/605/638
f 2774/606/639 2767/607/639 2759/608/639 2773/609/639
f 2771/610/640 2761/611/640 2767/607/640 2774/606/640
f 2770/612/638 2764/595/638 2768/596/638 2775/604/638
f 2764/595/641 2765/594/641 2769/597/641 2768/596/641
f 2758/613/642 2759/614/642 2767/589/642 2766/588/642
f 2760/615/638 2770/612/638 2775/604/638 2766/616/638
f 2765/594/643 2771/610/643 2774/606/643 2769/597/643
f 2769/597/644 2774/606/644 2773/609/644 2763/598/644
f 2766/616/638 2775/604/638 2772/605/638 2758/617/638
f 2762/599/645 2763/598/645 2773/601/645 2772/600/645
f 2760/591/646 2761/590/646 2771/593/646 2770/592/646
f 2784/588/634 2785/589/634 2779/590/634 2778/591/634
f 2788/592/635 2789/593/635 2783/594/635 2782/595/635
f 2786/596/647 2787/597/647 2781/598/647 2780/599/647
f 2790/600/637 2791/601/637 2777/602/637 2776/603/637
f 2793/604/638 2786/596/638 2780/599/638 2790/605/638
f 2792/606/639 2785/607/639 2777/608/639 2791/609/639
f 2789/610/640 2779/611/640 2785/607/640 2792/606/640
f 2788/612/638 2782/595/638 2786/596/638 2793/604/638
f 2782/595/641 2783/594/641 2787/597/641 2786/596/641
f 2776/613/648 2777/614/648 2785/589/648 2784/588/648
f 2778/615/638 2788/612/638 2793/604/638 2784/616/638
f 2783/594/643 2789/610/643 2792/606/643 2787/597/643
f 2787/597/644 2792/606/644 2791/609/644 2781/598/644
f 2784/616/638 2793/604/638 2790/605/638 2776/617/638
f 2780/599/645 2781/598/645 2791/601/645 2790/600/645
f 2778/591/646 2779/590/646 2789/593/646 2788/592/646
f 2802/588/634 2803/589/634 2797/590/634 2796/591/634
f 2806/592/635 2807/593/635 2801/594/635 2800/595/635
f 2804/596/647 2805/597/647 2799/598/647 2798/599/647
f 2808/600/637 2809/601/637 2795/602/637 2794/603/637
f 2811/604/638 2804/596/638 2798/599/638 2808/605/638
f 2810/606/639 2803/607/639 2795/608/639 2809/609/639
f 2807/610/640 2797/611/640 2803/607/640 2810/606/640
f 2806/612/638 2800/595/638 2804/596/638 2811/604/638
f 2800/595/641 2801/594/641 2805/597/641 2804/596/641
f 2794/613/648 2795/614/648 2803/589/648 2802/588/648
f 2796/615/638 2806/612/638 2811/604/638 2802/616/638
f 2801/594/643 2807/610/643 2810/606/643 2805/597/643
f 2805/597/644 2810/606/644 2809/609/644 2799/598/644
f 2802/616/638 2811/604/638 2808/605/638 2794/617/638
f 2798/599/645 2799/598/645 2809/601/645 2808/600/645
f 2796/591/646 2797/590/646 2807/593/646 2806/592/646
f 2820/588/634 2821/589/634 2815/590/634 2814/591/634
f 2824/592/635 2825/593/635 2819/594/635 2818/595/635
f 2822/596/647 2823/597/647 2817/598/647 2816/599/647
f 2826/600/637 2827/601/637 2813/602/637 2812/603/637
f 2829/604/638 2822/596/638 2816/599/638 2826/605/638
f 2828/606/639 2821/607/639 2813/608/639 2827/609/639
f 2825/610/640 2815/611/640 2821/607/640 2828/606/640
f 2824/612/638 2818/595/638 2822/596/638 2829/604/638
f 2818/595/641 2819/594/641 2823/597/641 2822/596/641
f 2812/613/648 2813/614/648 2821/589/648 2820/588/648
f 2814/615/638 2824/612/638 2829/604/638 2820/616/638
f 2819/594/643 2825/610/643 2828/606/643 2823/597/643
f 2823/597/644 2828/606/644 2827/609/644 2817/598/644
f 2820/616/638 2829/604/638 2826/605/638 2812/617/638
f 2816/599/645 2817/598/645 2827/601/645 2826/600/645
f 2814/591/646 2815/590/646 2825/593/646 2824/592/646
f 2838/588/634 2839/589/634 2833/590/634 2832/591/634
f 2842/592/635 2843/593/635 2837/594/635 2836/595/635
f 2840/596/636 2841/597/636 2835/598/636 2834/599/636
f 2844/600/637 2845/601/637 2831/602/637 2830/603/637
f 2847/604/638 2840/596/638 2834/599/638 2844/605/638
f 2846/606/639 2839/607/639 2831/608/639 2845/609/639
f 2843/610/640 2833/611/640 2839/607/640 2846/606/640
f 2842/612/638 2836/595/638 2840/596/638 2847/604/638
f 2836/595/641 2837/594/641 2841/597/641 2840/596/641
f 2830/613/642 2831/614/642 2839/589/642 2838/588/642
f 2832/615/638 2842/612/638 2847/604/638 2838/616/638
f 2837/594/643 2843/610/643 2846/606/643 2841/597/643
f 2841/597/644 2846/606/644 2845/609/644 2835/598/644
f 2838/616/638 2847/604/638 2844/605/638 2830/617/638
f 2834/599/645 2835/598/645 2845/601/645 2844/600/645
f 2832/591/646 2833/590/646 2843/593/646 2842/592/646
f 2856/588/649 2857/589/649 2851/590/649 2850/591/649
f 2860/592/635 2861/593/635 2855/594/635 2854/595/635
f 2858/596/647 2859/597/647 2853/598/647 2852/599/647
f 2862/600/637 2863/601/637 2849/602/637 2848/603/637
f 2865/604/638 2858/596/638 2852/599/638 2862/605/638
f 2864/606/639 2857/607/639 2849/608/639 2863/609/639
f 2861/610/640 2851/611/640 2857/607/640 2864/606/640
f 2860/612/638 2854/595/638 2858/596/638 2865/604/638
f 2854/595/650 2855/594/650 2859/597/650 2858/596/650
f 2848/613/648 2849/614/648 2857/589/648 2856/588/648
f 2850/615/638 2860/612/638 2865/604/638 2856/616/638
f 2855/594/643 2861/610/643 2864/606/643 2859/597/643
f 2859/597/644 2864/606/644 2863/609/644 2853/598/644
f 2856/616/638 2865/604/638 2862/605/638 2848/617/638
f 2852/599/645 2853/598/645 2863/601/645 2862/600/645
f 2850/591/646 2851/590/646 2861/593/646 2860/592/646
f 2874/588/649 2875/589/649 2869/590/649 2868/591/649
f 2878/592/635 2879/593/635 2873/594/635 2872/595/635
f 2876/596/647 2877/597/647 2871/598/647 2870/599/647
f 2880/600/637 2881/601/637 2867/602/637 2866/603/637
f 2883/604/638 2876/596/638 2870/599/638 2880/605/638
f 2882/606/639 2875/607/639 2867/608/639 2881/609/639
f 2879/610/640 2869/611/640 2875/607/640 2882/606/640
f 2878/612/638 2872/595/638 2876/596/638 2883/604/638
f 2872/595/650 2873/594/650 2877/597/650 2876/596/650
f 2866/613/648 2867/614/648 2875/589/648 2874/588/648
f 2868/615/638 2878/612/638 2883/604/638 2874/616/638
f 2873/594/643 2879/610/643 2882/606/643 2877/597/643
f 2877/597/644 2882/606/644 2881/609/644 2871/598/644
f 2874/616/638 2883/604/638 2880/605/638 2866/617/638
f 2870/599/645 2871/598/645 2881/601/645 2880/600/645
f 2868/591/646 2869/590/646 2879/593/646 2878/592/646
f 2892/588/634 2893/589/634 2887/590/634 2886/591/634
f 2896/592/635 2897/593/635 2891/594/635 2890/595/635
f 2894/596/636 2895/597/636 2889/598/636 2888/599/636
f 2898/600/637 2899/601/637 2885/602/637 2884/603/637
f 2901/604/638 2894/596/638 2888/599/638 2898/605/638
f 2900/606/639 2893/607/639 2885/608/639 2899/609/639
f 2897/610/640 2887/611/640 2893/607/640 2900/606/640
f 2896/612/638 2890/595/638 2894/596/638 2901/604/638
f 2890/595/641 2891/594/641 2895/597/641 2894/596/641
f 2884/613/642 2885/614/642 2893/589/642 2892/588/642
f 2886/615/638 2896/612/638 2901/604/638 2892/616/638
f 2891/594/643 2897/610/643 2900/606/643 2895/597/643
f 2895/597/644 2900/606/644 2899/609/644 2889/598/644
f 2892/616/638 2901/604/638 2898/605/638 2884/617/638
f 2888/599/645 2889/598/645 2899/601/645 2898/600/645
f 2886/591/646 2887/590/646 2897/593/646 2896/592/646
o Turret-Rivvet-Set-4
v -0.252935 0.848247 0.131116
v -0.254185 0.849295 0.131116
v -0.252935 0.848247 0.127045
v -0.254185 0.849295 0.127045
v -0.250318 0.851365 0.131116
v -0.251568 0.852414 0.131116
v -0.250318 0.851365 0.127045
v -0.251568 0.852414 0.127045
v -0.253453 0.847629 0.129081
v -0.254703 0.848678 0.129081
v -0.249800 0.851983 0.129081
v -0.251050 0.853032 0.129081
v -0.251627 0.849806 0.126239
v -0.252876 0.850855 0.126239
v -0.251627 0.849806 0.131922
v -0.252876 0.850855 0.131922
v -0.253591 0.851454 0.129081
v -0.251627 0.849806 0.129081
v -0.252935 0.848247 0.100425
v -0.254185 0.849295 0.100425
v -0.252935 0.848247 0.096354
v -0.254185 0.849295 0.096354
v -0.250318 0.851365 0.100425
v -0.251568 0.852414 0.100425
v -0.250318 0.851365 0.096354
v -0.251568 0.852414 0.096354
v -0.253453 0.847629 0.098389
v -0.254703 0.848678 0.098389
v -0.249800 0.851983 0.098389
v -0.251050 0.853032 0.098389
v -0.251627 0.849806 0.095548
v -0.252876 0.850855 0.095548
v -0.251627 0.849806 0.101231
v -0.252876 0.850855 0.101231
v -0.253591 0.851454 0.098389
v -0.251627 0.849806 0.098389
v -0.252935 0.848247 0.069733
v -0.254185 0.849295 0.069733
v -0.252935 0.848247 0.065663
v -0.254185 0.849295 0.065663
v -0.250318 0.851365 0.069733
v -0.251568 0.852414 0.069733
v -0.250318 0.851365 0.065663
v -0.251568 0.852414 0.065663
v -0.253453 0.847629 0.067698
v -0.254703 0.848678 0.067698
v -0.249800 0.851983 0.067698
v -0.251050 0.853032 0.067698
v -0.251627 0.849806 0.064856
v -0.252876 0.850855 0.064856
v -0.251627 0.849806 0.070540
v -0.252876 0.850855 0.070540
v -0.253591 0.851454 0.067698
v -0.251627 0.849806 0.067698
v -0.252935 0.848247 0.039042
v -0.254185 0.849295 0.039042
v -0.252935 0.848247 0.034971
v -0.254185 0.849295 0.034971
v -0.250318 0.851365 0.039042
v -0.251568 0.852414 0.039042
v -0.250318 0.851365 0.034971
v -0.251568 0.852414 0.034971
v -0.253453 0.847629 0.037007
v -0.254703 0.848678 0.037007
v -0.249800 0.851983 0.037007
v -0.251050 0.853032 0.037007
v -0.251627 0.849806 0.034165
v -0.252876 0.850855 0.034165
v -0.251627 0.849806 0.039849
v -0.252876 0.850855 0.039849
v -0.253591 0.851454 0.037007
v -0.251627 0.849806 0.037007
v -0.252935 0.848247 0.008351
v -0.254185 0.849295 0.008351
v -0.252935 0.848247 0.004280
v -0.254185 0.849295 0.004280
v -0.250318 0.851365 0.008351
v -0.251568 0.852414 0.008351
v -0.250318 0.851365 0.004280
v -0.251568 0.852414 0.004280
v -0.253453 0.847629 0.006316
v -0.254703 0.848678 0.006316
v -0.249800 0.851983 0.006316
v -0.251050 0.853032 0.006316
v -0.251627 0.849806 0.003474
v -0.252876 0.850855 0.003474
v -0.251627 0.849806 0.009157
v -0.252876 0.850855 0.009157
v -0.253591 0.851454 0.006316
v -0.251627 0.849806 0.006316
v -0.252935 0.848247 -0.022340
v -0.254185 0.849295 -0.022340
v -0.252935 0.848247 -0.026411
v -0.254185 0.849295 -0.026411
v -0.250318 0.851365 -0.022340
v -0.251568 0.852414 -0.022340
v -0.250318 0.851365 -0.026411
v -0.251568 0.852414 -0.026411
v -0.253453 0.847629 -0.024376
v -0.254703 0.848678 -0.024376
v -0.249800 0.851983 -0.024376
v -0.251050 0.853032 -0.024376
v -0.251627 0.849806 -0.027218
v -0.252876 0.850855 -0.027218
v -0.251627 0.849806 -0.021534
v -0.252876 0.850855 -0.021534
v -0.253591 0.851454 -0.024376
v -0.251627 0.849806 -0.024376
v -0.252935 0.848247 -0.053032
v -0.254185 0.849295 -0.053032
v -0.252935 0.848247 -0.057102
v -0.254185 0.849295 -0.057102
v -0.250318 0.851365 -0.053032
v -0.251568 0.852414 -0.053032
v -0.250318 0.851365 -0.057102
v -0.251568 0.852414 -0.057102
v -0.253453 0.847629 -0.055067
v -0.254703 0.848678 -0.055067
v -0.249800 0.851983 -0.055067
v -0.251050 0.853032 -0.055067
v -0.251627 0.849806 -0.057909
v -0.252876 0.850855 -0.057909
v -0.251627 0.849806 -0.052225
v -0.252876 0.850855 -0.052225
v -0.253591 0.851454 -0.055067
v -0.251627 0.849806 -0.055067
v -0.252935 0.848247 -0.083723
v -0.254185 0.849295 -0.083723
v -0.252935 0.848247 -0.087794
v -0.254185 0.849295 -0.087794
v -0.250318 0.851365 -0.083723
v -0.251568 0.852414 -0.083723
v -0.250318 0.851365 -0.087794
v -0.251568 0.852414 -0.087794
v -0.253453 0.847629 -0.085758
v -0.254703 0.848678 -0.085758
v -0.249800 0.851983 -0.085758
v -0.251050 0.853032 -0.085758
v -0.251627 0.849806 -0.088600
v -0.252876 0.850855 -0.088600
v -0.251627 0.849806 -0.082916
v -0.252876 0.850855 -0.082916
v -0.253591 0.851454 -0.085758
v -0.251627 0.849806 -0.085758
v -0.252935 0.848247 -0.114414
v -0.254185 0.849295 -0.114414
v -0.252935 0.848247 -0.118485
v -0.254185 0.849295 -0.118485
v -0.250318 0.851365 -0.114414
v -0.251568 0.852414 -0.114414
v -0.250318 0.851365 -0.118485
v -0.251568 0.852414 -0.118485
v -0.253453 0.847629 -0.116450
v -0.254703 0.848678 -0.116450
v -0.249800 0.851983 -0.116450
v -0.251050 0.853032 -0.116450
v -0.251627 0.849806 -0.119291
v -0.252876 0.850855 -0.119291
v -0.251627 0.849806 -0.113608
v -0.252876 0.850855 -0.113608
v -0.253591 0.851454 -0.116450
v -0.251627 0.849806 -0.116450
v -0.252935 0.848247 -0.145105
v -0.254185 0.849295 -0.145105
v -0.252935 0.848247 -0.149176
v -0.254185 0.849295 -0.149176
v -0.250318 0.851365 -0.145105
v -0.251568 0.852414 -0.145105
v -0.250318 0.851365 -0.149176
v -0.251568 0.852414 -0.149176
v -0.253453 0.847629 -0.147141
v -0.254703 0.848678 -0.147141
v -0.249800 0.851983 -0.147141
v -0.251050 0.853032 -0.147141
v -0.251627 0.849806 -0.149983
v -0.252876 0.850855 -0.149983
v -0.251627 0.849806 -0.144299
v -0.252876 0.850855 -0.144299
v -0.253591 0.851454 -0.147141
v -0.251627 0.849806 -0.147141
v -0.252935 0.848247 -0.175797
v -0.254185 0.849295 -0.175797
v -0.252935 0.848247 -0.179867
v -0.254185 0.849295 -0.179867
v -0.250318 0.851365 -0.175797
v -0.251568 0.852414 -0.175797
v -0.250318 0.851365 -0.179867
v -0.251568 0.852414 -0.179867
v -0.253453 0.847629 -0.177832
v -0.254703 0.848678 -0.177832
v -0.249800 0.851983 -0.177832
v -0.251050 0.853032 -0.177832
v -0.251627 0.849806 -0.180674
v -0.252876 0.850855 -0.180674
v -0.251627 0.849806 -0.174990
v -0.252876 0.850855 -0.174990
v -0.253591 0.851454 -0.177832
v -0.251627 0.849806 -0.177832
v -0.252935 0.848247 -0.206488
v -0.254185 0.849295 -0.206488
v -0.252935 0.848247 -0.210559
v -0.254185 0.849295 -0.210559
v -0.250318 0.851365 -0.206488
v -0.251568 0.852414 -0.206488
v -0.250318 0.851365 -0.210559
v -0.251568 0.852414 -0.210559
v -0.253453 0.847629 -0.208523
v -0.254703 0.848678 -0.208523
v -0.249800 0.851983 -0.208523
v -0.251050 0.853032 -0.208523
v -0.251627 0.849806 -0.211365
v -0.252876 0.850855 -0.211365
v -0.251627 0.849806 -0.205682
v -0.252876 0.850855 -0.205682
v -0.253591 0.851454 -0.208523
v -0.251627 0.849806 -0.208523
v -0.252935 0.848247 -0.237179
v -0.254185 0.849295 -0.237179
v -0.252935 0.848247 -0.241250
v -0.254185 0.849295 -0.241250
v -0.250318 0.851365 -0.237179
v -0.251568 0.852414 -0.237179
v -0.250318 0.851365 -0.241250
v -0.251568 0.852414 -0.241250
v -0.253453 0.847629 -0.239215
v -0.254703 0.848678 -0.239215
v -0.249800 0.851983 -0.239215
v -0.251050 0.853032 -0.239215
v -0.251627 0.849806 -0.242056
v -0.252876 0.850855 -0.242056
v -0.251627 0.849806 -0.236373
v -0.252876 0.850855 -0.236373
v -0.253591 0.851454 -0.239215
v -0.251627 0.849806 -0.239215
v -0.252935 0.848247 -0.267871
v -0.254185 0.849295 -0.267871
v -0.252935 0.848247 -0.271941
v -0.254185 0.849295 -0.271941
v -0.250318 0.851365 -0.267871
v -0.251568 0.852414 -0.267871
v -0.250318 0.851365 -0.271941
v -0.251568 0.852414 -0.271941
v -0.253453 0.847629 -0.269906
v -0.254703 0.848678 -0.269906
v -0.249800 0.851983 -0.269906
v -0.251050 0.853032 -0.269906
v -0.251627 0.849806 -0.272748
v -0.252876 0.850855 -0.272748
v -0.251627 0.849806 -0.267064
v -0.252876 0.850855 -0.267064
v -0.253591 0.851454 -0.269906
v -0.251627 0.849806 -0.269906
v -0.252935 0.848247 -0.298562
v -0.254185 0.849295 -0.298562
v -0.252935 0.848247 -0.302633
v -0.254185 0.849295 -0.302633
v -0.250318 0.851365 -0.298562
v -0.251568 0.852414 -0.298562
v -0.250318 0.851365 -0.302633
v -0.251568 0.852414 -0.302633
v -0.253453 0.847629 -0.300597
v -0.254703 0.848678 -0.300597
v -0.249800 0.851983 -0.300597
v -0.251050 0.853032 -0.300597
v -0.251627 0.849806 -0.303439
v -0.252876 0.850855 -0.303439
v -0.251627 0.849806 -0.297755
v -0.252876 0.850855 -0.297755
v -0.253591 0.851454 -0.300597
v -0.251627 0.849806 -0.300597
v -0.252935 0.848247 -0.329253
v -0.254185 0.849295 -0.329253
v -0.252935 0.848247 -0.333324
v -0.254185 0.849295 -0.333324
v -0.250318 0.851365 -0.329253
v -0.251568 0.852414 -0.329253
v -0.250318 0.851365 -0.333324
v -0.251568 0.852414 -0.333324
v -0.253453 0.847629 -0.331288
v -0.254703 0.848678 -0.331288
v -0.249800 0.851983 -0.331288
v -0.251050 0.853032 -0.331288
v -0.251627 0.849806 -0.334130
v -0.252876 0.850855 -0.334130
v -0.251627 0.849806 -0.328447
v -0.252876 0.850855 -0.328447
v -0.253591 0.851454 -0.331288
v -0.251627 0.849806 -0.331288
v -0.252935 0.848247 -0.359944
v -0.254185 0.849295 -0.359944
v -0.252935 0.848247 -0.364015
v -0.254185 0.849295 -0.364015
v -0.250318 0.851365 -0.359944
v -0.251568 0.852414 -0.359944
v -0.250318 0.851365 -0.364015
v -0.251568 0.852414 -0.364015
v -0.253453 0.847629 -0.361980
v -0.254703 0.848678 -0.361980
v -0.249800 0.851983 -0.361980
v -0.251050 0.853032 -0.361980
v -0.251627 0.849806 -0.364822
v -0.252876 0.850855 -0.364822
v -0.251627 0.849806 -0.359138
v -0.252876 0.850855 -0.359138
v -0.253591 0.851454 -0.361980
v -0.251627 0.849806 -0.361980
v -0.252935 0.848247 -0.390636
v -0.254185 0.849295 -0.390636
v -0.252935 0.848247 -0.394706
v -0.254185 0.849295 -0.394706
v -0.250318 0.851365 -0.390636
v -0.251568 0.852414 -0.390636
v -0.250318 0.851365 -0.394706
v -0.251568 0.852414 -0.394706
v -0.253453 0.847629 -0.392671
v -0.254703 0.848678 -0.392671
v -0.249800 0.851983 -0.392671
v -0.251050 0.853032 -0.392671
v -0.251627 0.849806 -0.395513
v -0.252876 0.850855 -0.395513
v -0.251627 0.849806 -0.389829
v -0.252876 0.850855 -0.389829
v -0.253591 0.851454 -0.392671
v -0.251627 0.849806 -0.392671
v -0.252935 0.848247 -0.421327
v -0.254185 0.849295 -0.421327
v -0.252935 0.848247 -0.425398
v -0.254185 0.849295 -0.425398
v -0.250318 0.851365 -0.421327
v -0.251568 0.852414 -0.421327
v -0.250318 0.851365 -0.425398
v -0.251568 0.852414 -0.425398
v -0.253453 0.847629 -0.423362
v -0.254703 0.848678 -0.423362
v -0.249800 0.851983 -0.423362
v -0.251050 0.853032 -0.423362
v -0.251627 0.849806 -0.426204
v -0.252876 0.850855 -0.426204
v -0.251627 0.849806 -0.420520
v -0.252876 0.850855 -0.420520
v -0.253591 0.851454 -0.423362
v -0.251627 0.849806 -0.423362
v -0.252935 0.848247 -0.452018
v -0.254185 0.849295 -0.452018
v -0.252935 0.848247 -0.456089
v -0.254185 0.849295 -0.456089
v -0.250318 0.851365 -0.452018
v -0.251568 0.852414 -0.452018
v -0.250318 0.851365 -0.456089
v -0.251568 0.852414 -0.456089
v -0.253453 0.847629 -0.454054
v -0.254703 0.848678 -0.454054
v -0.249800 0.851983 -0.454054
v -0.251050 0.853032 -0.454054
v -0.251627 0.849806 -0.456895
v -0.252876 0.850855 -0.456895
v -0.251627 0.849806 -0.451212
v -0.252876 0.850855 -0.451212
v -0.253591 0.851454 -0.454054
v -0.251627 0.849806 -0.454054
v -0.252935 0.848247 -0.482709
v -0.254185 0.849295 -0.482709
v -0.252935 0.848247 -0.486780
v -0.254185 0.849295 -0.486780
v -0.250318 0.851365 -0.482709
v -0.251568 0.852414 -0.482709
v -0.250318 0.851365 -0.486780
v -0.251568 0.852414 -0.486780
v -0.253453 0.847629 -0.484745
v -0.254703 0.848678 -0.484745
v -0.249800 0.851983 -0.484745
v -0.251050 0.853032 -0.484745
v -0.251627 0.849806 -0.487587
v -0.252876 0.850855 -0.487587
v -0.251627 0.849806 -0.481903
v -0.252876 0.850855 -0.481903
v -0.253591 0.851454 -0.484745
v -0.251627 0.849806 -0.484745
v -0.252935 0.848247 -0.513401
v -0.254185 0.849295 -0.513401
v -0.252935 0.848247 -0.517471
v -0.254185 0.849295 -0.517471
v -0.250318 0.851365 -0.513401
v -0.251568 0.852414 -0.513401
v -0.250318 0.851365 -0.517471
v -0.251568 0.852414 -0.517471
v -0.253453 0.847629 -0.515436
v -0.254703 0.848678 -0.515436
v -0.249800 0.851983 -0.515436
v -0.251050 0.853032 -0.515436
v -0.251627 0.849806 -0.518278
v -0.252876 0.850855 -0.518278
v -0.251627 0.849806 -0.512594
v -0.252876 0.850855 -0.512594
v -0.253591 0.851454 -0.515436
v -0.251627 0.849806 -0.515436
v -0.252935 0.848247 -0.544092
v -0.254185 0.849295 -0.544092
v -0.252935 0.848247 -0.548163
v -0.254185 0.849295 -0.548163
v -0.250318 0.851365 -0.544092
v -0.251568 0.852414 -0.544092
v -0.250318 0.851365 -0.548163
v -0.251568 0.852414 -0.548163
v -0.253453 0.847629 -0.546127
v -0.254703 0.848678 -0.546127
v -0.249800 0.851983 -0.546127
v -0.251050 0.853032 -0.546127
v -0.251627 0.849806 -0.548969
v -0.252876 0.850855 -0.548969
v -0.251627 0.849806 -0.543286
v -0.252876 0.850855 -0.543286
v -0.253591 0.851454 -0.546127
v -0.251627 0.849806 -0.546127
v -0.252935 0.848247 -0.574783
v -0.254185 0.849295 -0.574783
v -0.252935 0.848247 -0.578854
v -0.254185 0.849295 -0.578854
v -0.250318 0.851365 -0.574783
v -0.251568 0.852414 -0.574783
v -0.250318 0.851365 -0.578854
v -0.251568 0.852414 -0.578854
v -0.253453 0.847629 -0.576819
v -0.254703 0.848678 -0.576819
v -0.249800 0.851983 -0.576819
v -0.251050 0.853032 -0.576819
v -0.251627 0.849806 -0.579660
v -0.252876 0.850855 -0.579660
v -0.251627 0.849806 -0.573977
v -0.252876 0.850855 -0.573977
v -0.253591 0.851454 -0.576819
v -0.251627 0.849806 -0.576819
v -0.252935 0.848247 -0.605475
v -0.254185 0.849295 -0.605475
v -0.252935 0.848247 -0.609545
v -0.254185 0.849295 -0.609545
v -0.250318 0.851365 -0.605475
v -0.251568 0.852414 -0.605475
v -0.250318 0.851365 -0.609545
v -0.251568 0.852414 -0.609545
v -0.253453 0.847629 -0.607510
v -0.254703 0.848678 -0.607510
v -0.249800 0.851983 -0.607510
v -0.251050 0.853032 -0.607510
v -0.251627 0.849806 -0.610352
v -0.252876 0.850855 -0.610352
v -0.251627 0.849806 -0.604668
v -0.252876 0.850855 -0.604668
v -0.253591 0.851454 -0.607510
v -0.251627 0.849806 -0.607510
vn -0.5976 -0.7122 -0.3683
vn 0.2368 0.2822 -0.9297
vn 0.5976 0.7122 0.3683
vn -0.2368 -0.2822 0.9297
vn 0.7660 -0.6428 -0.0000
vn -0.8688 0.4446 0.2179
vn -0.8688 0.4446 -0.2179
vn 0.5976 0.7122 -0.3683
vn -0.5976 -0.7122 0.3683
vn -0.5887 0.7784 -0.2179
vn -0.5887 0.7784 0.2179
vn 0.2368 0.2822 0.9297
vn -0.2368 -0.2822 -0.9297
vt 0.375000 0.125000
vt 0.625000 0.125000
vt 0.625000 0.250000
vt 0.375000 0.250000
vt 0.375000 0.375000
vt 0.625000 0.375000
vt 0.625000 0.500000
vt 0.375000 0.500000
vt 0.375000 0.625000
vt 0.625000 0.625000
vt 0.625000 0.750000
vt 0.375000 0.750000
vt 0.375000 0.875000
vt 0.625000 0.875000
vt 0.625000 1.000000
vt 0.375000 1.000000
vt 0.250000 0.625000
vt 0.250000 0.750000
vt 0.750000 0.625000
vt 0.875000 0.625000
vt 0.875000 0.750000
vt 0.750000 0.750000
vt 0.750000 0.500000
vt 0.875000 0.500000
vt 0.250000 0.500000
vt 0.375000 0.000000
vt 0.625000 0.000000
vt 0.125000 0.500000
vt 0.125000 0.625000
vt 0.125000 0.750000
s 0
usemtl 
f 2910/618/651 2911/619/651 2905/620/651 2904/621/651
f 2914/622/652 2915/623/652 2909/624/652 2908/625/652
f 2912/626/653 2913/627/653 2907/628/653 2906/629/653
f 2916/630/654 2917/631/654 2903/632/654 2902/633/654
f 2919/634/655 2912/626/655 2906/629/655 2916/635/655
f 2918/636/656 2911/637/656 2903/638/656 2917/639/656
f 2915/640/657 2905/641/657 2911/637/657 2918/636/657
f 2914/642/655 2908/625/655 2912/626/655 2919/634/655
f 2908/625/658 2909/624/658 2913/627/658 2912/626/658
f 2902/643/659 2903/644/659 2911/619/659 2910/618/659
f 2904/645/655 2914/642/655 2919/634/655 2910/646/655
f 2909/624/660 2915/640/660 2918/636/660 2913/627/660
f 2913/627/661 2918/636/661 2917/639/661 2907/628/661
f 2910/646/655 2919/634/655 2916/635/655 2902/647/655
f 2906/629/662 2907/628/662 2917/631/662 2916/630/662
f 2904/621/663 2905/620/663 2915/623/663 2914/622/663
f 2928/618/651 2929/619/651 2923/620/651 2922/621/651
f 2932/622/652 2933/623/652 2927/624/652 2926/625/652
f 2930/626/653 2931/627/653 2925/628/653 2924/629/653
f 2934/630/654 2935/631/654 2921/632/654 2920/633/654
f 2937/634/655 2930/626/655 2924/629/655 2934/635/655
f 2936/636/656 2929/637/656 2921/638/656 2935/639/656
f 2933/640/657 2923/641/657 2929/637/657 2936/636/657
f 2932/642/655 2926/625/655 2930/626/655 2937/634/655
f 2926/625/658 2927/624/658 2931/627/658 2930/626/658
f 2920/643/659 2921/644/659 2929/619/659 2928/618/659
f 2922/645/655 2932/642/655 2937/634/655 2928/646/655
f 2927/624/660 2933/640/660 2936/636/660 2931/627/660
f 2931/627/661 2936/636/661 2935/639/661 2925/628/661
f 2928/646/655 2937/634/655 2934/635/655 2920/647/655
f 2924/629/662 2925/628/662 2935/631/662 2934/630/662
f 2922/621/663 2923/620/663 2933/623/663 2932/622/663
f 2946/618/651 2947/619/651 2941/620/651 2940/621/651
f 2950/622/652 2951/623/652 2945/624/652 2944/625/652
f 2948/626/653 2949/627/653 2943/628/653 2942/629/653
f 2952/630/654 2953/631/654 2939/632/654 2938/633/654
f 2955/634/655 2948/626/655 2942/629/655 2952/635/655
f 2954/636/656 2947/637/656 2939/638/656 2953/639/656
f 2951/640/657 2941/641/657 2947/637/657 2954/636/657
f 2950/642/655 2944/625/655 2948/626/655 2955/634/655
f 2944/625/658 2945/624/658 2949/627/658 2948/626/658
f 2938/643/659 2939/644/659 2947/619/659 2946/618/659
f 2940/645/655 2950/642/655 2955/634/655 2946/646/655
f 2945/624/660 2951/640/660 2954/636/660 2949/627/660
f 2949/627/661 2954/636/661 2953/639/661 2943/628/661
f 2946/646/655 2955/634/655 2952/635/655 2938/647/655
f 2942/629/662 2943/628/662 2953/631/662 2952/630/662
f 2940/621/663 2941/620/663 2951/623/663 2950/622/663
f 2964/618/651 2965/619/651 2959/620/651 2958/621/651
f 2968/622/652 2969/623/652 2963/624/652 2962/625/652
f 2966/626/653 2967/627/653 2961/628/653 2960/629/653
f 2970/630/654 2971/631/654 2957/632/654 2956/633/654
f 2973/634/655 2966/626/655 2960/629/655 2970/635/655
f 2972/636/656 2965/637/656 2957/638/656 2971/639/656
f 2969/640/657 2959/641/657 2965/637/657 2972/636/657
f 2968/642/655 2962/625/655 2966/626/655 2973/634/655
f 2962/625/658 2963/624/658 2967/627/658 2966/626/658
f 2956/643/659 2957/644/659 2965/619/659 2964/618/659
f 2958/645/655 2968/642/655 2973/634/655 2964/646/655
f 2963/624/660 2969/640/660 2972/636/660 2967/627/660
f 2967/627/661 2972/636/661 2971/639/661 2961/628/661
f 2964/646/655 2973/634/655 2970/635/655 2956/647/655
f 2960/629/662 2961/628/662 2971/631/662 2970/630/662
f 2958/621/663 2959/620/663 2969/623/663 2968/622/663
f 2982/618/651 2983/619/651 2977/620/651 2976/621/651
f 2986/622/652 2987/623/652 2981/624/652 2980/625/652
f 2984/626/653 2985/627/653 2979/628/653 2978/629/653
f 2988/630/654 2989/631/654 2975/632/654 2974/633/654
f 2991/634/655 2984/626/655 2978/629/655 2988/635/655
f 2990/636/656 2983/637/656 2975/638/656 2989/639/656
f 2987/640/657 2977/641/657 2983/637/657 2990/636/657
f 2986/642/655 2980/625/655 2984/626/655 2991/634/655
f 2980/625/658 2981/624/658 2985/627/658 2984/626/658
f 2974/643/659 2975/644/659 2983/619/659 2982/618/659
f 2976/645/655 2986/642/655 2991/634/655 2982/646/655
f 2981/624/660 2987/640/660 2990/636/660 2985/627/660
f 2985/627/661 2990/636/661 2989/639/661 2979/628/661
f 2982/646/655 2991/634/655 2988/635/655 2974/647/655
f 2978/629/662 2979/628/662 2989/631/662 2988/630/662
f 2976/621/663 2977/620/663 2987/623/663 2986/622/663
f 3000/618/651 3001/619/651 2995/620/651 2994/621/651
f 3004/622/652 3005/623/652 2999/624/652 2998/625/652
f 3002/626/653 3003/627/653 2997/628/653 2996/629/653
f 3006/630/654 3007/631/654 2993/632/654 2992/633/654
f 3009/634/655 3002/626/655 2996/629/655 3006/635/655
f 3008/636/656 3001/637/656 2993/638/656 3007/639/656
f 3005/640/657 2995/641/657 3001/637/657 3008/636/657
f 3004/642/655 2998/625/655 3002/626/655 3009/634/655
f 2998/625/658 2999/624/658 3003/627/658 3002/626/658
f 2992/643/659 2993/644/659 3001/619/659 3000/618/659
f 2994/645/655 3004/642/655 3009/634/655 3000/646/655
f 2999/624/660 3005/640/660 3008/636/660 3003/627/660
f 3003/627/661 3008/636/661 3007/639/661 2997/628/661
f 3000/646/655 3009/634/655 3006/635/655 2992/647/655
f 2996/629/662 2997/628/662 3007/631/662 3006/630/662
f 2994/621/663 2995/620/663 3005/623/663 3004/622/663
f 3018/618/651 3019/619/651 3013/620/651 3012/621/651
f 3022/622/652 3023/623/652 3017/624/652 3016/625/652
f 3020/626/653 3021/627/653 3015/628/653 3014/629/653
f 3024/630/654 3025/631/654 3011/632/654 3010/633/654
f 3027/634/655 3020/626/655 3014/629/655 3024/635/655
f 3026/636/656 3019/637/656 3011/638/656 3025/639/656
f 3023/640/657 3013/641/657 3019/637/657 3026/636/657
f 3022/642/655 3016/625/655 3020/626/655 3027/634/655
f 3016/625/658 3017/624/658 3021/627/658 3020/626/658
f 3010/643/659 3011/644/659 3019/619/659 3018/618/659
f 3012/645/655 3022/642/655 3027/634/655 3018/646/655
f 3017/624/660 3023/640/660 3026/636/660 3021/627/660
f 3021/627/661 3026/636/661 3025/639/661 3015/628/661
f 3018/646/655 3027/634/655 3024/635/655 3010/647/655
f 3014/629/662 3015/628/662 3025/631/662 3024/630/662
f 3012/621/663 3013/620/663 3023/623/663 3022/622/663
f 3036/618/651 3037/619/651 3031/620/651 3030/621/651
f 3040/622/652 3041/623/652 3035/624/652 3034/625/652
f 3038/626/653 3039/627/653 3033/628/653 3032/629/653
f 3042/630/654 3043/631/654 3029/632/654 3028/633/654
f 3045/634/655 3038/626/655 3032/629/655 3042/635/655
f 3044/636/656 3037/637/656 3029/638/656 3043/639/656
f 3041/640/657 3031/641/657 3037/637/657 3044/636/657
f 3040/642/655 3034/625/655 3038/626/655 3045/634/655
f 3034/625/658 3035/624/658 3039/627/658 3038/626/658
f 3028/643/659 3029/644/659 3037/619/659 3036/618/659
f 3030/645/655 3040/642/655 3045/634/655 3036/646/655
f 3035/624/660 3041/640/660 3044/636/660 3039/627/660
f 3039/627/661 3044/636/661 3043/639/661 3033/628/661
f 3036/646/655 3045/634/655 3042/635/655 3028/647/655
f 3032/629/662 3033/628/662 3043/631/662 3042/630/662
f 3030/621/663 3031/620/663 3041/623/663 3040/622/663
f 3054/618/651 3055/619/651 3049/620/651 3048/621/651
f 3058/622/652 3059/623/652 3053/624/652 3052/625/652
f 3056/626/653 3057/627/653 3051/628/653 3050/629/653
f 3060/630/654 3061/631/654 3047/632/654 3046/633/654
f 3063/634/655 3056/626/655 3050/629/655 3060/635/655
f 3062/636/656 3055/637/656 3047/638/656 3061/639/656
f 3059/640/657 3049/641/657 3055/637/657 3062/636/657
f 3058/642/655 3052/625/655 3056/626/655 3063/634/655
f 3052/625/658 3053/624/658 3057/627/658 3056/626/658
f 3046/643/659 3047/644/659 3055/619/659 3054/618/659
f 3048/645/655 3058/642/655 3063/634/655 3054/646/655
f 3053/624/660 3059/640/660 3062/636/660 3057/627/660
f 3057/627/661 3062/636/661 3061/639/661 3051/628/661
f 3054/646/655 3063/634/655 3060/635/655 3046/647/655
f 3050/629/662 3051/628/662 3061/631/662 3060/630/662
f 3048/621/663 3049/620/663 3059/623/663 3058/622/663
f 3072/618/651 3073/619/651 3067/620/651 3066/621/651
f 3076/622/652 3077/623/652 3071/624/652 3070/625/652
f 3074/626/653 3075/627/653 3069/628/653 3068/629/653
f 3078/630/654 3079/631/654 3065/632/654 3064/633/654
f 3081/634/655 3074/626/655 3068/629/655 3078/635/655
f 3080/636/656 3073/637/656 3065/638/656 3079/639/656
f 3077/640/657 3067/641/657 3073/637/657 3080/636/657
f 3076/642/655 3070/625/655 3074/626/655 3081/634/655
f 3070/625/658 3071/624/658 3075/627/658 3074/626/658
f 3064/643/659 3065/644/659 3073/619/659 3072/618/659
f 3066/645/655 3076/642/655 3081/634/655 3072/646/655
f 3071/624/660 3077/640/660 3080/636/660 3075/627/660
f 3075/627/661 3080/636/661 3079/639/661 3069/628/661
f 3072/646/655 3081/634/655 3078/635/655 3064/647/655
f 3068/629/662 3069/628/662 3079/631/662 3078/630/662
f 3066/621/663 3067/620/663 3077/623/663 3076/622/663
f 3090/618/651 3091/619/651 3085/620/651 3084/621/651
f 3094/622/652 3095/623/652 3089/624/652 3088/625/652
f 3092/626/653 3093/627/653 3087/628/653 3086/629/653
f 3096/630/654 3097/631/654 3083/632/654 3082/633/654
f 3099/634/655 3092/626/655 3086/629/655 3096/635/655
f 3098/636/656 3091/637/656 3083/638/656 3097/639/656
f 3095/640/657 3085/641/657 3091/637/657 3098/636/657
f 3094/642/655 3088/625/655 3092/626/655 3099/634/655
f 3088/625/658 3089/624/658 3093/627/658 3092/626/658
f 3082/643/659 3083/644/659 3091/619/659 3090/618/659
f 3084/645/655 3094/642/655 3099/634/655 3090/646/655
f 3089/624/660 3095/640/660 3098/636/660 3093/627/660
f 3093/627/661 3098/636/661 3097/639/661 3087/628/661
f 3090/646/655 3099/634/655 3096/635/655 3082/647/655
f 3086/629/662 3087/628/662 3097/631/662 3096/630/662
f 3084/621/663 3085/620/663 3095/623/663 3094/622/663
f 3108/618/651 3109/619/651 3103/620/651 3102/621/651
f 3112/622/652 3113/623/652 3107/624/652 3106/625/652
f 3110/626/653 3111/627/653 3105/628/653 3104/629/653
f 3114/630/654 3115/631/654 3101/632/654 3100/633/654
f 3117/634/655 3110/626/655 3104/629/655 3114/635/655
f 3116/636/656 3109/637/656 3101/638/656 3115/639/656
f 3113/640/657 3103/641/657 3109/637/657 3116/636/657
f 3112/642/655 3106/625/655 3110/626/655 3117/634/655
f 3106/625/658 3107/624/658 3111/627/658 3110/626/658
f 3100/643/659 3101/644/659 3109/619/659 3108/618/659
f 3102/645/655 3112/642/655 3117/634/655 3108/646/655
f 3107/624/660 3113/640/660 3116/636/660 3111/627/660
f 3111/627/661 3116/636/661 3115/639/661 3105/628/661
f 3108/646/655 3117/634/655 3114/635/655 3100/647/655
f 3104/629/662 3105/628/662 3115/631/662 3114/630/662
f 3102/621/663 3103/620/663 3113/623/663 3112/622/663
f 3126/618/651 3127/619/651 3121/620/651 3120/621/651
f 3130/622/652 3131/623/652 3125/624/652 3124/625/652
f 3128/626/653 3129/627/653 3123/628/653 3122/629/653
f 3132/630/654 3133/631/654 3119/632/654 3118/633/654
f 3135/634/655 3128/626/655 3122/629/655 3132/635/655
f 3134/636/656 3127/637/656 3119/638/656 3133/639/656
f 3131/640/657 3121/641/657 3127/637/657 3134/636/657
f 3130/642/655 3124/625/655 3128/626/655 3135/634/655
f 3124/625/658 3125/624/658 3129/627/658 3128/626/658
f 3118/643/659 3119/644/659 3127/619/659 3126/618/659
f 3120/645/655 3130/642/655 3135/634/655 3126/646/655
f 3125/624/660 3131/640/660 3134/636/660 3129/627/660
f 3129/627/661 3134/636/661 3133/639/661 3123/628/661
f 3126/646/655 3135/634/655 3132/635/655 3118/647/655
f 3122/629/662 3123/628/662 3133/631/662 3132/630/662
f 3120/621/663 3121/620/663 3131/623/663 3130/622/663
f 3144/618/651 3145/619/651 3139/620/651 3138/621/651
f 3148/622/652 3149/623/652 3143/624/652 3142/625/652
f 3146/626/653 3147/627/653 3141/628/653 3140/629/653
f 3150/630/654 3151/631/654 3137/632/654 3136/633/654
f 3153/634/655 3146/626/655 3140/629/655 3150/635/655
f 3152/636/656 3145/637/656 3137/638/656 3151/639/656
f 3149/640/657 3139/641/657 3145/637/657 3152/636/657
f 3148/642/655 3142/625/655 3146/626/655 3153/634/655
f 3142/625/658 3143/624/658 3147/627/658 3146/626/658
f 3136/643/659 3137/644/659 3145/619/659 3144/618/659
f 3138/645/655 3148/642/655 3153/634/655 3144/646/655
f 3143/624/660 3149/640/660 3152/636/660 3147/627/660
f 3147/627/661 3152/636/661 3151/639/661 3141/628/661
f 3144/646/655 3153/634/655 3150/635/655 3136/647/655
f 3140/629/662 3141/628/662 3151/631/662 3150/630/662
f 3138/621/663 3139/620/663 3149/623/663 3148/622/663
f 3162/618/651 3163/619/651 3157/620/651 3156/621/651
f 3166/622/652 3167/623/652 3161/624/652 3160/625/652
f 3164/626/653 3165/627/653 3159/628/653 3158/629/653
f 3168/630/654 3169/631/654 3155/632/654 3154/633/654
f 3171/634/655 3164/626/655 3158/629/655 3168/635/655
f 3170/636/656 3163/637/656 3155/638/656 3169/639/656
f 3167/640/657 3157/641/657 3163/637/657 3170/636/657
f 3166/642/655 3160/625/655 3164/626/655 3171/634/655
f 3160/625/658 3161/624/658 3165/627/658 3164/626/658
f 3154/643/659 3155/644/659 3163/619/659 3162/618/659
f 3156/645/655 3166/642/655 3171/634/655 3162/646/655
f 3161/624/660 3167/640/660 3170/636/660 3165/627/660
f 3165/627/661 3170/636/661 3169/639/661 3159/628/661
f 3162/646/655 3171/634/655 3168/635/655 3154/647/655
f 3158/629/662 3159/628/662 3169/631/662 3168/630/662
f 3156/621/663 3157/620/663 3167/623/663 3166/622/663
f 3180/618/651 3181/619/651 3175/620/651 3174/621/651
f 3184/622/652 3185/623/652 3179/624/652 3178/625/652
f 3182/626/653 3183/627/653 3177/628/653 3176/629/653
f 3186/630/654 3187/631/654 3173/632/654 3172/633/654
f 3189/634/655 3182/626/655 3176/629/655 3186/635/655
f 3188/636/656 3181/637/656 3173/638/656 3187/639/656
f 3185/640/657 3175/641/657 3181/637/657 3188/636/657
f 3184/642/655 3178/625/655 3182/626/655 3189/634/655
f 3178/625/658 3179/624/658 3183/627/658 3182/626/658
f 3172/643/659 3173/644/659 3181/619/659 3180/618/659
f 3174/645/655 3184/642/655 3189/634/655 3180/646/655
f 3179/624/660 3185/640/660 3188/636/660 3183/627/660
f 3183/627/661 3188/636/661 3187/639/661 3177/628/661
f 3180/646/655 3189/634/655 3186/635/655 3172/647/655
f 3176/629/662 3177/628/662 3187/631/662 3186/630/662
f 3174/621/663 3175/620/663 3185/623/663 3184/622/663
f 3198/618/651 3199/619/651 3193/620/651 3192/621/651
f 3202/622/652 3203/623/652 3197/624/652 3196/625/652
f 3200/626/653 3201/627/653 3195/628/653 3194/629/653
f 3204/630/654 3205/631/654 3191/632/654 3190/633/654
f 3207/634/655 3200/626/655 3194/629/655 3204/635/655
f 3206/636/656 3199/637/656 3191/638/656 3205/639/656
f 3203/640/657 3193/641/657 3199/637/657 3206/636/657
f 3202/642/655 3196/625/655 3200/626/655 3207/634/655
f 3196/625/658 3197/624/658 3201/627/658 3200/626/658
f 3190/643/659 3191/644/659 3199/619/659 3198/618/659
f 3192/645/655 3202/642/655 3207/634/655 3198/646/655
f 3197/624/660 3203/640/660 3206/636/660 3201/627/660
f 3201/627/661 3206/636/661 3205/639/661 3195/628/661
f 3198/646/655 3207/634/655 3204/635/655 3190/647/655
f 3194/629/662 3195/628/662 3205/631/662 3204/630/662
f 3192/621/663 3193/620/663 3203/623/663 3202/622/663
f 3216/618/651 3217/619/651 3211/620/651 3210/621/651
f 3220/622/652 3221/623/652 3215/624/652 3214/625/652
f 3218/626/653 3219/627/653 3213/628/653 3212/629/653
f 3222/630/654 3223/631/654 3209/632/654 3208/633/654
f 3225/634/655 3218/626/655 3212/629/655 3222/635/655
f 3224/636/656 3217/637/656 3209/638/656 3223/639/656
f 3221/640/657 3211/641/657 3217/637/657 3224/636/657
f 3220/642/655 3214/625/655 3218/626/655 3225/634/655
f 3214/625/658 3215/624/658 3219/627/658 3218/626/658
f 3208/643/659 3209/644/659 3217/619/659 3216/618/659
f 3210/645/655 3220/642/655 3225/634/655 3216/646/655
f 3215/624/660 3221/640/660 3224/636/660 3219/627/660
f 3219/627/661 3224/636/661 3223/639/661 3213/628/661
f 3216/646/655 3225/634/655 3222/635/655 3208/647/655
f 3212/629/662 3213/628/662 3223/631/662 3222/630/662
f 3210/621/663 3211/620/663 3221/623/663 3220/622/663
f 3234/618/651 3235/619/651 3229/620/651 3228/621/651
f 3238/622/652 3239/623/652 3233/624/652 3232/625/652
f 3236/626/653 3237/627/653 3231/628/653 3230/629/653
f 3240/630/654 3241/631/654 3227/632/654 3226/633/654
f 3243/634/655 3236/626/655 3230/629/655 3240/635/655
f 3242/636/656 3235/637/656 3227/638/656 3241/639/656
f 3239/640/657 3229/641/657 3235/637/657 3242/636/657
f 3238/642/655 3232/625/655 3236/626/655 3243/634/655
f 3232/625/658 3233/624/658 3237/627/658 3236/626/658
f 3226/643/659 3227/644/659 3235/619/659 3234/618/659
f 3228/645/655 3238/642/655 3243/634/655 3234/646/655
f 3233/624/660 3239/640/660 3242/636/660 3237/627/660
f 3237/627/661 3242/636/661 3241/639/661 3231/628/661
f 3234/646/655 3243/634/655 3240/635/655 3226/647/655
f 3230/629/662 3231/628/662 3241/631/662 3240/630/662
f 3228/621/663 3229/620/663 3239/623/663 3238/622/663
f 3252/618/651 3253/619/651 3247/620/651 3246/621/651
f 3256/622/652 3257/623/652 3251/624/652 3250/625/652
f 3254/626/653 3255/627/653 3249/628/653 3248/629/653
f 3258/630/654 3259/631/654 3245/632/654 3244/633/654
f 3261/634/655 3254/626/655 3248/629/655 3258/635/655
f 3260/636/656 3253/637/656 3245/638/656 3259/639/656
f 3257/640/657 3247/641/657 3253/637/657 3260/636/657
f 3256/642/655 3250/625/655 3254/626/655 3261/634/655
f 3250/625/658 3251/624/658 3255/627/658 3254/626/658
f 3244/643/659 3245/644/659 3253/619/659 3252/618/659
f 3246/645/655 3256/642/655 3261/634/655 3252/646/655
f 3251/624/660 3257/640/660 3260/636/660 3255/627/660
f 3255/627/661 3260/636/661 3259/639/661 3249/628/661
f 3252/646/655 3261/634/655 3258/635/655 3244/647/655
f 3248/629/662 3249/628/662 3259/631/662 3258/630/662
f 3246/621/663 3247/620/663 3257/623/663 3256/622/663
f 3270/618/651 3271/619/651 3265/620/651 3264/621/651
f 3274/622/652 3275/623/652 3269/624/652 3268/625/652
f 3272/626/653 3273/627/653 3267/628/653 3266/629/653
f 3276/630/654 3277/631/654 3263/632/654 3262/633/654
f 3279/634/655 3272/626/655 3266/629/655 3276/635/655
f 3278/636/656 3271/637/656 3263/638/656 3277/639/656
f 3275/640/657 3265/641/657 3271/637/657 3278/636/657
f 3274/642/655 3268/625/655 3272/626/655 3279/634/655
f 3268/625/658 3269/624/658 3273/627/658 3272/626/658
f 3262/643/659 3263/644/659 3271/619/659 3270/618/659
f 3264/645/655 3274/642/655 3279/634/655 3270/646/655
f 3269/624/660 3275/640/660 3278/636/660 3273/627/660
f 3273/627/661 3278/636/661 3277/639/661 3267/628/661
f 3270/646/655 3279/634/655 3276/635/655 3262/647/655
f 3266/629/662 3267/628/662 3277/631/662 3276/630/662
f 3264/621/663 3265/620/663 3275/623/663 3274/622/663
f 3288/618/651 3289/619/651 3283/620/651 3282/621/651
f 3292/622/652 3293/623/652 3287/624/652 3286/625/652
f 3290/626/653 3291/627/653 3285/628/653 3284/629/653
f 3294/630/654 3295/631/654 3281/632/654 3280/633/654
f 3297/634/655 3290/626/655 3284/629/655 3294/635/655
f 3296/636/656 3289/637/656 3281/638/656 3295/639/656
f 3293/640/657 3283/641/657 3289/637/657 3296/636/657
f 3292/642/655 3286/625/655 3290/626/655 3297/634/655
f 3286/625/658 3287/624/658 3291/627/658 3290/626/658
f 3280/643/659 3281/644/659 3289/619/659 3288/618/659
f 3282/645/655 3292/642/655 3297/634/655 3288/646/655
f 3287/624/660 3293/640/660 3296/636/660 3291/627/660
f 3291/627/661 3296/636/661 3295/639/661 3285/628/661
f 3288/646/655 3297/634/655 3294/635/655 3280/647/655
f 3284/629/662 3285/628/662 3295/631/662 3294/630/662
f 3282/621/663 3283/620/663 3293/623/663 3292/622/663
f 3306/618/651 3307/619/651 3301/620/651 3300/621/651
f 3310/622/652 3311/623/652 3305/624/652 3304/625/652
f 3308/626/653 3309/627/653 3303/628/653 3302/629/653
f 3312/630/654 3313/631/654 3299/632/654 3298/633/654
f 3315/634/655 3308/626/655 3302/629/655 3312/635/655
f 3314/636/656 3307/637/656 3299/638/656 3313/639/656
f 3311/640/657 3301/641/657 3307/637/657 3314/636/657
f 3310/642/655 3304/625/655 3308/626/655 3315/634/655
f 3304/625/658 3305/624/658 3309/627/658 3308/626/658
f 3298/643/659 3299/644/659 3307/619/659 3306/618/659
f 3300/645/655 3310/642/655 3315/634/655 3306/646/655
f 3305/624/660 3311/640/660 3314/636/660 3309/627/660
f 3309/627/661 3314/636/661 3313/639/661 3303/628/661
f 3306/646/655 3315/634/655 3312/635/655 3298/647/655
f 3302/629/662 3303/628/662 3313/631/662 3312/630/662
f 3300/621/663 3301/620/663 3311/623/663 3310/622/663
f 3324/618/651 3325/619/651 3319/620/651 3318/621/651
f 3328/622/652 3329/623/652 3323/624/652 3322/625/652
f 3326/626/653 3327/627/653 3321/628/653 3320/629/653
f 3330/630/654 3331/631/654 3317/632/654 3316/633/654
f 3333/634/655 3326/626/655 3320/629/655 3330/635/655
f 3332/636/656 3325/637/656 3317/638/656 3331/639/656
f 3329/640/657 3319/641/657 3325/637/657 3332/636/657
f 3328/642/655 3322/625/655 3326/626/655 3333/634/655
f 3322/625/658 3323/624/658 3327/627/658 3326/626/658
f 3316/643/659 3317/644/659 3325/619/659 3324/618/659
f 3318/645/655 3328/642/655 3333/634/655 3324/646/655
f 3323/624/660 3329/640/660 3332/636/660 3327/627/660
f 3327/627/661 3332/636/661 3331/639/661 3321/628/661
f 3324/646/655 3333/634/655 3330/635/655 3316/647/655
f 3320/629/662 3321/628/662 3331/631/662 3330/630/662
f 3318/621/663 3319/620/663 3329/623/663 3328/622/663
f 3342/618/651 3343/619/651 3337/620/651 3336/621/651
f 3346/622/652 3347/623/652 3341/624/652 3340/625/652
f 3344/626/653 3345/627/653 3339/628/653 3338/629/653
f 3348/630/654 3349/631/654 3335/632/654 3334/633/654
f 3351/634/655 3344/626/655 3338/629/655 3348/635/655
f 3350/636/656 3343/637/656 3335/638/656 3349/639/656
f 3347/640/657 3337/641/657 3343/637/657 3350/636/657
f 3346/642/655 3340/625/655 3344/626/655 3351/634/655
f 3340/625/658 3341/624/658 3345/627/658 3344/626/658
f 3334/643/659 3335/644/659 3343/619/659 3342/618/659
f 3336/645/655 3346/642/655 3351/634/655 3342/646/655
f 3341/624/660 3347/640/660 3350/636/660 3345/627/660
f 3345/627/661 3350/636/661 3349/639/661 3339/628/661
f 3342/646/655 3351/634/655 3348/635/655 3334/647/655
f 3338/629/662 3339/628/662 3349/631/662 3348/630/662
f 3336/621/663 3337/620/663 3347/623/663 3346/622/663
o Turret-Rivvet-Set-5
v 0.266450 0.851365 0.131116
v 0.267700 0.852414 0.131116
v 0.266450 0.851365 0.127045
v 0.267700 0.852414 0.127045
v 0.269067 0.848247 0.131116
v 0.270317 0.849295 0.131116
v 0.269067 0.848247 0.127045
v 0.270317 0.849295 0.127045
v 0.265932 0.851983 0.129081
v 0.267182 0.853032 0.129081
v 0.269585 0.847629 0.129081
v 0.270835 0.848678 0.129081
v 0.267759 0.849806 0.126239
v 0.269008 0.850855 0.126239
v 0.267759 0.849806 0.131922
v 0.269008 0.850855 0.131922
v 0.269722 0.851454 0.129081
v 0.267759 0.849806 0.129081
v 0.266450 0.851365 0.100425
v 0.267700 0.852414 0.100425
v 0.266450 0.851365 0.096354
v 0.267700 0.852414 0.096354
v 0.269067 0.848247 0.100425
v 0.270317 0.849295 0.100425
v 0.269067 0.848247 0.096354
v 0.270317 0.849295 0.096354
v 0.265932 0.851983 0.098389
v 0.267182 0.853032 0.098389
v 0.269585 0.847629 0.098389
v 0.270835 0.848678 0.098389
v 0.267759 0.849806 0.095548
v 0.269008 0.850855 0.095548
v 0.267759 0.849806 0.101231
v 0.269008 0.850855 0.101231
v 0.269722 0.851454 0.098389
v 0.267759 0.849806 0.098389
v 0.266450 0.851365 0.069733
v 0.267700 0.852414 0.069733
v 0.266450 0.851365 0.065663
v 0.267700 0.852414 0.065663
v 0.269067 0.848247 0.069733
v 0.270316 0.849295 0.069733
v 0.269067 0.848247 0.065663
v 0.270316 0.849295 0.065663
v 0.265932 0.851983 0.067698
v 0.267182 0.853032 0.067698
v 0.269585 0.847629 0.067698
v 0.270835 0.848678 0.067698
v 0.267759 0.849806 0.064856
v 0.269008 0.850855 0.064856
v 0.267759 0.849806 0.070540
v 0.269008 0.850855 0.070540
v 0.269722 0.851454 0.067698
v 0.267759 0.849806 0.067698
v 0.266450 0.851365 0.039042
v 0.267700 0.852414 0.039042
v 0.266450 0.851365 0.034971
v 0.267700 0.852414 0.034971
v 0.269067 0.848247 0.039042
v 0.270316 0.849295 0.039042
v 0.269067 0.848247 0.034971
v 0.270316 0.849295 0.034971
v 0.265932 0.851983 0.037007
v 0.267182 0.853032 0.037007
v 0.269585 0.847629 0.037007
v 0.270835 0.848678 0.037007
v 0.267759 0.849806 0.034165
v 0.269008 0.850855 0.034165
v 0.267759 0.849806 0.039849
v 0.269008 0.850855 0.039849
v 0.269722 0.851454 0.037007
v 0.267759 0.849806 0.037007
v 0.266450 0.851365 0.008351
v 0.267700 0.852414 0.008351
v 0.266450 0.851365 0.004280
v 0.267700 0.852414 0.004280
v 0.269067 0.848247 0.008351
v 0.270316 0.849295 0.008351
v 0.269067 0.848247 0.004280
v 0.270316 0.849295 0.004280
v 0.265932 0.851983 0.006316
v 0.267182 0.853032 0.006316
v 0.269585 0.847629 0.006316
v 0.270835 0.848678 0.006316
v 0.267759 0.849806 0.003474
v 0.269008 0.850855 0.003474
v 0.267759 0.849806 0.009157
v 0.269008 0.850855 0.009157
v 0.269722 0.851454 0.006316
v 0.267759 0.849806 0.006316
v 0.266450 0.851365 -0.022340
v 0.267700 0.852414 -0.022340
v 0.266450 0.851365 -0.026411
v 0.267700 0.852414 -0.026411
v 0.269067 0.848247 -0.022340
v 0.270316 0.849295 -0.022340
v 0.269067 0.848247 -0.026411
v 0.270316 0.849295 -0.026411
v 0.265932 0.851983 -0.024376
v 0.267182 0.853032 -0.024376
v 0.269585 0.847629 -0.024376
v 0.270835 0.848678 -0.024376
v 0.267759 0.849806 -0.027218
v 0.269008 0.850855 -0.027218
v 0.267759 0.849806 -0.021534
v 0.269008 0.850855 -0.021534
v 0.269722 0.851454 -0.024376
v 0.267759 0.849806 -0.024376
v 0.266450 0.851365 -0.053032
v 0.267700 0.852414 -0.053032
v 0.266450 0.851365 -0.057102
v 0.267700 0.852414 -0.057102
v 0.269067 0.848247 -0.053032
v 0.270316 0.849295 -0.053032
v 0.269067 0.848247 -0.057102
v 0.270316 0.849295 -0.057102
v 0.265932 0.851983 -0.055067
v 0.267182 0.853032 -0.055067
v 0.269585 0.847629 -0.055067
v 0.270835 0.848678 -0.055067
v 0.267759 0.849806 -0.057909
v 0.269008 0.850855 -0.057909
v 0.267759 0.849806 -0.052225
v 0.269008 0.850855 -0.052225
v 0.269722 0.851454 -0.055067
v 0.267759 0.849806 -0.055067
v 0.266450 0.851365 -0.083723
v 0.267700 0.852414 -0.083723
v 0.266450 0.851365 -0.087794
v 0.267700 0.852414 -0.087794
v 0.269067 0.848247 -0.083723
v 0.270316 0.849295 -0.083723
v 0.269067 0.848247 -0.087794
v 0.270316 0.849295 -0.087794
v 0.265932 0.851983 -0.085758
v 0.267182 0.853032 -0.085758
v 0.269585 0.847629 -0.085758
v 0.270835 0.848678 -0.085758
v 0.267759 0.849806 -0.088600
v 0.269008 0.850855 -0.088600
v 0.267759 0.849806 -0.082916
v 0.269008 0.850855 -0.082916
v 0.269722 0.851454 -0.085758
v 0.267759 0.849806 -0.085758
v 0.266450 0.851365 -0.114414
v 0.267700 0.852414 -0.114414
v 0.266450 0.851365 -0.118485
v 0.267700 0.852414 -0.118485
v 0.269067 0.848247 -0.114414
v 0.270316 0.849295 -0.114414
v 0.269067 0.848247 -0.118485
v 0.270316 0.849295 -0.118485
v 0.265932 0.851983 -0.116450
v 0.267182 0.853032 -0.116450
v 0.269585 0.847629 -0.116450
v 0.270835 0.848678 -0.116450
v 0.267759 0.849806 -0.119291
v 0.269008 0.850855 -0.119291
v 0.267759 0.849806 -0.113608
v 0.269008 0.850855 -0.113608
v 0.269722 0.851454 -0.116450
v 0.267759 0.849806 -0.116450
v 0.266450 0.851365 -0.145105
v 0.267700 0.852414 -0.145105
v 0.266450 0.851365 -0.149176
v 0.267700 0.852414 -0.149176
v 0.269067 0.848247 -0.145105
v 0.270316 0.849295 -0.145105
v 0.269067 0.848247 -0.149176
v 0.270316 0.849295 -0.149176
v 0.265932 0.851983 -0.147141
v 0.267181 0.853032 -0.147141
v 0.269585 0.847629 -0.147141
v 0.270835 0.848678 -0.147141
v 0.267759 0.849806 -0.149983
v 0.269008 0.850855 -0.149983
v 0.267759 0.849806 -0.144299
v 0.269008 0.850855 -0.144299
v 0.269722 0.851454 -0.147141
v 0.267759 0.849806 -0.147141
v 0.266450 0.851365 -0.175797
v 0.267700 0.852414 -0.175797
v 0.266450 0.851365 -0.179867
v 0.267700 0.852414 -0.179867
v 0.269067 0.848247 -0.175797
v 0.270316 0.849295 -0.175797
v 0.269067 0.848247 -0.179867
v 0.270316 0.849295 -0.179867
v 0.265932 0.851983 -0.177832
v 0.267181 0.853032 -0.177832
v 0.269585 0.847629 -0.177832
v 0.270835 0.848678 -0.177832
v 0.267759 0.849806 -0.180674
v 0.269008 0.850855 -0.180674
v 0.267759 0.849806 -0.174990
v 0.269008 0.850855 -0.174990
v 0.269722 0.851454 -0.177832
v 0.267759 0.849806 -0.177832
v 0.266450 0.851365 -0.206488
v 0.267700 0.852414 -0.206488
v 0.266450 0.851365 -0.210559
v 0.267700 0.852414 -0.210559
v 0.269067 0.848247 -0.206488
v 0.270316 0.849295 -0.206488
v 0.269067 0.848247 -0.210559
v 0.270316 0.849295 -0.210559
v 0.265932 0.851983 -0.208523
v 0.267181 0.853032 -0.208523
v 0.269585 0.847629 -0.208523
v 0.270835 0.848678 -0.208523
v 0.267759 0.849806 -0.211365
v 0.269008 0.850855 -0.211365
v 0.267759 0.849806 -0.205682
v 0.269008 0.850855 -0.205682
v 0.269722 0.851454 -0.208523
v 0.267759 0.849806 -0.208523
v 0.266450 0.851365 -0.237179
v 0.267700 0.852414 -0.237179
v 0.266450 0.851365 -0.241250
v 0.267700 0.852414 -0.241250
v 0.269067 0.848247 -0.237179
v 0.270316 0.849295 -0.237179
v 0.269067 0.848247 -0.241250
v 0.270316 0.849295 -0.241250
v 0.265932 0.851983 -0.239215
v 0.267181 0.853032 -0.239215
v 0.269585 0.847629 -0.239215
v 0.270835 0.848678 -0.239215
v 0.267759 0.849806 -0.242056
v 0.269008 0.850855 -0.242056
v 0.267759 0.849806 -0.236373
v 0.269008 0.850855 -0.236373
v 0.269722 0.851454 -0.239215
v 0.267759 0.849806 -0.239215
v 0.266450 0.851365 -0.267871
v 0.267700 0.852414 -0.267871
v 0.266450 0.851365 -0.271941
v 0.267700 0.852414 -0.271941
v 0.269067 0.848247 -0.267871
v 0.270316 0.849295 -0.267871
v 0.269067 0.848247 -0.271941
v 0.270316 0.849295 -0.271941
v 0.265932 0.851983 -0.269906
v 0.267181 0.853032 -0.269906
v 0.269585 0.847629 -0.269906
v 0.270835 0.848678 -0.269906
v 0.267759 0.849806 -0.272748
v 0.269008 0.850855 -0.272748
v 0.267759 0.849806 -0.267064
v 0.269008 0.850855 -0.267064
v 0.269722 0.851454 -0.269906
v 0.267759 0.849806 -0.269906
v 0.266450 0.851365 -0.298562
v 0.267700 0.852414 -0.298562
v 0.266450 0.851365 -0.302633
v 0.267700 0.852414 -0.302633
v 0.269067 0.848247 -0.298562
v 0.270316 0.849295 -0.298562
v 0.269067 0.848247 -0.302633
v 0.270316 0.849295 -0.302633
v 0.265932 0.851983 -0.300597
v 0.267181 0.853032 -0.300597
v 0.269585 0.847629 -0.300597
v 0.270835 0.848678 -0.300597
v 0.267759 0.849806 -0.303439
v 0.269008 0.850855 -0.303439
v 0.267759 0.849806 -0.297755
v 0.269008 0.850855 -0.297755
v 0.269722 0.851454 -0.300597
v 0.267759 0.849806 -0.300597
v 0.266450 0.851365 -0.329253
v 0.267700 0.852414 -0.329253
v 0.266450 0.851365 -0.333324
v 0.267700 0.852414 -0.333324
v 0.269067 0.848247 -0.329253
v 0.270316 0.849295 -0.329253
v 0.269067 0.848247 -0.333324
v 0.270316 0.849295 -0.333324
v 0.265932 0.851983 -0.331288
v 0.267181 0.853032 -0.331288
v 0.269585 0.847629 -0.331288
v 0.270835 0.848678 -0.331288
v 0.267759 0.849806 -0.334130
v 0.269008 0.850855 -0.334130
v 0.267759 0.849806 -0.328447
v 0.269008 0.850855 -0.328447
v 0.269722 0.851454 -0.331288
v 0.267759 0.849806 -0.331288
v 0.266450 0.851365 -0.359944
v 0.267700 0.852414 -0.359944
v 0.266450 0.851365 -0.364015
v 0.267700 0.852414 -0.364015
v 0.269067 0.848247 -0.359944
v 0.270316 0.849295 -0.359944
v 0.269067 0.848247 -0.364015
v 0.270316 0.849295 -0.364015
v 0.265932 0.851983 -0.361980
v 0.267181 0.853032 -0.361980
v 0.269585 0.847629 -0.361980
v 0.270835 0.848678 -0.361980
v 0.267759 0.849806 -0.364822
v 0.269008 0.850855 -0.364822
v 0.267759 0.849806 -0.359138
v 0.269008 0.850855 -0.359138
v 0.269722 0.851454 -0.361980
v 0.267759 0.849806 -0.361980
v 0.266450 0.851365 -0.390636
v 0.267700 0.852414 -0.390636
v 0.266450 0.851365 -0.394706
v 0.267700 0.852414 -0.394706
v 0.269067 0.848247 -0.390636
v 0.270316 0.849295 -0.390636
v 0.269067 0.848247 -0.394706
v 0.270316 0.849295 -0.394706
v 0.265932 0.851983 -0.392671
v 0.267181 0.853032 -0.392671
v 0.269585 0.847629 -0.392671
v 0.270835 0.848678 -0.392671
v 0.267759 0.849806 -0.395513
v 0.269008 0.850855 -0.395513
v 0.267759 0.849806 -0.389829
v 0.269008 0.850855 -0.389829
v 0.269722 0.851454 -0.392671
v 0.267759 0.849806 -0.392671
v 0.266450 0.851365 -0.421327
v 0.267700 0.852414 -0.421327
v 0.266450 0.851365 -0.425398
v 0.267700 0.852414 -0.425398
v 0.269067 0.848247 -0.421327
v 0.270316 0.849295 -0.421327
v 0.269067 0.848247 -0.425398
v 0.270316 0.849295 -0.425398
v 0.265932 0.851983 -0.423362
v 0.267181 0.853032 -0.423362
v 0.269585 0.847629 -0.423362
v 0.270835 0.848678 -0.423362
v 0.267759 0.849806 -0.426204
v 0.269008 0.850855 -0.426204
v 0.267759 0.849806 -0.420520
v 0.269008 0.850855 -0.420520
v 0.269722 0.851454 -0.423362
v 0.267759 0.849806 -0.423362
v 0.266450 0.851365 -0.452018
v 0.267700 0.852414 -0.452018
v 0.266450 0.851365 -0.456089
v 0.267700 0.852414 -0.456089
v 0.269067 0.848247 -0.452018
v 0.270316 0.849295 -0.452018
v 0.269067 0.848247 -0.456089
v 0.270316 0.849295 -0.456089
v 0.265932 0.851983 -0.454054
v 0.267181 0.853032 -0.454054
v 0.269585 0.847629 -0.454054
v 0.270835 0.848678 -0.454054
v 0.267759 0.849806 -0.456895
v 0.269008 0.850855 -0.456895
v 0.267759 0.849806 -0.451212
v 0.269008 0.850855 -0.451212
v 0.269722 0.851454 -0.454054
v 0.267759 0.849806 -0.454054
v 0.266450 0.851365 -0.482709
v 0.267700 0.852414 -0.482709
v 0.266450 0.851365 -0.486780
v 0.267700 0.852414 -0.486780
v 0.269067 0.848247 -0.482709
v 0.270316 0.849295 -0.482709
v 0.269067 0.848247 -0.486780
v 0.270316 0.849295 -0.486780
v 0.265932 0.851983 -0.484745
v 0.267181 0.853032 -0.484745
v 0.269585 0.847629 -0.484745
v 0.270835 0.848678 -0.484745
v 0.267759 0.849806 -0.487587
v 0.269008 0.850855 -0.487587
v 0.267759 0.849806 -0.481903
v 0.269008 0.850855 -0.481903
v 0.269722 0.851454 -0.484745
v 0.267759 0.849806 -0.484745
v 0.266450 0.851365 -0.513401
v 0.267700 0.852414 -0.513401
v 0.266450 0.851365 -0.517471
v 0.267700 0.852414 -0.517471
v 0.269067 0.848247 -0.513401
v 0.270316 0.849296 -0.513401
v 0.269067 0.848247 -0.517471
v 0.270316 0.849296 -0.517471
v 0.265932 0.851983 -0.515436
v 0.267181 0.853032 -0.515436
v 0.269585 0.847629 -0.515436
v 0.270835 0.848678 -0.515436
v 0.267759 0.849806 -0.518278
v 0.269008 0.850855 -0.518278
v 0.267759 0.849806 -0.512594
v 0.269008 0.850855 -0.512594
v 0.269722 0.851454 -0.515436
v 0.267759 0.849806 -0.515436
v 0.266450 0.851365 -0.544092
v 0.267700 0.852414 -0.544092
v 0.266450 0.851365 -0.548163
v 0.267700 0.852414 -0.548163
v 0.269067 0.848247 -0.544092
v 0.270316 0.849296 -0.544092
v 0.269067 0.848247 -0.548163
v 0.270316 0.849296 -0.548163
v 0.265932 0.851983 -0.546127
v 0.267181 0.853032 -0.546127
v 0.269585 0.847629 -0.546127
v 0.270835 0.848678 -0.546127
v 0.267759 0.849806 -0.548969
v 0.269008 0.850855 -0.548969
v 0.267759 0.849806 -0.543286
v 0.269008 0.850855 -0.543286
v 0.269722 0.851454 -0.546127
v 0.267759 0.849806 -0.546127
v 0.266450 0.851365 -0.574783
v 0.267700 0.852414 -0.574783
v 0.266450 0.851365 -0.578854
v 0.267700 0.852414 -0.578854
v 0.269067 0.848247 -0.574783
v 0.270316 0.849296 -0.574783
v 0.269067 0.848247 -0.578854
v 0.270316 0.849296 -0.578854
v 0.265932 0.851983 -0.576819
v 0.267181 0.853032 -0.576819
v 0.269585 0.847629 -0.576819
v 0.270835 0.848678 -0.576819
v 0.267759 0.849806 -0.579660
v 0.269008 0.850855 -0.579660
v 0.267759 0.849806 -0.573977
v 0.269008 0.850855 -0.573977
v 0.269722 0.851454 -0.576819
v 0.267759 0.849806 -0.576819
v 0.266450 0.851365 -0.605475
v 0.267700 0.852414 -0.605475
v 0.266450 0.851365 -0.609545
v 0.267700 0.852414 -0.609545
v 0.269067 0.848247 -0.605475
v 0.270316 0.849296 -0.605475
v 0.269067 0.848247 -0.609545
v 0.270316 0.849296 -0.609545
v 0.265932 0.851983 -0.607510
v 0.267181 0.853032 -0.607510
v 0.269585 0.847629 -0.607510
v 0.270835 0.848678 -0.607510
v 0.267759 0.849806 -0.610352
v 0.269008 0.850855 -0.610352
v 0.267759 0.849806 -0.604668
v 0.269008 0.850855 -0.604668
v 0.269722 0.851454 -0.607510
v 0.267759 0.849806 -0.607510
vn -0.5976 0.7122 -0.3683
vn 0.2368 -0.2822 -0.9297
vn 0.5976 -0.7122 0.3683
vn -0.2368 0.2822 0.9297
vn -0.7660 -0.6428 -0.0000
vn 0.5887 0.7784 0.2179
vn 0.5887 0.7784 -0.2179
vn 0.5976 -0.7122 -0.3683
vn -0.5976 0.7122 0.3683
vn 0.8688 0.4446 -0.2179
vn 0.8688 0.4446 0.2179
vn 0.2368 -0.2822 0.9297
vn -0.2368 0.2822 -0.9297
vt 0.375000 0.125000
vt 0.625000 0.125000
vt 0.625000 0.250000
vt 0.375000 0.250000
vt 0.375000 0.375000
vt 0.625000 0.375000
vt 0.625000 0.500000
vt 0.375000 0.500000
vt 0.375000 0.625000
vt 0.625000 0.625000
vt 0.625000 0.750000
vt 0.375000 0.750000
vt 0.375000 0.875000
vt 0.625000 0.875000
vt 0.625000 1.000000
vt 0.375000 1.000000
vt 0.250000 0.625000
vt 0.250000 0.750000
vt 0.750000 0.625000
vt 0.875000 0.625000
vt 0.875000 0.750000
vt 0.750000 0.750000
vt 0.750000 0.500000
vt 0.875000 0.500000
vt 0.250000 0.500000
vt 0.375000 0.000000
vt 0.625000 0.000000
vt 0.125000 0.500000
vt 0.125000 0.625000
vt 0.125000 0.750000
s 0
usemtl 
f 3360/648/664 3361/649/664 3355/650/664 3354/651/664
f 3364/652/665 3365/653/665 3359/654/665 3358/655/665
f 3362/656/666 3363/657/666 3357/658/666 3356/659/666
f 3366/660/667 3367/661/667 3353/662/667 3352/663/667
f 3369/664/668 3362/656/668 3356/659/668 3366/665/668
f 3368/666/669 3361/667/669 3353/668/669 3367/669/669
f 3365/670/670 3355/671/670 3361/667/670 3368/666/670
f 3364/672/668 3358/655/668 3362/656/668 3369/664/668
f 3358/655/671 3359/654/671 3363/657/671 3362/656/671
f 3352/673/672 3353/674/672 3361/649/672 3360/648/672
f 3354/675/668 3364/672/668 3369/664/668 3360/676/668
f 3359/654/673 3365/670/673 3368/666/673 3363/657/673
f 3363/657/674 3368/666/674 3367/669/674 3357/658/674
f 3360/676/668 3369/664/668 3366/665/668 3352/677/668
f 3356/659/675 3357/658/675 3367/661/675 3366/660/675
f 3354/651/676 3355/650/676 3365/653/676 3364/652/676
f 3378/648/664 3379/649/664 3373/650/664 3372/651/664
f 3382/652/665 3383/653/665 3377/654/665 3376/655/665
f 3380/656/666 3381/657/666 3375/658/666 3374/659/666
f 3384/660/667 3385/661/667 3371/662/667 3370/663/667
f 3387/664/668 3380/656/668 3374/659/668 3384/665/668
f 3386/666/669 3379/667/669 3371/668/669 3385/669/669
f 3383/670/670 3373/671/670 3379/667/670 3386/666/670
f 3382/672/668 3376/655/668 3380/656/668 3387/664/668
f 3376/655/671 3377/654/671 3381/657/671 3380/656/671
f 3370/673/672 3371/674/672 3379/649/672 3378/648/672
f 3372/675/668 3382/672/668 3387/664/668 3378/676/668
f 3377/654/673 3383/670/673 3386/666/673 3381/657/673
f 3381/657/674 3386/666/674 3385/669/674 3375/658/674
f 3378/676/668 3387/664/668 3384/665/668 3370/677/668
f 3374/659/675 3375/658/675 3385/661/675 3384/660/675
f 3372/651/676 3373/650/676 3383/653/676 3382/652/676
f 3396/648/664 3397/649/664 3391/650/664 3390/651/664
f 3400/652/665 3401/653/665 3395/654/665 3394/655/665
f 3398/656/666 3399/657/666 3393/658/666 3392/659/666
f 3402/660/667 3403/661/667 3389/662/667 3388/663/667
f 3405/664/668 3398/656/668 3392/659/668 3402/665/668
f 3404/666/669 3397/667/669 3389/668/669 3403/669/669
f 3401/670/670 3391/671/670 3397/667/670 3404/666/670
f 3400/672/668 3394/655/668 3398/656/668 3405/664/668
f 3394/655/671 3395/654/671 3399/657/671 3398/656/671
f 3388/673/672 3389/674/672 3397/649/672 3396/648/672
f 3390/675/668 3400/672/668 3405/664/668 3396/676/668
f 3395/654/673 3401/670/673 3404/666/673 3399/657/673
f 3399/657/674 3404/666/674 3403/669/674 3393/658/674
f 3396/676/668 3405/664/668 3402/665/668 3388/677/668
f 3392/659/675 3393/658/675 3403/661/675 3402/660/675
f 3390/651/676 3391/650/676 3401/653/676 3400/652/676
f 3414/648/664 3415/649/664 3409/650/664 3408/651/664
f 3418/652/665 3419/653/665 3413/654/665 3412/655/665
f 3416/656/666 3417/657/666 3411/658/666 3410/659/666
f 3420/660/667 3421/661/667 3407/662/667 3406/663/667
f 3423/664/668 3416/656/668 3410/659/668 3420/665/668
f 3422/666/669 3415/667/669 3407/668/669 3421/669/669
f 3419/670/670 3409/671/670 3415/667/670 3422/666/670
f 3418/672/668 3412/655/668 3416/656/668 3423/664/668
f 3412/655/671 3413/654/671 3417/657/671 3416/656/671
f 3406/673/672 3407/674/672 3415/649/672 3414/648/672
f 3408/675/668 3418/672/668 3423/664/668 3414/676/668
f 3413/654/673 3419/670/673 3422/666/673 3417/657/673
f 3417/657/674 3422/666/674 3421/669/674 3411/658/674
f 3414/676/668 3423/664/668 3420/665/668 3406/677/668
f 3410/659/675 3411/658/675 3421/661/675 3420/660/675
f 3408/651/676 3409/650/676 3419/653/676 3418/652/676
f 3432/648/664 3433/649/664 3427/650/664 3426/651/664
f 3436/652/665 3437/653/665 3431/654/665 3430/655/665
f 3434/656/666 3435/657/666 3429/658/666 3428/659/666
f 3438/660/667 3439/661/667 3425/662/667 3424/663/667
f 3441/664/668 3434/656/668 3428/659/668 3438/665/668
f 3440/666/669 3433/667/669 3425/668/669 3439/669/669
f 3437/670/670 3427/671/670 3433/667/670 3440/666/670
f 3436/672/668 3430/655/668 3434/656/668 3441/664/668
f 3430/655/671 3431/654/671 3435/657/671 3434/656/671
f 3424/673/672 3425/674/672 3433/649/672 3432/648/672
f 3426/675/668 3436/672/668 3441/664/668 3432/676/668
f 3431/654/673 3437/670/673 3440/666/673 3435/657/673
f 3435/657/674 3440/666/674 3439/669/674 3429/658/674
f 3432/676/668 3441/664/668 3438/665/668 3424/677/668
f 3428/659/675 3429/658/675 3439/661/675 3438/660/675
f 3426/651/676 3427/650/676 3437/653/676 3436/652/676
f 3450/648/664 3451/649/664 3445/650/664 3444/651/664
f 3454/652/665 3455/653/665 3449/654/665 3448/655/665
f 3452/656/666 3453/657/666 3447/658/666 3446/659/666
f 3456/660/667 3457/661/667 3443/662/667 3442/663/667
f 3459/664/668 3452/656/668 3446/659/668 3456/665/668
f 3458/666/669 3451/667/669 3443/668/669 3457/669/669
f 3455/670/670 3445/671/670 3451/667/670 3458/666/670
f 3454/672/668 3448/655/668 3452/656/668 3459/664/668
f 3448/655/671 3449/654/671 3453/657/671 3452/656/671
f 3442/673/672 3443/674/672 3451/649/672 3450/648/672
f 3444/675/668 3454/672/668 3459/664/668 3450/676/668
f 3449/654/673 3455/670/673 3458/666/673 3453/657/673
f 3453/657/674 3458/666/674 3457/669/674 3447/658/674
f 3450/676/668 3459/664/668 3456/665/668 3442/677/668
f 3446/659/675 3447/658/675 3457/661/675 3456/660/675
f 3444/651/676 3445/650/676 3455/653/676 3454/652/676
f 3468/648/664 3469/649/664 3463/650/664 3462/651/664
f 3472/652/665 3473/653/665 3467/654/665 3466/655/665
f 3470/656/666 3471/657/666 3465/658/666 3464/659/666
f 3474/660/667 3475/661/667 3461/662/667 3460/663/667
f 3477/664/668 3470/656/668 3464/659/668 3474/665/668
f 3476/666/669 3469/667/669 3461/668/669 3475/669/669
f 3473/670/670 3463/671/670 3469/667/670 3476/666/670
f 3472/672/668 3466/655/668 3470/656/668 3477/664/668
f 3466/655/671 3467/654/671 3471/657/671 3470/656/671
f 3460/673/672 3461/674/672 3469/649/672 3468/648/672
f 3462/675/668 3472/672/668 3477/664/668 3468/676/668
f 3467/654/673 3473/670/673 3476/666/673 3471/657/673
f 3471/657/674 3476/666/674 3475/669/674 3465/658/674
f 3468/676/668 3477/664/668 3474/665/668 3460/677/668
f 3464/659/675 3465/658/675 3475/661/675 3474/660/675
f 3462/651/676 3463/650/676 3473/653/676 3472/652/676
f 3486/648/664 3487/649/664 3481/650/664 3480/651/664
f 3490/652/665 3491/653/665 3485/654/665 3484/655/665
f 3488/656/666 3489/657/666 3483/658/666 3482/659/666
f 3492/660/667 3493/661/667 3479/662/667 3478/663/667
f 3495/664/668 3488/656/668 3482/659/668 3492/665/668
f 3494/666/669 3487/667/669 3479/668/669 3493/669/669
f 3491/670/670 3481/671/670 3487/667/670 3494/666/670
f 3490/672/668 3484/655/668 3488/656/668 3495/664/668
f 3484/655/671 3485/654/671 3489/657/671 3488/656/671
f 3478/673/672 3479/674/672 3487/649/672 3486/648/672
f 3480/675/668 3490/672/668 3495/664/668 3486/676/668
f 3485/654/673 3491/670/673 3494/666/673 3489/657/673
f 3489/657/674 3494/666/674 3493/669/674 3483/658/674
f 3486/676/668 3495/664/668 3492/665/668 3478/677/668
f 3482/659/675 3483/658/675 3493/661/675 3492/660/675
f 3480/651/676 3481/650/676 3491/653/676 3490/652/676
f 3504/648/664 3505/649/664 3499/650/664 3498/651/664
f 3508/652/665 3509/653/665 3503/654/665 3502/655/665
f 3506/656/666 3507/657/666 3501/658/666 3500/659/666
f 3510/660/667 3511/661/667 3497/662/667 3496/663/667
f 3513/664/668 3506/656/668 3500/659/668 3510/665/668
f 3512/666/669 3505/667/669 3497/668/669 3511/669/669
f 3509/670/670 3499/671/670 3505/667/670 3512/666/670
f 3508/672/668 3502/655/668 3506/656/668 3513/664/668
f 3502/655/671 3503/654/671 3507/657/671 3506/656/671
f 3496/673/672 3497/674/672 3505/649/672 3504/648/672
f 3498/675/668 3508/672/668 3513/664/668 3504/676/668
f 3503/654/673 3509/670/673 3512/666/673 3507/657/673
f 3507/657/674 3512/666/674 3511/669/674 3501/658/674
f 3504/676/668 3513/664/668 3510/665/668 3496/677/668
f 3500/659/675 3501/658/675 3511/661/675 3510/660/675
f 3498/651/676 3499/650/676 3509/653/676 3508/652/676
f 3522/648/664 3523/649/664 3517/650/664 3516/651/664
f 3526/652/665 3527/653/665 3521/654/665 3520/655/665
f 3524/656/666 3525/657/666 3519/658/666 3518/659/666
f 3528/660/667 3529/661/667 3515/662/667 3514/663/667
f 3531/664/668 3524/656/668 3518/659/668 3528/665/668
f 3530/666/669 3523/667/669 3515/668/669 3529/669/669
f 3527/670/670 3517/671/670 3523/667/670 3530/666/670
f 3526/672/668 3520/655/668 3524/656/668 3531/664/668
f 3520/655/671 3521/654/671 3525/657/671 3524/656/671
f 3514/673/672 3515/674/672 3523/649/672 3522/648/672
f 3516/675/668 3526/672/668 3531/664/668 3522/676/668
f 3521/654/673 3527/670/673 3530/666/673 3525/657/673
f 3525/657/674 3530/666/674 3529/669/674 3519/658/674
f 3522/676/668 3531/664/668 3528/665/668 3514/677/668
f 3518/659/675 3519/658/675 3529/661/675 3528/660/675
f 3516/651/676 3517/650/676 3527/653/676 3526/652/676
f 3540/648/664 3541/649/664 3535/650/664 3534/651/664
f 3544/652/665 3545/653/665 3539/654/665 3538/655/665
f 3542/656/666 3543/657/666 3537/658/666 3536/659/666
f 3546/660/667 3547/661/667 3533/662/667 3532/663/667
f 3549/664/668 3542/656/668 3536/659/668 3546/665/668
f 3548/666/669 3541/667/669 3533/668/669 3547/669/669
f 3545/670/670 3535/671/670 3541/667/670 3548/666/670
f 3544/672/668 3538/655/668 3542/656/668 3549/664/668
f 3538/655/671 3539/654/671 3543/657/671 3542/656/671
f 3532/673/672 3533/674/672 3541/649/672 3540/648/672
f 3534/675/668 3544/672/668 3549/664/668 3540/676/668
f 3539/654/673 3545/670/673 3548/666/673 3543/657/673
f 3543/657/674 3548/666/674 3547/669/674 3537/658/674
f 3540/676/668 3549/664/668 3546/665/668 3532/677/668
f 3536/659/675 3537/658/675 3547/661/675 3546/660/675
f 3534/651/676 3535/650/676 3545/653/676 3544/652/676
f 3558/648/664 3559/649/664 3553/650/664 3552/651/664
f 3562/652/665 3563/653/665 3557/654/665 3556/655/665
f 3560/656/666 3561/657/666 3555/658/666 3554/659/666
f 3564/660/667 3565/661/667 3551/662/667 3550/663/667
f 3567/664/668 3560/656/668 3554/659/668 3564/665/668
f 3566/666/669 3559/667/669 3551/668/669 3565/669/669
f 3563/670/670 3553/671/670 3559/667/670 3566/666/670
f 3562/672/668 3556/655/668 3560/656/668 3567/664/668
f 3556/655/671 3557/654/671 3561/657/671 3560/656/671
f 3550/673/672 3551/674/672 3559/649/672 3558/648/672
f 3552/675/668 3562/672/668 3567/664/668 3558/676/668
f 3557/654/673 3563/670/673 3566/666/673 3561/657/673
f 3561/657/674 3566/666/674 3565/669/674 3555/658/674
f 3558/676/668 3567/664/668 3564/665/668 3550/677/668
f 3554/659/675 3555/658/675 3565/661/675 3564/660/675
f 3552/651/676 3553/650/676 3563/653/676 3562/652/676
f 3576/648/664 3577/649/664 3571/650/664 3570/651/664
f 3580/652/665 3581/653/665 3575/654/665 3574/655/665
f 3578/656/666 3579/657/666 3573/658/666 3572/659/666
f 3582/660/667 3583/661/667 3569/662/667 3568/663/667
f 3585/664/668 3578/656/668 3572/659/668 3582/665/668
f 3584/666/669 3577/667/669 3569/668/669 3583/669/669
f 3581/670/670 3571/671/670 3577/667/670 3584/666/670
f 3580/672/668 3574/655/668 3578/656/668 3585/664/668
f 3574/655/671 3575/654/671 3579/657/671 3578/656/671
f 3568/673/672 3569/674/672 3577/649/672 3576/648/672
f 3570/675/668 3580/672/668 3585/664/668 3576/676/668
f 3575/654/673 3581/670/673 3584/666/673 3579/657/673
f 3579/657/674 3584/666/674 3583/669/674 3573/658/674
f 3576/676/668 3585/664/668 3582/665/668 3568/677/668
f 3572/659/675 3573/658/675 3583/661/675 3582/660/675
f 3570/651/676 3571/650/676 3581/653/676 3580/652/676
f 3594/648/664 3595/649/664 3589/650/664 3588/651/664
f 3598/652/665 3599/653/665 3593/654/665 3592/655/665
f 3596/656/666 3597/657/666 3591/658/666 3590/659/666
f 3600/660/667 3601/661/667 3587/662/667 3586/663/667
f 3603/664/668 3596/656/668 3590/659/668 3600/665/668
f 3602/666/669 3595/667/669 3587/668/669 3601/669/669
f 3599/670/670 3589/671/670 3595/667/670 3602/666/670
f 3598/672/668 3592/655/668 3596/656/668 3603/664/668
f 3592/655/671 3593/654/671 3597/657/671 3596/656/671
f 3586/673/672 3587/674/672 3595/649/672 3594/648/672
f 3588/675/668 3598/672/668 3603/664/668 3594/676/668
f 3593/654/673 3599/670/673 3602/666/673 3597/657/673
f 3597/657/674 3602/666/674 3601/669/674 3591/658/674
f 3594/676/668 3603/664/668 3600/665/668 3586/677/668
f 3590/659/675 3591/658/675 3601/661/675 3600/660/675
f 3588/651/676 3589/650/676 3599/653/676 3598/652/676
f 3612/648/664 3613/649/664 3607/650/664 3606/651/664
f 3616/652/665 3617/653/665 3611/654/665 3610/655/665
f 3614/656/666 3615/657/666 3609/658/666 3608/659/666
f 3618/660/667 3619/661/667 3605/662/667 3604/663/667
f 3621/664/668 3614/656/668 3608/659/668 3618/665/668
f 3620/666/669 3613/667/669 3605/668/669 3619/669/669
f 3617/670/670 3607/671/670 3613/667/670 3620/666/670
f 3616/672/668 3610/655/668 3614/656/668 3621/664/668
f 3610/655/671 3611/654/671 3615/657/671 3614/656/671
f 3604/673/672 3605/674/672 3613/649/672 3612/648/672
f 3606/675/668 3616/672/668 3621/664/668 3612/676/668
f 3611/654/673 3617/670/673 3620/666/673 3615/657/673
f 3615/657/674 3620/666/674 3619/669/674 3609/658/674
f 3612/676/668 3621/664/668 3618/665/668 3604/677/668
f 3608/659/675 3609/658/675 3619/661/675 3618/660/675
f 3606/651/676 3607/650/676 3617/653/676 3616/652/676
f 3630/648/664 3631/649/664 3625/650/664 3624/651/664
f 3634/652/665 3635/653/665 3629/654/665 3628/655/665
f 3632/656/666 3633/657/666 3627/658/666 3626/659/666
f 3636/660/667 3637/661/667 3623/662/667 3622/663/667
f 3639/664/668 3632/656/668 3626/659/668 3636/665/668
f 3638/666/669 3631/667/669 3623/668/669 3637/669/669
f 3635/670/670 3625/671/670 3631/667/670 3638/666/670
f 3634/672/668 3628/655/668 3632/656/668 3639/664/668
f 3628/655/671 3629/654/671 3633/657/671 3632/656/671
f 3622/673/672 3623/674/672 3631/649/672 3630/648/672
f 3624/675/668 3634/672/668 3639/664/668 3630/676/668
f 3629/654/673 3635/670/673 3638/666/673 3633/657/673
f 3633/657/674 3638/666/674 3637/669/674 3627/658/674
f 3630/676/668 3639/664/668 3636/665/668 3622/677/668
f 3626/659/675 3627/658/675 3637/661/675 3636/660/675
f 3624/651/676 3625/650/676 3635/653/676 3634/652/676
f 3648/648/664 3649/649/664 3643/650/664 3642/651/664
f 3652/652/665 3653/653/665 3647/654/665 3646/655/665
f 3650/656/666 3651/657/666 3645/658/666 3644/659/666
f 3654/660/667 3655/661/667 3641/662/667 3640/663/667
f 3657/664/668 3650/656/668 3644/659/668 3654/665/668
f 3656/666/669 3649/667/669 3641/668/669 3655/669/669
f 3653/670/670 3643/671/670 3649/667/670 3656/666/670
f 3652/672/668 3646/655/668 3650/656/668 3657/664/668
f 3646/655/671 3647/654/671 3651/657/671 3650/656/671
f 3640/673/672 3641/674/672 3649/649/672 3648/648/672
f 3642/675/668 3652/672/668 3657/664/668 3648/676/668
f 3647/654/673 3653/670/673 3656/666/673 3651/657/673
f 3651/657/674 3656/666/674 3655/669/674 3645/658/674
f 3648/676/668 3657/664/668 3654/665/668 3640/677/668
f 3644/659/675 3645/658/675 3655/661/675 3654/660/675
f 3642/651/676 3643/650/676 3653/653/676 3652/652/676
f 3666/648/664 3667/649/664 3661/650/664 3660/651/664
f 3670/652/665 3671/653/665 3665/654/665 3664/655/665
f 3668/656/666 3669/657/666 3663/658/666 3662/659/666
f 3672/660/667 3673/661/667 3659/662/667 3658/663/667
f 3675/664/668 3668/656/668 3662/659/668 3672/665/668
f 3674/666/669 3667/667/669 3659/668/669 3673/669/669
f 3671/670/670 3661/671/670 3667/667/670 3674/666/670
f 3670/672/668 3664/655/668 3668/656/668 3675/664/668
f 3664/655/671 3665/654/671 3669/657/671 3668/656/671
f 3658/673/672 3659/674/672 3667/649/672 3666/648/672
f 3660/675/668 3670/672/668 3675/664/668 3666/676/668
f 3665/654/673 3671/670/673 3674/666/673 3669/657/673
f 3669/657/674 3674/666/674 3673/669/674 3663/658/674
f 3666/676/668 3675/664/668 3672/665/668 3658/677/668
f 3662/659/675 3663/658/675 3673/661/675 3672/660/675
f 3660/651/676 3661/650/676 3671/653/676 3670/652/676
f 3684/648/664 3685/649/664 3679/650/664 3678/651/664
f 3688/652/665 3689/653/665 3683/654/665 3682/655/665
f 3686/656/666 3687/657/666 3681/658/666 3680/659/666
f 3690/660/667 3691/661/667 3677/662/667 3676/663/667
f 3693/664/668 3686/656/668 3680/659/668 3690/665/668
f 3692/666/669 3685/667/669 3677/668/669 3691/669/669
f 3689/670/670 3679/671/670 3685/667/670 3692/666/670
f 3688/672/668 3682/655/668 3686/656/668 3693/664/668
f 3682/655/671 3683/654/671 3687/657/671 3686/656/671
f 3676/673/672 3677/674/672 3685/649/672 3684/648/672
f 3678/675/668 3688/672/668 3693/664/668 3684/676/668
f 3683/654/673 3689/670/673 3692/666/673 3687/657/673
f 3687/657/674 3692/666/674 3691/669/674 3681/658/674
f 3684/676/668 3693/664/668 3690/665/668 3676/677/668
f 3680/659/675 3681/658/675 3691/661/675 3690/660/675
f 3678/651/676 3679/650/676 3689/653/676 3688/652/676
f 3702/648/664 3703/649/664 3697/650/664 3696/651/664
f 3706/652/665 3707/653/665 3701/654/665 3700/655/665
f 3704/656/666 3705/657/666 3699/658/666 3698/659/666
f 3708/660/667 3709/661/667 3695/662/667 3694/663/667
f 3711/664/668 3704/656/668 3698/659/668 3708/665/668
f 3710/666/669 3703/667/669 3695/668/669 3709/669/669
f 3707/670/670 3697/671/670 3703/667/670 3710/666/670
f 3706/672/668 3700/655/668 3704/656/668 3711/664/668
f 3700/655/671 3701/654/671 3705/657/671 3704/656/671
f 3694/673/672 3695/674/672 3703/649/672 3702/648/672
f 3696/675/668 3706/672/668 3711/664/668 3702/676/668
f 3701/654/673 3707/670/673 3710/666/673 3705/657/673
f 3705/657/674 3710/666/674 3709/669/674 3699/658/674
f 3702/676/668 3711/664/668 3708/665/668 3694/677/668
f 3698/659/675 3699/658/675 3709/661/675 3708/660/675
f 3696/651/676 3697/650/676 3707/653/676 3706/652/676
f 3720/648/664 3721/649/664 3715/650/664 3714/651/664
f 3724/652/665 3725/653/665 3719/654/665 3718/655/665
f 3722/656/666 3723/657/666 3717/658/666 3716/659/666
f 3726/660/667 3727/661/667 3713/662/667 3712/663/667
f 3729/664/668 3722/656/668 3716/659/668 3726/665/668
f 3728/666/669 3721/667/669 3713/668/669 3727/669/669
f 3725/670/670 3715/671/670 3721/667/670 3728/666/670
f 3724/672/668 3718/655/668 3722/656/668 3729/664/668
f 3718/655/671 3719/654/671 3723/657/671 3722/656/671
f 3712/673/672 3713/674/672 3721/649/672 3720/648/672
f 3714/675/668 3724/672/668 3729/664/668 3720/676/668
f 3719/654/673 3725/670/673 3728/666/673 3723/657/673
f 3723/657/674 3728/666/674 3727/669/674 3717/658/674
f 3720/676/668 3729/664/668 3726/665/668 3712/677/668
f 3716/659/675 3717/658/675 3727/661/675 3726/660/675
f 3714/651/676 3715/650/676 3725/653/676 3724/652/676
f 3738/648/664 3739/649/664 3733/650/664 3732/651/664
f 3742/652/665 3743/653/665 3737/654/665 3736/655/665
f 3740/656/666 3741/657/666 3735/658/666 3734/659/666
f 3744/660/667 3745/661/667 3731/662/667 3730/663/667
f 3747/664/668 3740/656/668 3734/659/668 3744/665/668
f 3746/666/669 3739/667/669 3731/668/669 3745/669/669
f 3743/670/670 3733/671/670 3739/667/670 3746/666/670
f 3742/672/668 3736/655/668 3740/656/668 3747/664/668
f 3736/655/671 3737/654/671 3741/657/671 3740/656/671
f 3730/673/672 3731/674/672 3739/649/672 3738/648/672
f 3732/675/668 3742/672/668 3747/664/668 3738/676/668
f 3737/654/673 3743/670/673 3746/666/673 3741/657/673
f 3741/657/674 3746/666/674 3745/669/674 3735/658/674
f 3738/676/668 3747/664/668 3744/665/668 3730/677/668
f 3734/659/675 3735/658/675 3745/661/675 3744/660/675
f 3732/651/676 3733/650/676 3743/653/676 3742/652/676
f 3756/648/664 3757/649/664 3751/650/664 3750/651/664
f 3760/652/665 3761/653/665 3755/654/665 3754/655/665
f 3758/656/666 3759/657/666 3753/658/666 3752/659/666
f 3762/660/667 3763/661/667 3749/662/667 3748/663/667
f 3765/664/668 3758/656/668 3752/659/668 3762/665/668
f 3764/666/669 3757/667/669 3749/668/669 3763/669/669
f 3761/670/670 3751/671/670 3757/667/670 3764/666/670
f 3760/672/668 3754/655/668 3758/656/668 3765/664/668
f 3754/655/671 3755/654/671 3759/657/671 3758/656/671
f 3748/673/672 3749/674/672 3757/649/672 3756/648/672
f 3750/675/668 3760/672/668 3765/664/668 3756/676/668
f 3755/654/673 3761/670/673 3764/666/673 3759/657/673
f 3759/657/674 3764/666/674 3763/669/674 3753/658/674
f 3756/676/668 3765/664/668 3762/665/668 3748/677/668
f 3752/659/675 3753/658/675 3763/661/675 3762/660/675
f 3750/651/676 3751/650/676 3761/653/676 3760/652/676
f 3774/648/664 3775/649/664 3769/650/664 3768/651/664
f 3778/652/665 3779/653/665 3773/654/665 3772/655/665
f 3776/656/666 3777/657/666 3771/658/666 3770/659/666
f 3780/660/667 3781/661/667 3767/662/667 3766/663/667
f 3783/664/668 3776/656/668 3770/659/668 3780/665/668
f 3782/666/669 3775/667/669 3767/668/669 3781/669/669
f 3779/670/670 3769/671/670 3775/667/670 3782/666/670
f 3778/672/668 3772/655/668 3776/656/668 3783/664/668
f 3772/655/671 3773/654/671 3777/657/671 3776/656/671
f 3766/673/672 3767/674/672 3775/649/672 3774/648/672
f 3768/675/668 3778/672/668 3783/664/668 3774/676/668
f 3773/654/673 3779/670/673 3782/666/673 3777/657/673
f 3777/657/674 3782/666/674 3781/669/674 3771/658/674
f 3774/676/668 3783/664/668 3780/665/668 3766/677/668
f 3770/659/675 3771/658/675 3781/661/675 3780/660/675
f 3768/651/676 3769/650/676 3779/653/676 3778/652/676
f 3792/648/664 3793/649/664 3787/650/664 3786/651/664
f 3796/652/665 3797/653/665 3791/654/665 3790/655/665
f 3794/656/666 3795/657/666 3789/658/666 3788/659/666
f 3798/660/667 3799/661/667 3785/662/667 3784/663/667
f 3801/664/668 3794/656/668 3788/659/668 3798/665/668
f 3800/666/669 3793/667/669 3785/668/669 3799/669/669
f 3797/670/670 3787/671/670 3793/667/670 3800/666/670
f 3796/672/668 3790/655/668 3794/656/668 3801/664/668
f 3790/655/671 3791/654/671 3795/657/671 3794/656/671
f 3784/673/672 3785/674/672 3793/649/672 3792/648/672
f 3786/675/668 3796/672/668 3801/664/668 3792/676/668
f 3791/654/673 3797/670/673 3800/666/673 3795/657/673
f 3795/657/674 3800/666/674 3799/669/674 3789/658/674
f 3792/676/668 3801/664/668 3798/665/668 3784/677/668
f 3788/659/675 3789/658/675 3799/661/675 3798/660/675
f 3786/651/676 3787/650/676 3797/653/676 3796/652/676
o Plane.002
v -0.254303 0.680994 0.387674
v -0.295270 0.678548 0.376973
v -0.254303 0.717615 0.379305
v -0.295270 0.715169 0.368604
v -0.253843 0.680612 0.386002
v -0.294811 0.678166 0.375300
v -0.253843 0.717233 0.377632
v -0.294811 0.714787 0.366931
vn -0.2588 0.2152 0.9416
vn 0.2588 -0.2152 -0.9416
vn -0.9659 -0.0577 -0.2523
vn 0.9659 0.0577 0.2523
vn -0.0000 0.9749 -0.2228
vn -0.0000 -0.9749 0.2228
vt 0.000000 0.000000
vt 1.000000 0.000000
vt 1.000000 1.000000
vt 0.000000 1.000000
s 0
f 3802/678/677 3804/681/677 3805/680/677 3803/679/677
f 3806/678/678 3807/679/678 3809/680/678 3808/681/678
f 3803/679/679 3805/680/679 3809/680/679 3807/679/679
f 3804/681/680 3802/678/680 3806/678/680 3808/681/680
f 3805/680/681 3804/681/681 3808/681/681 3809/680/681
f 3802/678/682 3803/679/682 3807/679/682 3806/678/682
o Plane.003
v -0.254303 0.635173 0.398146
v -0.295270 0.632728 0.387445
v -0.254303 0.671794 0.389777
v -0.295270 0.669349 0.379076
v -0.253843 0.634791 0.396474
v -0.294811 0.632345 0.385772
v -0.253843 0.671412 0.388104
v -0.294811 0.668966 0.377403
vn -0.2588 0.2152 0.9416
vn 0.2588 -0.2152 -0.9416
vn -0.9659 -0.0577 -0.2523
vn 0.9659 0.0577 0.2523
vn -0.0000 0.9749 -0.2228
vn -0.0000 -0.9749 0.2228
vt 0.000000 0.000000
vt 1.000000 0.000000
vt 1.000000 1.000000
vt 0.000000 1.000000
s 0
f 3810/682/683 3812/685/683 3813/684/683 3811/683/683
f 3814/682/684 3815/683/684 3817/684/684 3816/685/684
f 3811/683/685 3813/684/685 3817/684/685 3815/683/685
f 3812/685/686 3810/682/686 3814/682/686 3816/685/686
f 3813/684/687 3812/685/687 3816/685/687 3817/684/687
f 3810/682/688 3811/683/688 3815/683/688 3814/682/688
o Cube.001
v -0.225637 0.720113 0.390303
v -0.225637 0.729361 0.388190
v -0.224216 0.718931 0.385134
v -0.224216 0.728179 0.383020
v -0.296290 0.715895 0.371848
v -0.296290 0.725143 0.369734
v -0.294869 0.714713 0.366678
v -0.294869 0.723961 0.364565
v -0.259543 0.716822 0.375906
v -0.259543 0.726070 0.373792
v -0.260963 0.718004 0.381076
v -0.260963 0.727252 0.378962
vn 0.9659 0.0577 0.2523
vn 0.2588 -0.2152 -0.9416
vn -0.9659 -0.0577 -0.2523
vn -0.2588 0.2152 0.9416
vn -0.0000 -0.9749 0.2228
vn -0.0000 0.9749 -0.2228
vt 0.375000 0.000000
vt 0.625000 0.000000
vt 0.625000 0.250000
vt 0.375000 0.250000
vt 0.375000 0.375000
vt 0.625000 0.375000
vt 0.625000 0.500000
vt 0.375000 0.500000
vt 0.625000 0.750000
vt 0.375000 0.750000
vt 0.375000 0.875000
vt 0.625000 0.875000
vt 0.625000 1.000000
vt 0.375000 1.000000
vt 0.250000 0.500000
vt 0.250000 0.750000
vt 0.750000 0.500000
vt 0.875000 0.500000
vt 0.875000 0.750000
vt 0.750000 0.750000
vt 0.125000 0.500000
vt 0.125000 0.750000
s 0
f 3818/686/689 3820/689/689 3821/688/689 3819/687/689
f 3826/690/690 3824/693/690 3825/692/690 3827/691/690
f 3824/693/691 3822/695/691 3823/694/691 3825/692/691
f 3828/696/692 3818/699/692 3819/698/692 3829/697/692
f 3826/700/693 3828/701/693 3822/695/693 3824/693/693
f 3827/702/694 3829/705/694 3819/704/694 3821/703/694
f 3825/692/694 3823/694/694 3829/705/694 3827/702/694
f 3820/706/693 3818/707/693 3828/701/693 3826/700/693
f 3822/695/692 3828/696/692 3829/697/692 3823/694/692
f 3820/689/690 3826/690/690 3827/691/690 3821/688/690
o Cube.004
v -0.225716 0.674376 0.400966
v -0.225716 0.683613 0.398855
v -0.224295 0.673195 0.395796
v -0.224295 0.682432 0.393685
v -0.334213 0.667899 0.372625
v -0.334213 0.677136 0.370514
v -0.332792 0.666718 0.367455
v -0.332792 0.675955 0.365344
vn 0.9659 0.0577 0.2523
vn 0.2588 -0.2152 -0.9416
vn -0.9659 -0.0577 -0.2523
vn -0.2588 0.2152 0.9416
vn -0.0000 -0.9749 0.2228
vn -0.0000 0.9749 -0.2228
vt 0.375000 0.000000
vt 0.625000 0.000000
vt 0.625000 0.250000
vt 0.375000 0.250000
vt 0.625000 0.500000
vt 0.375000 0.500000
vt 0.625000 0.750000
vt 0.375000 0.750000
vt 0.625000 1.000000
vt 0.375000 1.000000
vt 0.125000 0.500000
vt 0.125000 0.750000
vt 0.875000 0.500000
vt 0.875000 0.750000
s 0
f 3830/708/695 3832/711/695 3833/710/695 3831/709/695
f 3832/711/696 3836/713/696 3837/712/696 3833/710/696
f 3836/713/697 3834/715/697 3835/714/697 3837/712/697
f 3834/715/698 3830/717/698 3831/716/698 3835/714/698
f 3832/718/699 3830/719/699 3834/715/699 3836/713/699
f 3837/712/700 3835/714/700 3831/721/700 3833/720/700
o Cube.005
v -0.225637 0.628372 0.411270
v -0.225637 0.637620 0.409157
v -0.224217 0.627191 0.406101
v -0.224217 0.636439 0.403987
v -0.296290 0.624155 0.392815
v -0.296290 0.633403 0.390701
v -0.294869 0.622973 0.387645
v -0.294869 0.632221 0.385532
v -0.259543 0.625082 0.396873
v -0.259543 0.634330 0.394759
v -0.260964 0.626264 0.402043
v -0.260964 0.635511 0.399929
vn 0.9659 0.0577 0.2523
vn 0.2588 -0.2152 -0.9416
vn -0.9659 -0.0577 -0.2523
vn -0.2588 0.2152 0.9416
vn -0.0000 -0.9749 0.2228
vn -0.0000 0.9749 -0.2228
vt 0.375000 0.000000
vt 0.625000 0.000000
vt 0.625000 0.250000
vt 0.375000 0.250000
vt 0.375000 0.375000
vt 0.625000 0.375000
vt 0.625000 0.500000
vt 0.375000 0.500000
vt 0.625000 0.750000
vt 0.375000 0.750000
vt 0.375000 0.875000
vt 0.625000 0.875000
vt 0.625000 1.000000
vt 0.375000 1.000000
vt 0.250000 0.500000
vt 0.250000 0.750000
vt 0.750000 0.500000
vt 0.875000 0.500000
vt 0.875000 0.750000
vt 0.750000 0.750000
vt 0.125000 0.500000
vt 0.125000 0.750000
s 0
f 3838/722/701 3840/725/701 3841/724/701 3839/723/701
f 3846/726/702 3844/729/702 3845/728/702 3847/727/702
f 3844/729/703 3842/731/703 3843/730/703 3845/728/703
f 3848/732/704 3838/735/704 3839/734/704 3849/733/704
f 3846/736/705 3848/737/705 3842/731/705 3844/729/705
f 3847/738/706 3849/741/706 3839/740/706 3841/739/706
f 3845/728/706 3843/730/706 3849/741/706 3847/738/706
f 3840/742/705 3838/743/705 3848/737/705 3846/736/705
f 3842/731/704 3848/732/704 3849/733/704 3843/730/704
f 3840/725/702 3846/726/702 3847/727/702 3841/724/702
o Turret-Rivvet-Set-4.001
v -0.235183 0.675830 0.397478
v -0.235591 0.676252 0.399000
v -0.234911 0.679762 0.396461
v -0.235319 0.680184 0.397983
v -0.231251 0.675830 0.398532
v -0.231659 0.676252 0.400054
v -0.230979 0.679762 0.397514
v -0.231386 0.680184 0.399036
v -0.235826 0.677796 0.396761
v -0.236234 0.678218 0.398283
v -0.230336 0.677796 0.398232
v -0.230744 0.678218 0.399754
v -0.232891 0.680541 0.396786
v -0.233298 0.680963 0.398308
v -0.233271 0.675051 0.398207
v -0.233679 0.675473 0.399729
v -0.233722 0.678460 0.399888
v -0.233081 0.677796 0.397496
v -0.258531 0.674611 0.391286
v -0.258939 0.675033 0.392808
v -0.258259 0.678543 0.390268
v -0.258666 0.678965 0.391790
v -0.254599 0.674611 0.392339
v -0.255007 0.675033 0.393861
v -0.254327 0.678543 0.391322
v -0.254734 0.678965 0.392844
v -0.259174 0.676577 0.390568
v -0.259582 0.676999 0.392090
v -0.253684 0.676577 0.392039
v -0.254092 0.676999 0.393561
v -0.256239 0.679322 0.390593
v -0.256646 0.679744 0.392115
v -0.256619 0.673832 0.392014
v -0.257027 0.674254 0.393536
v -0.257070 0.677240 0.393696
v -0.256429 0.676577 0.391304
v -0.281879 0.673392 0.385093
v -0.282287 0.673814 0.386615
v -0.281607 0.677324 0.384075
v -0.282014 0.677746 0.385597
v -0.277947 0.673392 0.386147
v -0.278355 0.673814 0.387669
v -0.277675 0.677324 0.385129
v -0.278082 0.677746 0.386651
v -0.282522 0.675358 0.384376
v -0.282930 0.675780 0.385898
v -0.277032 0.675358 0.385847
v -0.277440 0.675780 0.387369
v -0.279587 0.678103 0.384401
v -0.279994 0.678525 0.385923
v -0.279967 0.672613 0.385822
v -0.280375 0.673035 0.387343
v -0.280418 0.676021 0.387503
v -0.279777 0.675358 0.385111
v -0.305227 0.672172 0.378900
v -0.305635 0.672595 0.380422
v -0.304955 0.676104 0.377883
v -0.305362 0.676527 0.379405
v -0.301295 0.672172 0.379954
v -0.301703 0.672595 0.381476
v -0.301023 0.676104 0.378936
v -0.301430 0.676527 0.380458
v -0.305870 0.674138 0.378183
v -0.306278 0.674561 0.379705
v -0.300380 0.674138 0.379654
v -0.300788 0.674561 0.381176
v -0.302935 0.676883 0.378208
v -0.303342 0.677306 0.379730
v -0.303315 0.671393 0.379629
v -0.303723 0.671816 0.381151
v -0.303766 0.674802 0.381310
v -0.303125 0.674138 0.378918
v -0.328575 0.670953 0.372708
v -0.328983 0.671375 0.374230
v -0.328303 0.674885 0.371690
v -0.328710 0.675307 0.373212
v -0.324643 0.670953 0.373761
v -0.325051 0.671375 0.375283
v -0.324371 0.674885 0.372744
v -0.324778 0.675307 0.374266
v -0.329218 0.672919 0.371990
v -0.329626 0.673341 0.373512
v -0.323728 0.672919 0.373461
v -0.324136 0.673341 0.374983
v -0.326283 0.675664 0.372015
v -0.326690 0.676086 0.373537
v -0.326663 0.670174 0.373436
v -0.327071 0.670596 0.374958
v -0.327114 0.673583 0.375118
v -0.326473 0.672919 0.372726
vn -0.8733 0.3558 -0.3327
vn 0.4181 0.8980 -0.1371
vn 0.8733 -0.3558 0.3327
vn -0.4181 -0.8980 0.1371
vn 0.2500 -0.2588 -0.9330
vn -0.4629 0.0357 0.8857
vn -0.4337 0.4567 0.7767
vn 0.9227 0.3558 0.1485
vn -0.9227 -0.3558 -0.1485
vn -0.0127 0.4567 0.8895
vn -0.0419 0.0357 0.9985
vn 0.2935 -0.8980 0.3278
vn -0.2935 0.8980 -0.3278
vt 0.375000 0.125000
vt 0.625000 0.125000
vt 0.625000 0.250000
vt 0.375000 0.250000
vt 0.375000 0.375000
vt 0.625000 0.375000
vt 0.625000 0.500000
vt 0.375000 0.500000
vt 0.375000 0.625000
vt 0.625000 0.625000
vt 0.625000 0.750000
vt 0.375000 0.750000
vt 0.375000 0.875000
vt 0.625000 0.875000
vt 0.625000 1.000000
vt 0.375000 1.000000
vt 0.250000 0.625000
vt 0.250000 0.750000
vt 0.750000 0.625000
vt 0.875000 0.625000
vt 0.875000 0.750000
vt 0.750000 0.750000
vt 0.750000 0.500000
vt 0.875000 0.500000
vt 0.250000 0.500000
vt 0.375000 0.000000
vt 0.625000 0.000000
vt 0.125000 0.500000
vt 0.125000 0.625000
vt 0.125000 0.750000
s 0
usemtl 
f 3858/744/707 3859/745/707 3853/746/707 3852/747/707
f 3862/748/708 3863/749/708 3857/750/708 3856/751/708
f 3860/752/709 3861/753/709 3855/754/709 3854/755/709
f 3864/756/710 3865/757/710 3851/758/710 3850/759/710
f 3867/760/711 3860/752/711 3854/755/711 3864/761/711
f 3866/762/712 3859/763/712 3851/764/712 3865/765/712
f 3863/766/713 3853/767/713 3859/763/713 3866/762/713
f 3862/768/711 3856/751/711 3860/752/711 3867/760/711
f 3856/751/714 3857/750/714 3861/753/714 3860/752/714
f 3850/769/715 3851/770/715 3859/745/715 3858/744/715
f 3852/771/711 3862/768/711 3867/760/711 3858/772/711
f 3857/750/716 3863/766/716 3866/762/716 3861/753/716
f 3861/753/717 3866/762/717 3865/765/717 3855/754/717
f 3858/772/711 3867/760/711 3864/761/711 3850/773/711
f 3854/755/718 3855/754/718 3865/757/718 3864/756/718
f 3852/747/719 3853/746/719 3863/749/719 3862/748/719
f 3876/744/707 3877/745/707 3871/746/707 3870/747/707
f 3880/748/708 3881/749/708 3875/750/708 3874/751/708
f 3878/752/709 3879/753/709 3873/754/709 3872/755/709
f 3882/756/710 3883/757/710 3869/758/710 3868/759/710
f 3885/760/711 3878/752/711 3872/755/711 3882/761/711
f 3884/762/712 3877/763/712 3869/764/712 3883/765/712
f 3881/766/713 3871/767/713 3877/763/713 3884/762/713
f 3880/768/711 3874/751/711 3878/752/711 3885/760/711
f 3874/751/714 3875/750/714 3879/753/714 3878/752/714
f 3868/769/715 3869/770/715 3877/745/715 3876/744/715
f 3870/771/711 3880/768/711 3885/760/711 3876/772/711
f 3875/750/716 3881/766/716 3884/762/716 3879/753/716
f 3879/753/717 3884/762/717 3883/765/717 3873/754/717
f 3876/772/711 3885/760/711 3882/761/711 3868/773/711
f 3872/755/718 3873/754/718 3883/757/718 3882/756/718
f 3870/747/719 3871/746/719 3881/749/719 3880/748/719
f 3894/744/707 3895/745/707 3889/746/707 3888/747/707
f 3898/748/708 3899/749/708 3893/750/708 3892/751/708
f 3896/752/709 3897/753/709 3891/754/709 3890/755/709
f 3900/756/710 3901/757/710 3887/758/710 3886/759/710
f 3903/760/711 3896/752/711 3890/755/711 3900/761/711
f 3902/762/712 3895/763/712 3887/764/712 3901/765/712
f 3899/766/713 3889/767/713 3895/763/713 3902/762/713
f 3898/768/711 3892/751/711 3896/752/711 3903/760/711
f 3892/751/714 3893/750/714 3897/753/714 3896/752/714
f 3886/769/715 3887/770/715 3895/745/715 3894/744/715
f 3888/771/711 3898/768/711 3903/760/711 3894/772/711
f 3893/750/716 3899/766/716 3902/762/716 3897/753/716
f 3897/753/717 3902/762/717 3901/765/717 3891/754/717
f 3894/772/711 3903/760/711 3900/761/711 3886/773/711
f 3890/755/718 3891/754/718 3901/757/718 3900/756/718
f 3888/747/719 3889/746/719 3899/749/719 3898/748/719
f 3912/744/707 3913/745/707 3907/746/707 3906/747/707
f 3916/748/708 3917/749/708 3911/750/708 3910/751/708
f 3914/752/709 3915/753/709 3909/754/709 3908/755/709
f 3918/756/710 3919/757/710 3905/758/710 3904/759/710
f 3921/760/711 3914/752/711 3908/755/711 3918/761/711
f 3920/762/712 3913/763/712 3905/764/712 3919/765/712
f 3917/766/713 3907/767/713 3913/763/713 3920/762/713
f 3916/768/711 3910/751/711 3914/752/711 3921/760/711
f 3910/751/714 3911/750/714 3915/753/714 3914/752/714
f 3904/769/715 3905/770/715 3913/745/715 3912/744/715
f 3906/771/711 3916/768/711 3921/760/711 3912/772/711
f 3911/750/716 3917/766/716 3920/762/716 3915/753/716
f 3915/753/717 3920/762/717 3919/765/717 3909/754/717
f 3912/772/711 3921/760/711 3918/761/711 3904/773/711
f 3908/755/718 3909/754/718 3919/757/718 3918/756/718
f 3906/747/719 3907/746/719 3917/749/719 3916/748/719
f 3930/744/707 3931/745/707 3925/746/707 3924/747/707
f 3934/748/708 3935/749/708 3929/750/708 3928/751/708
f 3932/752/709 3933/753/709 3927/754/709 3926/755/709
f 3936/756/710 3937/757/710 3923/758/710 3922/759/710
f 3939/760/711 3932/752/711 3926/755/711 3936/761/711
f 3938/762/712 3931/763/712 3923/764/712 3937/765/712
f 3935/766/713 3925/767/713 3931/763/713 3938/762/713
f 3934/768/711 3928/751/711 3932/752/711 3939/760/711
f 3928/751/714 3929/750/714 3933/753/714 3932/752/714
f 3922/769/715 3923/770/715 3931/745/715 3930/744/715
f 3924/771/711 3934/768/711 3939/760/711 3930/772/711
f 3929/750/716 3935/766/716 3938/762/716 3933/753/716
f 3933/753/717 3938/762/717 3937/765/717 3927/754/717
f 3930/772/711 3939/760/711 3936/761/711 3922/773/711
f 3926/755/718 3927/754/718 3937/757/718 3936/756/718
f 3924/747/719 3925/746/719 3935/749/719 3934/748/719
o Turret-Rivvet-Set-4.002
v -0.235183 0.722302 0.386546
v -0.235591 0.722724 0.388068
v -0.234911 0.726234 0.385529
v -0.235319 0.726656 0.387051
v -0.231251 0.722302 0.387600
v -0.231659 0.722724 0.389122
v -0.230979 0.726234 0.386582
v -0.231386 0.726656 0.388104
v -0.235826 0.724268 0.385829
v -0.236234 0.724690 0.387351
v -0.230336 0.724268 0.387300
v -0.230744 0.724690 0.388822
v -0.232891 0.727013 0.385854
v -0.233298 0.727435 0.387376
v -0.233271 0.721523 0.387275
v -0.233679 0.721945 0.388797
v -0.233722 0.724932 0.388956
v -0.233081 0.724268 0.386564
v -0.254424 0.721035 0.381495
v -0.254832 0.721457 0.383017
v -0.254151 0.724967 0.380477
v -0.254559 0.725389 0.381999
v -0.250492 0.721035 0.382549
v -0.250900 0.721457 0.384071
v -0.250219 0.724967 0.381531
v -0.250627 0.725389 0.383053
v -0.255067 0.723001 0.380777
v -0.255475 0.723423 0.382299
v -0.249577 0.723001 0.382248
v -0.249985 0.723423 0.383770
v -0.252131 0.725746 0.380803
v -0.252539 0.726168 0.382324
v -0.252512 0.720256 0.382223
v -0.252920 0.720678 0.383745
v -0.252963 0.723664 0.383905
v -0.252322 0.723001 0.381513
v -0.273665 0.719767 0.376444
v -0.274073 0.720189 0.377966
v -0.273392 0.723699 0.375426
v -0.273800 0.724121 0.376948
v -0.269733 0.719767 0.377497
v -0.270141 0.720189 0.379019
v -0.269460 0.723699 0.376480
v -0.269868 0.724121 0.378002
v -0.274307 0.721733 0.375726
v -0.274715 0.722155 0.377248
v -0.268818 0.721733 0.377197
v -0.269225 0.722155 0.378719
v -0.271372 0.724478 0.375751
v -0.271780 0.724900 0.377273
v -0.271753 0.718988 0.377172
v -0.272161 0.719410 0.378694
v -0.272203 0.722397 0.378854
v -0.271563 0.721733 0.376462
v -0.292906 0.718500 0.371393
v -0.293313 0.718922 0.372915
v -0.292633 0.722432 0.370375
v -0.293041 0.722854 0.371897
v -0.288974 0.718500 0.372446
v -0.289381 0.718922 0.373968
v -0.288701 0.722432 0.371428
v -0.289109 0.722854 0.372950
v -0.293548 0.720466 0.370675
v -0.293956 0.720888 0.372197
v -0.288058 0.720466 0.372146
v -0.288466 0.720888 0.373668
v -0.290613 0.723211 0.370700
v -0.291021 0.723633 0.372222
v -0.290994 0.717721 0.372121
v -0.291401 0.718143 0.373643
v -0.291444 0.721129 0.373802
v -0.290803 0.720466 0.371411
vn -0.8733 0.3558 -0.3327
vn 0.4181 0.8980 -0.1371
vn 0.8733 -0.3558 0.3327
vn -0.4181 -0.8980 0.1371
vn 0.2500 -0.2588 -0.9330
vn -0.4629 0.0357 0.8857
vn -0.4337 0.4567 0.7767
vn 0.9227 0.3558 0.1485
vn -0.9227 -0.3558 -0.1485
vn -0.0127 0.4567 0.8895
vn -0.0419 0.0357 0.9985
vn 0.2935 -0.8980 0.3278
vn -0.2935 0.8980 -0.3278
vt 0.375000 0.125000
vt 0.625000 0.125000
vt 0.625000 0.250000
vt 0.375000 0.250000
vt 0.375000 0.375000
vt 0.625000 0.375000
vt 0.625000 0.500000
vt 0.375000 0.500000
vt 0.375000 0.625000
vt 0.625000 0.625000
vt 0.625000 0.750000
vt 0.375000 0.750000
vt 0.375000 0.875000
vt 0.625000 0.875000
vt 0.625000 1.000000
vt 0.375000 1.000000
vt 0.250000 0.625000
vt 0.250000 0.750000
vt 0.750000 0.625000
vt 0.875000 0.625000
vt 0.875000 0.750000
vt 0.750000 0.750000
vt 0.750000 0.500000
vt 0.875000 0.500000
vt 0.250000 0.500000
vt 0.375000 0.000000
vt 0.625000 0.000000
vt 0.125000 0.500000
vt 0.125000 0.625000
vt 0.125000 0.750000
s 0
usemtl 
f 3948/774/720 3949/775/720 3943/776/720 3942/777/720
f 3952/778/721 3953/779/721 3947/780/721 3946/781/721
f 3950/782/722 3951/783/722 3945/784/722 3944/785/722
f 3954/786/723 3955/787/723 3941/788/723 3940/789/723
f 3957/790/724 3950/782/724 3944/785/724 3954/791/724
f 3956/792/725 3949/793/725 3941/794/725 3955/795/725
f 3953/796/726 3943/797/726 3949/793/726 3956/792/726
f 3952/798/724 3946/781/724 3950/782/724 3957/790/724
f 3946/781/727 3947/780/727 3951/783/727 3950/782/727
f 3940/799/728 3941/800/728 3949/775/728 3948/774/728
f 3942/801/724 3952/798/724 3957/790/724 3948/802/724
f 3947/780/729 3953/796/729 3956/792/729 3951/783/729
f 3951/783/730 3956/792/730 3955/795/730 3945/784/730
f 3948/802/724 3957/790/724 3954/791/724 3940/803/724
f 3944/785/731 3945/784/731 3955/787/731 3954/786/731
f 3942/777/732 3943/776/732 3953/779/732 3952/778/732
f 3966/774/720 3967/775/720 3961/776/720 3960/777/720
f 3970/778/721 3971/779/721 3965/780/721 3964/781/721
f 3968/782/722 3969/783/722 3963/784/722 3962/785/722
f 3972/786/723 3973/787/723 3959/788/723 3958/789/723
f 3975/790/724 3968/782/724 3962/785/724 3972/791/724
f 3974/792/725 3967/793/725 3959/794/725 3973/795/725
f 3971/796/726 3961/797/726 3967/793/726 3974/792/726
f 3970/798/724 3964/781/724 3968/782/724 3975/790/724
f 3964/781/727 3965/780/727 3969/783/727 3968/782/727
f 3958/799/728 3959/800/728 3967/775/728 3966/774/728
f 3960/801/724 3970/798/724 3975/790/724 3966/802/724
f 3965/780/729 3971/796/729 3974/792/729 3969/783/729
f 3969/783/730 3974/792/730 3973/795/730 3963/784/730
f 3966/802/724 3975/790/724 3972/791/724 3958/803/724
f 3962/785/731 3963/784/731 3973/787/731 3972/786/731
f 3960/777/732 3961/776/732 3971/779/732 3970/778/732
f 3984/774/720 3985/775/720 3979/776/720 3978/777/720
f 3988/778/721 3989/779/721 3983/780/721 3982/781/721
f 3986/782/722 3987/783/722 3981/784/722 3980/785/722
f 3990/786/723 3991/787/723 3977/788/723 3976/789/723
f 3993/790/724 3986/782/724 3980/785/724 3990/791/724
f 3992/792/725 3985/793/725 3977/794/725 3991/795/725
f 3989/796/726 3979/797/726 3985/793/726 3992/792/726
f 3988/798/724 3982/781/724 3986/782/724 3993/790/724
f 3982/781/727 3983/780/727 3987/783/727 3986/782/727
f 3976/799/728 3977/800/728 3985/775/728 3984/774/728
f 3978/801/724 3988/798/724 3993/790/724 3984/802/724
f 3983/780/729 3989/796/729 3992/792/729 3987/783/729
f 3987/783/730 3992/792/730 3991/795/730 3981/784/730
f 3984/802/724 3993/790/724 3990/791/724 3976/803/724
f 3980/785/731 3981/784/731 3991/787/731 3990/786/731
f 3978/777/732 3979/776/732 3989/779/732 3988/778/732
f 4002/774/720 4003/775/720 3997/776/720 3996/777/720
f 4006/778/721 4007/779/721 4001/780/721 4000/781/721
f 4004/782/722 4005/783/722 3999/784/722 3998/785/722
f 4008/786/723 4009/787/723 3995/788/723 3994/789/723
f 4011/790/724 4004/782/724 3998/785/724 4008/791/724
f 4010/792/725 4003/793/725 3995/794/725 4009/795/725
f 4007/796/726 3997/797/726 4003/793/726 4010/792/726
f 4006/798/724 4000/781/724 4004/782/724 4011/790/724
f 4000/781/727 4001/780/727 4005/783/727 4004/782/727
f 3994/799/728 3995/800/728 4003/775/728 4002/774/728
f 3996/801/724 4006/798/724 4011/790/724 4002/802/724
f 4001/780/729 4007/796/729 4010/792/729 4005/783/729
f 4005/783/730 4010/792/730 4009/795/730 3999/784/730
f 4002/802/724 4011/790/724 4008/791/724 3994/803/724
f 3998/785/731 3999/784/731 4009/787/731 4008/786/731
f 3996/777/732 3997/776/732 4007/779/732 4006/778/732
o Turret-Rivvet-Set-4.003
v -0.235183 0.631317 0.407557
v -0.235591 0.631739 0.409079
v -0.234911 0.635249 0.406539
v -0.235319 0.635671 0.408061
v -0.231251 0.631317 0.408610
v -0.231659 0.631739 0.410132
v -0.230979 0.635249 0.407593
v -0.231386 0.635671 0.409114
v -0.235826 0.633283 0.406839
v -0.236234 0.633705 0.408361
v -0.230336 0.633283 0.408310
v -0.230744 0.633705 0.409832
v -0.232891 0.636028 0.406864
v -0.233298 0.636450 0.408386
v -0.233271 0.630538 0.408285
v -0.233679 0.630960 0.409807
v -0.233722 0.633946 0.409967
v -0.233081 0.633283 0.407575
v -0.254424 0.630049 0.402505
v -0.254832 0.630471 0.404027
v -0.254151 0.633981 0.401488
v -0.254559 0.634403 0.403010
v -0.250492 0.630049 0.403559
v -0.250900 0.630471 0.405081
v -0.250219 0.633981 0.402541
v -0.250627 0.634403 0.404063
v -0.255067 0.632015 0.401788
v -0.255475 0.632437 0.403310
v -0.249577 0.632015 0.403259
v -0.249985 0.632437 0.404781
v -0.252131 0.634760 0.401813
v -0.252539 0.635182 0.403335
v -0.252512 0.629270 0.403234
v -0.252920 0.629692 0.404756
v -0.252963 0.632679 0.404915
v -0.252322 0.632015 0.402523
v -0.273665 0.628782 0.397454
v -0.274073 0.629204 0.398976
v -0.273392 0.632714 0.396436
v -0.273800 0.633136 0.397958
v -0.269733 0.628782 0.398508
v -0.270141 0.629204 0.400030
v -0.269460 0.632714 0.397490
v -0.269868 0.633136 0.399012
v -0.274307 0.630748 0.396737
v -0.274715 0.631170 0.398259
v -0.268818 0.630748 0.398208
v -0.269225 0.631170 0.399730
v -0.271372 0.633493 0.396762
v -0.271780 0.633915 0.398284
v -0.271753 0.628003 0.398183
v -0.272161 0.628425 0.399704
v -0.272203 0.631411 0.399864
v -0.271563 0.630748 0.397472
v -0.292906 0.627514 0.392403
v -0.293313 0.627936 0.393925
v -0.292633 0.631446 0.391385
v -0.293041 0.631868 0.392907
v -0.288974 0.627514 0.393456
v -0.289381 0.627936 0.394978
v -0.288701 0.631446 0.392439
v -0.289109 0.631868 0.393961
v -0.293548 0.629480 0.391685
v -0.293956 0.629902 0.393207
v -0.288058 0.629480 0.393156
v -0.288466 0.629902 0.394678
v -0.290613 0.632225 0.391710
v -0.291021 0.632647 0.393232
v -0.290994 0.626735 0.393131
v -0.291401 0.627158 0.394653
v -0.291444 0.630144 0.394813
v -0.290803 0.629480 0.392421
vn -0.8733 0.3558 -0.3327
vn 0.4181 0.8980 -0.1371
vn 0.8733 -0.3558 0.3327
vn -0.4181 -0.8980 0.1371
vn 0.2500 -0.2588 -0.9330
vn -0.4629 0.0357 0.8857
vn -0.4337 0.4567 0.7767
vn 0.9227 0.3558 0.1485
vn -0.9227 -0.3558 -0.1485
vn -0.0127 0.4567 0.8895
vn -0.0419 0.0357 0.9985
vn 0.2935 -0.8980 0.3278
vn -0.2935 0.8980 -0.3278
vt 0.375000 0.125000
vt 0.625000 0.125000
vt 0.625000 0.250000
vt 0.375000 0.250000
vt 0.375000 0.375000
vt 0.625000 0.375000
vt 0.625000 0.500000
vt 0.375000 0.500000
vt 0.375000 0.625000
vt 0.625000 0.625000
vt 0.625000 0.750000
vt 0.375000 0.750000
vt 0.375000 0.875000
vt 0.625000 0.875000
vt 0.625000 1.000000
vt 0.375000 1.000000
vt 0.250000 0.625000
vt 0.250000 0.750000
vt 0.750000 0.625000
vt 0.875000 0.625000
vt 0.875000 0.750000
vt 0.750000 0.750000
vt 0.750000 0.500000
vt 0.875000 0.500000
vt 0.250000 0.500000
vt 0.375000 0.000000
vt 0.625000 0.000000
vt 0.125000 0.500000
vt 0.125000 0.625000
vt 0.125000 0.750000
s 0
usemtl 
f 4020/804/733 4021/805/733 4015/806/733 4014/807/733
f 4024/808/734 4025/809/734 4019/810/734 4018/811/734
f 4022/812/735 4023/813/735 4017/814/735 4016/815/735
f 4026/816/736 4027/817/736 4013/818/736 4012/819/736
f 4029/820/737 4022/812/737 4016/815/737 4026/821/737
f 4028/822/738 4021/823/738 4013/824/738 4027/825/738
f 4025/826/739 4015/827/739 4021/823/739 4028/822/739
f 4024/828/737 4018/811/737 4022/812/737 4029/820/737
f 4018/811/740 4019/810/740 4023/813/740 4022/812/740
f 4012/829/741 4013/830/741 4021/805/741 4020/804/741
f 4014/831/737 4024/828/737 4029/820/737 4020/832/737
f 4019/810/742 4025/826/742 4028/822/742 4023/813/742
f 4023/813/743 4028/822/743 4027/825/743 4017/814/743
f 4020/832/737 4029/820/737 4026/821/737 4012/833/737
f 4016/815/744 4017/814/744 4027/817/744 4026/816/744
f 4014/807/745 4015/806/745 4025/809/745 4024/808/745
f 4038/804/733 4039/805/733 4033/806/733 4032/807/733
f 4042/808/734 4043/809/734 4037/810/734 4036/811/734
f 4040/812/735 4041/813/735 4035/814/735 4034/815/735
f 4044/816/736 4045/817/736 4031/818/736 4030/819/736
f 4047/820/737 4040/812/737 4034/815/737 4044/821/737
f 4046/822/738 4039/823/738 4031/824/738 4045/825/738
f 4043/826/739 4033/827/739 4039/823/739 4046/822/739
f 4042/828/737 4036/811/737 4040/812/737 4047/820/737
f 4036/811/740 4037/810/740 4041/813/740 4040/812/740
f 4030/829/741 4031/830/741 4039/805/741 4038/804/741
f 4032/831/737 4042/828/737 4047/820/737 4038/832/737
f 4037/810/742 4043/826/742 4046/822/742 4041/813/742
f 4041/813/743 4046/822/743 4045/825/743 4035/814/743
f 4038/832/737 4047/820/737 4044/821/737 4030/833/737
f 4034/815/744 4035/814/744 4045/817/744 4044/816/744
f 4032/807/745 4033/806/745 4043/809/745 4042/808/745
f 4056/804/733 4057/805/733 4051/806/733 4050/807/733
f 4060/808/734 4061/809/734 4055/810/734 4054/811/734
f 4058/812/735 4059/813/735 4053/814/735 4052/815/735
f 4062/816/736 4063/817/736 4049/818/736 4048/819/736
f 4065/820/737 4058/812/737 4052/815/737 4062/821/737
f 4064/822/738 4057/823/738 4049/824/738 4063/825/738
f 4061/826/739 4051/827/739 4057/823/739 4064/822/739
f 4060/828/737 4054/811/737 4058/812/737 4065/820/737
f 4054/811/740 4055/810/740 4059/813/740 4058/812/740
f 4048/829/741 4049/830/741 4057/805/741 4056/804/741
f 4050/831/737 4060/828/737 4065/820/737 4056/832/737
f 4055/810/742 4061/826/742 4064/822/742 4059/813/742
f 4059/813/743 4064/822/743 4063/825/743 4053/814/743
f 4056/832/737 4065/820/737 4062/821/737 4048/833/737
f 4052/815/744 4053/814/744 4063/817/744 4062/816/744
f 4050/807/745 4051/806/745 4061/809/745 4060/808/745
f 4074/804/733 4075/805/733 4069/806/733 4068/807/733
f 4078/808/734 4079/809/734 4073/810/734 4072/811/734
f 4076/812/735 4077/813/735 4071/814/735 4070/815/735
f 4080/816/736 4081/817/736 4067/818/736 4066/819/736
f 4083/820/737 4076/812/737 4070/815/737 4080/821/737
f 4082/822/738 4075/823/738 4067/824/738 4081/825/738
f 4079/826/739 4069/827/739 4075/823/739 4082/822/739
f 4078/828/737 4072/811/737 4076/812/737 4083/820/737
f 4072/811/740 4073/810/740 4077/813/740 4076/812/740
f 4066/829/741 4067/830/741 4075/805/741 4074/804/741
f 4068/831/737 4078/828/737 4083/820/737 4074/832/737
f 4073/810/742 4079/826/742 4082/822/742 4077/813/742
f 4077/813/743 4082/822/743 4081/825/743 4071/814/743
f 4074/832/737 4083/820/737 4080/821/737 4066/833/737
f 4070/815/744 4071/814/744 4081/817/744 4080/816/744
f 4068/807/745 4069/806/745 4079/809/745 4078/808/745
o Turret-Rivvet-Set-4.004
v 0.260474 0.631317 0.407557
v 0.260881 0.631739 0.409079
v 0.260201 0.635249 0.406539
v 0.260609 0.635671 0.408061
v 0.256542 0.631317 0.408610
v 0.256949 0.631739 0.410132
v 0.256269 0.635249 0.407593
v 0.256677 0.635671 0.409114
v 0.261116 0.633283 0.406839
v 0.261524 0.633705 0.408361
v 0.255626 0.633283 0.408310
v 0.256034 0.633705 0.409832
v 0.258181 0.636028 0.406864
v 0.258589 0.636450 0.408386
v 0.258562 0.630538 0.408285
v 0.258969 0.630960 0.409807
v 0.259012 0.633946 0.409967
v 0.258371 0.633283 0.407575
v 0.279714 0.630049 0.402505
v 0.280122 0.630471 0.404027
v 0.279442 0.633981 0.401488
v 0.279849 0.634403 0.403010
v 0.275782 0.630049 0.403559
v 0.276190 0.630471 0.405081
v 0.275510 0.633981 0.402541
v 0.275917 0.634403 0.404063
v 0.280357 0.632015 0.401788
v 0.280765 0.632437 0.403310
v 0.274867 0.632015 0.403259
v 0.275275 0.632437 0.404781
v 0.277422 0.634760 0.401813
v 0.277829 0.635182 0.403335
v 0.277802 0.629270 0.403234
v 0.278210 0.629692 0.404756
v 0.278253 0.632679 0.404915
v 0.277612 0.632015 0.402523
v 0.298955 0.628782 0.397454
v 0.299363 0.629204 0.398976
v 0.298682 0.632714 0.396436
v 0.299090 0.633136 0.397958
v 0.295023 0.628782 0.398508
v 0.295431 0.629204 0.400030
v 0.294750 0.632714 0.397490
v 0.295158 0.633136 0.399012
v 0.299598 0.630748 0.396737
v 0.300005 0.631170 0.398259
v 0.294108 0.630748 0.398208
v 0.294516 0.631170 0.399730
v 0.296662 0.633493 0.396762
v 0.297070 0.633915 0.398284
v 0.297043 0.628003 0.398183
v 0.297451 0.628425 0.399704
v 0.297494 0.631411 0.399864
v 0.296853 0.630748 0.397472
v 0.318196 0.627514 0.392403
v 0.318604 0.627936 0.393925
v 0.317923 0.631446 0.391385
v 0.318331 0.631868 0.392907
v 0.314264 0.627514 0.393456
v 0.314672 0.627936 0.394978
v 0.313991 0.631446 0.392439
v 0.314399 0.631868 0.393961
v 0.318838 0.629480 0.391685
v 0.319246 0.629902 0.393207
v 0.313349 0.629480 0.393156
v 0.313756 0.629902 0.394678
v 0.315903 0.632225 0.391710
v 0.316311 0.632647 0.393232
v 0.316284 0.626735 0.393131
v 0.316692 0.627158 0.394653
v 0.316734 0.630144 0.394813
v 0.316093 0.629480 0.392421
vn 0.8733 0.3558 -0.3327
vn -0.4181 0.8980 -0.1371
vn -0.8733 -0.3558 0.3327
vn 0.4181 -0.8980 0.1371
vn -0.2500 -0.2588 -0.9330
vn 0.4629 0.0357 0.8857
vn 0.4337 0.4567 0.7767
vn -0.9227 0.3558 0.1485
vn 0.9227 -0.3558 -0.1485
vn 0.0127 0.4567 0.8895
vn 0.0419 0.0357 0.9985
vn -0.2935 -0.8980 0.3278
vn 0.2935 0.8980 -0.3278
vt 0.375000 0.125000
vt 0.625000 0.125000
vt 0.625000 0.250000
vt 0.375000 0.250000
vt 0.375000 0.375000
vt 0.625000 0.375000
vt 0.625000 0.500000
vt 0.375000 0.500000
vt 0.375000 0.625000
vt 0.625000 0.625000
vt 0.625000 0.750000
vt 0.375000 0.750000
vt 0.375000 0.875000
vt 0.625000 0.875000
vt 0.625000 1.000000
vt 0.375000 1.000000
vt 0.250000 0.625000
vt 0.250000 0.750000
vt 0.750000 0.625000
vt 0.875000 0.625000
vt 0.875000 0.750000
vt 0.750000 0.750000
vt 0.750000 0.500000
vt 0.875000 0.500000
vt 0.250000 0.500000
vt 0.375000 0.000000
vt 0.625000 0.000000
vt 0.125000 0.500000
vt 0.125000 0.625000
vt 0.125000 0.750000
s 0
usemtl 
f 4092/834/746 4086/837/746 4087/836/746 4093/835/746
f 4096/838/747 4090/841/747 4091/840/747 4097/839/747
f 4094/842/748 4088/845/748 4089/844/748 4095/843/748
f 4098/846/749 4084/849/749 4085/848/749 4099/847/749
f 4101/850/750 4098/851/750 4088/845/750 4094/842/750
f 4100/852/751 4099/855/751 4085/854/751 4093/853/751
f 4097/856/752 4100/852/752 4093/853/752 4087/857/752
f 4096/858/750 4101/850/750 4094/842/750 4090/841/750
f 4090/841/753 4094/842/753 4095/843/753 4091/840/753
f 4084/859/754 4092/834/754 4093/835/754 4085/860/754
f 4086/861/750 4092/862/750 4101/850/750 4096/858/750
f 4091/840/755 4095/843/755 4100/852/755 4097/856/755
f 4095/843/756 4089/844/756 4099/855/756 4100/852/756
f 4092/862/750 4084/863/750 4098/851/750 4101/850/750
f 4088/845/757 4098/846/757 4099/847/757 4089/844/757
f 4086/837/758 4096/838/758 4097/839/758 4087/836/758
f 4110/834/746 4104/837/746 4105/836/746 4111/835/746
f 4114/838/747 4108/841/747 4109/840/747 4115/839/747
f 4112/842/748 4106/845/748 4107/844/748 4113/843/748
f 4116/846/749 4102/849/749 4103/848/749 4117/847/749
f 4119/850/750 4116/851/750 4106/845/750 4112/842/750
f 4118/852/751 4117/855/751 4103/854/751 4111/853/751
f 4115/856/752 4118/852/752 4111/853/752 4105/857/752
f 4114/858/750 4119/850/750 4112/842/750 4108/841/750
f 4108/841/753 4112/842/753 4113/843/753 4109/840/753
f 4102/859/754 4110/834/754 4111/835/754 4103/860/754
f 4104/861/750 4110/862/750 4119/850/750 4114/858/750
f 4109/840/755 4113/843/755 4118/852/755 4115/856/755
f 4113/843/756 4107/844/756 4117/855/756 4118/852/756
f 4110/862/750 4102/863/750 4116/851/750 4119/850/750
f 4106/845/757 4116/846/757 4117/847/757 4107/844/757
f 4104/837/758 4114/838/758 4115/839/758 4105/836/758
f 4128/834/746 4122/837/746 4123/836/746 4129/835/746
f 4132/838/747 4126/841/747 4127/840/747 4133/839/747
f 4130/842/748 4124/845/748 4125/844/748 4131/843/748
f 4134/846/749 4120/849/749 4121/848/749 4135/847/749
f 4137/850/750 4134/851/750 4124/845/750 4130/842/750
f 4136/852/751 4135/855/751 4121/854/751 4129/853/751
f 4133/856/752 4136/852/752 4129/853/752 4123/857/752
f 4132/858/750 4137/850/750 4130/842/750 4126/841/750
f 4126/841/753 4130/842/753 4131/843/753 4127/840/753
f 4120/859/754 4128/834/754 4129/835/754 4121/860/754
f 4122/861/750 4128/862/750 4137/850/750 4132/858/750
f 4127/840/755 4131/843/755 4136/852/755 4133/856/755
f 4131/843/756 4125/844/756 4135/855/756 4136/852/756
f 4128/862/750 4120/863/750 4134/851/750 4137/850/750
f 4124/845/757 4134/846/757 4135/847/757 4125/844/757
f 4122/837/758 4132/838/758 4133/839/758 4123/836/758
f 4146/834/746 4140/837/746 4141/836/746 4147/835/746
f 4150/838/747 4144/841/747 4145/840/747 4151/839/747
f 4148/842/748 4142/845/748 4143/844/748 4149/843/748
f 4152/846/749 4138/849/749 4139/848/749 4153/847/749
f 4155/850/750 4152/851/750 4142/845/750 4148/842/750
f 4154/852/751 4153/855/751 4139/854/751 4147/853/751
f 4151/856/752 4154/852/752 4147/853/752 4141/857/752
f 4150/858/750 4155/850/750 4148/842/750 4144/841/750
f 4144/841/753 4148/842/753 4149/843/753 4145/840/753
f 4138/859/754 4146/834/754 4147/835/754 4139/860/754
f 4140/861/750 4146/862/750 4155/850/750 4150/858/750
f 4145/840/755 4149/843/755 4154/852/755 4151/856/755
f 4149/843/756 4143/844/756 4153/855/756 4154/852/756
f 4146/862/750 4138/863/750 4152/851/750 4155/850/750
f 4142/845/757 4152/846/757 4153/847/757 4143/844/757
f 4140/837/758 4150/838/758 4151/839/758 4141/836/758
o Turret-Rivvet-Set-4.005
v 0.260474 0.722302 0.386546
v 0.260881 0.722724 0.388068
v 0.260201 0.726234 0.385529
v 0.260609 0.726656 0.387051
v 0.256542 0.722302 0.387600
v 0.256949 0.722724 0.389122
v 0.256269 0.726234 0.386582
v 0.256677 0.726656 0.388104
v 0.261116 0.724268 0.385829
v 0.261524 0.724690 0.387351
v 0.255626 0.724268 0.387300
v 0.256034 0.724690 0.388822
v 0.258181 0.727013 0.385854
v 0.258589 0.727435 0.387376
v 0.258562 0.721523 0.387275
v 0.258969 0.721945 0.388797
v 0.259012 0.724932 0.388956
v 0.258371 0.724268 0.386564
v 0.279714 0.721035 0.381495
v 0.280122 0.721457 0.383017
v 0.279442 0.724967 0.380477
v 0.279849 0.725389 0.381999
v 0.275782 0.721035 0.382549
v 0.276190 0.721457 0.384071
v 0.275510 0.724967 0.381531
v 0.275917 0.725389 0.383053
v 0.280357 0.723001 0.380777
v 0.280765 0.723423 0.382299
v 0.274867 0.723001 0.382248
v 0.275275 0.723423 0.383770
v 0.277422 0.725746 0.380803
v 0.277829 0.726168 0.382324
v 0.277802 0.720256 0.382223
v 0.278210 0.720678 0.383745
v 0.278253 0.723664 0.383905
v 0.277612 0.723001 0.381513
v 0.298955 0.719767 0.376444
v 0.299363 0.720189 0.377966
v 0.298682 0.723699 0.375426
v 0.299090 0.724121 0.376948
v 0.295023 0.719767 0.377497
v 0.295431 0.720189 0.379019
v 0.294750 0.723699 0.376480
v 0.295158 0.724121 0.378002
v 0.299598 0.721733 0.375726
v 0.300005 0.722155 0.377248
v 0.294108 0.721733 0.377197
v 0.294516 0.722155 0.378719
v 0.296662 0.724478 0.375751
v 0.297070 0.724900 0.377273
v 0.297043 0.718988 0.377172
v 0.297451 0.719410 0.378694
v 0.297494 0.722397 0.378854
v 0.296853 0.721733 0.376462
v 0.318196 0.718500 0.371393
v 0.318604 0.718922 0.372915
v 0.317923 0.722432 0.370375
v 0.318331 0.722854 0.371897
v 0.314264 0.718500 0.372446
v 0.314672 0.718922 0.373968
v 0.313991 0.722432 0.371428
v 0.314399 0.722854 0.372950
v 0.318838 0.720466 0.370675
v 0.319246 0.720888 0.372197
v 0.313349 0.720466 0.372146
v 0.313756 0.720888 0.373668
v 0.315903 0.723211 0.370700
v 0.316311 0.723633 0.372222
v 0.316284 0.717721 0.372121
v 0.316692 0.718143 0.373643
v 0.316734 0.721129 0.373802
v 0.316093 0.720466 0.371411
vn 0.8733 0.3558 -0.3327
vn -0.4181 0.8980 -0.1371
vn -0.8733 -0.3558 0.3327
vn 0.4181 -0.8980 0.1371
vn -0.2500 -0.2588 -0.9330
vn 0.4629 0.0357 0.8857
vn 0.4337 0.4567 0.7767
vn -0.9227 0.3558 0.1485
vn 0.9227 -0.3558 -0.1485
vn 0.0127 0.4567 0.8895
vn 0.0419 0.0357 0.9985
vn -0.2935 -0.8980 0.3278
vn 0.2935 0.8980 -0.3278
vt 0.375000 0.125000
vt 0.625000 0.125000
vt 0.625000 0.250000
vt 0.375000 0.250000
vt 0.375000 0.375000
vt 0.625000 0.375000
vt 0.625000 0.500000
vt 0.375000 0.500000
vt 0.375000 0.625000
vt 0.625000 0.625000
vt 0.625000 0.750000
vt 0.375000 0.750000
vt 0.375000 0.875000
vt 0.625000 0.875000
vt 0.625000 1.000000
vt 0.375000 1.000000
vt 0.250000 0.625000
vt 0.250000 0.750000
vt 0.750000 0.625000
vt 0.875000 0.625000
vt 0.875000 0.750000
vt 0.750000 0.750000
vt 0.750000 0.500000
vt 0.875000 0.500000
vt 0.250000 0.500000
vt 0.375000 0.000000
vt 0.625000 0.000000
vt 0.125000 0.500000
vt 0.125000 0.625000
vt 0.125000 0.750000
s 0
usemtl 
f 4164/864/759 4158/867/759 4159/866/759 4165/865/759
f 4168/868/760 4162/871/760 4163/870/760 4169/869/760
f 4166/872/761 4160/875/761 4161/874/761 4167/873/761
f 4170/876/762 4156/879/762 4157/878/762 4171/877/762
f 4173/880/763 4170/881/763 4160/875/763 4166/872/763
f 4172/882/764 4171/885/764 4157/884/764 4165/883/764
f 4169/886/765 4172/882/765 4165/883/765 4159/887/765
f 4168/888/763 4173/880/763 4166/872/763 4162/871/763
f 4162/871/766 4166/872/766 4167/873/766 4163/870/766
f 4156/889/767 4164/864/767 4165/865/767 4157/890/767
f 4158/891/763 4164/892/763 4173/880/763 4168/888/763
f 4163/870/768 4167/873/768 4172/882/768 4169/886/768
f 4167/873/769 4161/874/769 4171/885/769 4172/882/769
f 4164/892/763 4156/893/763 4170/881/763 4173/880/763
f 4160/875/770 4170/876/770 4171/877/770 4161/874/770
f 4158/867/771 4168/868/771 4169/869/771 4159/866/771
f 4182/864/759 4176/867/759 4177/866/759 4183/865/759
f 4186/868/760 4180/871/760 4181/870/760 4187/869/760
f 4184/872/761 4178/875/761 4179/874/761 4185/873/761
f 4188/876/762 4174/879/762 4175/878/762 4189/877/762
f 4191/880/763 4188/881/763 4178/875/763 4184/872/763
f 4190/882/764 4189/885/764 4175/884/764 4183/883/764
f 4187/886/765 4190/882/765 4183/883/765 4177/887/765
f 4186/888/763 4191/880/763 4184/872/763 4180/871/763
f 4180/871/766 4184/872/766 4185/873/766 4181/870/766
f 4174/889/767 4182/864/767 4183/865/767 4175/890/767
f 4176/891/763 4182/892/763 4191/880/763 4186/888/763
f 4181/870/768 4185/873/768 4190/882/768 4187/886/768
f 4185/873/769 4179/874/769 4189/885/769 4190/882/769
f 4182/892/763 4174/893/763 4188/881/763 4191/880/763
f 4178/875/770 4188/876/770 4189/877/770 4179/874/770
f 4176/867/771 4186/868/771 4187/869/771 4177/866/771
f 4200/864/759 4194/867/759 4195/866/759 4201/865/759
f 4204/868/760 4198/871/760 4199/870/760 4205/869/760
f 4202/872/761 4196/875/761 4197/874/761 4203/873/761
f 4206/876/762 4192/879/762 4193/878/762 4207/877/762
f 4209/880/763 4206/881/763 4196/875/763 4202/872/763
f 4208/882/764 4207/885/764 4193/884/764 4201/883/764
f 4205/886/765 4208/882/765 4201/883/765 4195/887/765
f 4204/888/763 4209/880/763 4202/872/763 4198/871/763
f 4198/871/766 4202/872/766 4203/873/766 4199/870/766
f 4192/889/767 4200/864/767 4201/865/767 4193/890/767
f 4194/891/763 4200/892/763 4209/880/763 4204/888/763
f 4199/870/768 4203/873/768 4208/882/768 4205/886/768
f 4203/873/769 4197/874/769 4207/885/769 4208/882/769
f 4200/892/763 4192/893/763 4206/881/763 4209/880/763
f 4196/875/770 4206/876/770 4207/877/770 4197/874/770
f 4194/867/771 4204/868/771 4205/869/771 4195/866/771
f 4218/864/759 4212/867/759 4213/866/759 4219/865/759
f 4222/868/760 4216/871/760 4217/870/760 4223/869/760
f 4220/872/761 4214/875/761 4215/874/761 4221/873/761
f 4224/876/762 4210/879/762 4211/878/762 4225/877/762
f 4227/880/763 4224/881/763 4214/875/763 4220/872/763
f 4226/882/764 4225/885/764 4211/884/764 4219/883/764
f 4223/886/765 4226/882/765 4219/883/765 4213/887/765
f 4222/888/763 4227/880/763 4220/872/763 4216/871/763
f 4216/871/766 4220/872/766 4221/873/766 4217/870/766
f 4210/889/767 4218/864/767 4219/865/767 4211/890/767
f 4212/891/763 4218/892/763 4227/880/763 4222/888/763
f 4217/870/768 4221/873/768 4226/882/768 4223/886/768
f 4221/873/769 4215/874/769 4225/885/769 4226/882/769
f 4218/892/763 4210/893/763 4224/881/763 4227/880/763
f 4214/875/770 4224/876/770 4225/877/770 4215/874/770
f 4212/867/771 4222/868/771 4223/869/771 4213/866/771
o Turret-Rivvet-Set-4.006
v 0.260474 0.675830 0.397478
v 0.260881 0.676252 0.399000
v 0.260201 0.679762 0.396461
v 0.260609 0.680184 0.397983
v 0.256542 0.675830 0.398532
v 0.256949 0.676252 0.400054
v 0.256269 0.679762 0.397514
v 0.256677 0.680184 0.399036
v 0.261116 0.677796 0.396761
v 0.261524 0.678218 0.398283
v 0.255626 0.677796 0.398232
v 0.256034 0.678218 0.399754
v 0.258181 0.680541 0.396786
v 0.258589 0.680963 0.398308
v 0.258562 0.675051 0.398207
v 0.258969 0.675473 0.399729
v 0.259012 0.678460 0.399888
v 0.258371 0.677796 0.397496
v 0.283822 0.674611 0.391286
v 0.284229 0.675033 0.392808
v 0.283549 0.678543 0.390268
v 0.283957 0.678965 0.391790
v 0.279890 0.674611 0.392339
v 0.280297 0.675033 0.393861
v 0.279617 0.678543 0.391322
v 0.280025 0.678965 0.392844
v 0.284464 0.676577 0.390568
v 0.284872 0.676999 0.392090
v 0.278974 0.676577 0.392039
v 0.279382 0.676999 0.393561
v 0.281529 0.679322 0.390593
v 0.281937 0.679744 0.392115
v 0.281910 0.673832 0.392014
v 0.282317 0.674254 0.393536
v 0.282360 0.677240 0.393696
v 0.281719 0.676577 0.391304
v 0.307170 0.673392 0.385093
v 0.307577 0.673814 0.386615
v 0.306897 0.677324 0.384075
v 0.307305 0.677746 0.385597
v 0.303237 0.673392 0.386147
v 0.303645 0.673814 0.387669
v 0.302965 0.677324 0.385129
v 0.303373 0.677746 0.386651
v 0.307812 0.675358 0.384376
v 0.308220 0.675780 0.385898
v 0.302322 0.675358 0.385847
v 0.302730 0.675780 0.387369
v 0.304877 0.678103 0.384401
v 0.305285 0.678525 0.385923
v 0.305258 0.672613 0.385822
v 0.305665 0.673035 0.387343
v 0.305708 0.676021 0.387503
v 0.305067 0.675358 0.385111
v 0.330517 0.672172 0.378900
v 0.330925 0.672595 0.380422
v 0.330245 0.676104 0.377883
v 0.330653 0.676527 0.379405
v 0.326585 0.672172 0.379954
v 0.326993 0.672595 0.381476
v 0.326313 0.676104 0.378936
v 0.326721 0.676527 0.380458
v 0.331160 0.674138 0.378183
v 0.331568 0.674561 0.379705
v 0.325670 0.674138 0.379654
v 0.326078 0.674561 0.381176
v 0.328225 0.676883 0.378208
v 0.328633 0.677306 0.379730
v 0.328605 0.671393 0.379629
v 0.329013 0.671816 0.381151
v 0.329056 0.674802 0.381310
v 0.328415 0.674138 0.378918
v 0.353865 0.670953 0.372708
v 0.354273 0.671375 0.374230
v 0.353593 0.674885 0.371690
v 0.354001 0.675307 0.373212
v 0.349933 0.670953 0.373761
v 0.350341 0.671375 0.375283
v 0.349661 0.674885 0.372744
v 0.350069 0.675307 0.374266
v 0.354508 0.672919 0.371990
v 0.354916 0.673341 0.373512
v 0.349018 0.672919 0.373461
v 0.349426 0.673341 0.374983
v 0.351573 0.675664 0.372015
v 0.351981 0.676086 0.373537
v 0.351953 0.670174 0.373436
v 0.352361 0.670596 0.374958
v 0.352404 0.673583 0.375118
v 0.351763 0.672919 0.372726
vn 0.8733 0.3558 -0.3327
vn -0.4181 0.8980 -0.1371
vn -0.8733 -0.3558 0.3327
vn 0.4181 -0.8980 0.1371
vn -0.2500 -0.2588 -0.9330
vn 0.4629 0.0357 0.8857
vn 0.4337 0.4567 0.7767
vn -0.9227 0.3558 0.1485
vn 0.9227 -0.3558 -0.1485
vn 0.0127 0.4567 0.8895
vn 0.0419 0.0357 0.9985
vn -0.2935 -0.8980 0.3278
vn 0.2935 0.8980 -0.3278
vt 0.375000 0.125000
vt 0.625000 0.125000
vt 0.625000 0.250000
vt 0.375000 0.250000
vt 0.375000 0.375000
vt 0.625000 0.375000
vt 0.625000 0.500000
vt 0.375000 0.500000
vt 0.375000 0.625000
vt 0.625000 0.625000
vt 0.625000 0.750000
vt 0.375000 0.750000
vt 0.375000 0.875000
vt 0.625000 0.875000
vt 0.625000 1.000000
vt 0.375000 1.000000
vt 0.250000 0.625000
vt 0.250000 0.750000
vt 0.750000 0.625000
vt 0.875000 0.625000
vt 0.875000 0.750000
vt 0.750000 0.750000
vt 0.750000 0.500000
vt 0.875000 0.500000
vt 0.250000 0.500000
vt 0.375000 0.000000
vt 0.625000 0.000000
vt 0.125000 0.500000
vt 0.125000 0.625000
vt 0.125000 0.750000
s 0
usemtl 
f 4236/894/772 4230/897/772 4231/896/772 4237/895/772
f 4240/898/773 4234/901/773 4235/900/773 4241/899/773
f 4238/902/774 4232/905/774 4233/904/774 4239/903/774
f 4242/906/775 4228/909/775 4229/908/775 4243/907/775
f 4245/910/776 4242/911/776 4232/905/776 4238/902/776
f 4244/912/777 4243/915/777 4229/914/777 4237/913/777
f 4241/916/778 4244/912/778 4237/913/778 4231/917/778
f 4240/918/776 4245/910/776 4238/902/776 4234/901/776
f 4234/901/779 4238/902/779 4239/903/779 4235/900/779
f 4228/919/780 4236/894/780 4237/895/780 4229/920/780
f 4230/921/776 4236/922/776 4245/910/776 4240/918/776
f 4235/900/781 4239/903/781 4244/912/781 4241/916/781
f 4239/903/782 4233/904/782 4243/915/782 4244/912/782
f 4236/922/776 4228/923/776 4242/911/776 4245/910/776
f 4232/905/783 4242/906/783 4243/907/783 4233/904/783
f 4230/897/784 4240/898/784 4241/899/784 4231/896/784
f 4254/894/772 4248/897/772 4249/896/772 4255/895/772
f 4258/898/773 4252/901/773 4253/900/773 4259/899/773
f 4256/902/774 4250/905/774 4251/904/774 4257/903/774
f 4260/906/775 4246/909/775 4247/908/775 4261/907/775
f 4263/910/776 4260/911/776 4250/905/776 4256/902/776
f 4262/912/777 4261/915/777 4247/914/777 4255/913/777
f 4259/916/778 4262/912/778 4255/913/778 4249/917/778
f 4258/918/776 4263/910/776 4256/902/776 4252/901/776
f 4252/901/779 4256/902/779 4257/903/779 4253/900/779
f 4246/919/780 4254/894/780 4255/895/780 4247/920/780
f 4248/921/776 4254/922/776 4263/910/776 4258/918/776
f 4253/900/781 4257/903/781 4262/912/781 4259/916/781
f 4257/903/782 4251/904/782 4261/915/782 4262/912/782
f 4254/922/776 4246/923/776 4260/911/776 4263/910/776
f 4250/905/783 4260/906/783 4261/907/783 4251/904/783
f 4248/897/784 4258/898/784 4259/899/784 4249/896/784
f 4272/894/772 4266/897/772 4267/896/772 4273/895/772
f 4276/898/773 4270/901/773 4271/900/773 4277/899/773
f 4274/902/774 4268/905/774 4269/904/774 4275/903/774
f 4278/906/775 4264/909/775 4265/908/775 4279/907/775
f 4281/910/776 4278/911/776 4268/905/776 4274/902/776
f 4280/912/777 4279/915/777 4265/914/777 4273/913/777
f 4277/916/778 4280/912/778 4273/913/778 4267/917/778
f 4276/918/776 4281/910/776 4274/902/776 4270/901/776
f 4270/901/779 4274/902/779 4275/903/779 4271/900/779
f 4264/919/780 4272/894/780 4273/895/780 4265/920/780
f 4266/921/776 4272/922/776 4281/910/776 4276/918/776
f 4271/900/781 4275/903/781 4280/912/781 4277/916/781
f 4275/903/782 4269/904/782 4279/915/782 4280/912/782
f 4272/922/776 4264/923/776 4278/911/776 4281/910/776
f 4268/905/783 4278/906/783 4279/907/783 4269/904/783
f 4266/897/784 4276/898/784 4277/899/784 4267/896/784
f 4290/894/772 4284/897/772 4285/896/772 4291/895/772
f 4294/898/773 4288/901/773 4289/900/773 4295/899/773
f 4292/902/774 4286/905/774 4287/904/774 4293/903/774
f 4296/906/775 4282/909/775 4283/908/775 4297/907/775
f 4299/910/776 4296/911/776 4286/905/776 4292/902/776
f 4298/912/777 4297/915/777 4283/914/777 4291/913/777
f 4295/916/778 4298/912/778 4291/913/778 4285/917/778
f 4294/918/776 4299/910/776 4292/902/776 4288/901/776
f 4288/901/779 4292/902/779 4293/903/779 4289/900/779
f 4282/919/780 4290/894/780 4291/895/780 4283/920/780
f 4284/921/776 4290/922/776 4299/910/776 4294/918/776
f 4289/900/781 4293/903/781 4298/912/781 4295/916/781
f 4293/903/782 4287/904/782 4297/915/782 4298/912/782
f 4290/922/776 4282/923/776 4296/911/776 4299/910/776
f 4286/905/783 4296/906/783 4297/907/783 4287/904/783
f 4284/897/784 4294/898/784 4295/899/784 4285/896/784
f 4308/894/772 4302/897/772 4303/896/772 4309/895/772
f 4312/898/773 4306/901/773 4307/900/773 4313/899/773
f 4310/902/774 4304/905/774 4305/904/774 4311/903/774
f 4314/906/775 4300/909/775 4301/908/775 4315/907/775
f 4317/910/776 4314/911/776 4304/905/776 4310/902/776
f 4316/912/777 4315/915/777 4301/914/777 4309/913/777
f 4313/916/778 4316/912/778 4309/913/778 4303/917/778
f 4312/918/776 4317/910/776 4310/902/776 4306/901/776
f 4306/901/779 4310/902/779 4311/903/779 4307/900/779
f 4300/919/780 4308/894/780 4309/895/780 4301/920/780
f 4302/921/776 4308/922/776 4317/910/776 4312/918/776
f 4307/900/781 4311/903/781 4316/912/781 4313/916/781
f 4311/903/782 4305/904/782 4315/915/782 4316/912/782
f 4308/922/776 4300/923/776 4314/911/776 4317/910/776
f 4304/905/783 4314/906/783 4315/907/783 4305/904/783
f 4302/897/784 4312/898/784 4313/899/784 4303/896/784
o Plane.001
v 0.279593 0.635173 0.398146
v 0.320561 0.632728 0.387445
v 0.279593 0.671794 0.389777
v 0.320561 0.669349 0.379076
v 0.279133 0.634791 0.396474
v 0.320101 0.632345 0.385772
v 0.279133 0.671412 0.388104
v 0.320101 0.668966 0.377403
vn 0.2588 0.2152 0.9416
vn -0.2588 -0.2152 -0.9416
vn 0.9659 -0.0577 -0.2523
vn -0.9659 0.0577 0.2523
vn -0.0000 0.9749 -0.2228
vn -0.0000 -0.9749 0.2228
vt 0.000000 0.000000
vt 1.000000 0.000000
vt 1.000000 1.000000
vt 0.000000 1.000000
s 0
f 4318/924/785 4319/925/785 4321/926/785 4320/927/785
f 4322/924/786 4324/927/786 4325/926/786 4323/925/786
f 4319/925/787 4323/925/787 4325/926/787 4321/926/787
f 4320/927/788 4324/927/788 4322/924/788 4318/924/788
f 4321/926/789 4325/926/789 4324/927/789 4320/927/789
f 4318/924/790 4322/924/790 4323/925/790 4319/925/790
o Plane.004
v 0.279593 0.680994 0.387674
v 0.320561 0.678548 0.376973
v 0.279593 0.717615 0.379305
v 0.320561 0.715169 0.368604
v 0.279133 0.680612 0.386002
v 0.320101 0.678166 0.375300
v 0.279133 0.717233 0.377632
v 0.320101 0.714787 0.366931
vn 0.2588 0.2152 0.9416
vn -0.2588 -0.2152 -0.9416
vn 0.9659 -0.0577 -0.2523
vn -0.9659 0.0577 0.2523
vn -0.0000 0.9749 -0.2228
vn -0.0000 -0.9749 0.2228
vt 0.000000 0.000000
vt 1.000000 0.000000
vt 1.000000 1.000000
vt 0.000000 1.000000
s 0
f 4326/928/791 4327/929/791 4329/930/791 4328/931/791
f 4330/928/792 4332/931/792 4333/930/792 4331/929/792
f 4327/929/793 4331/929/793 4333/930/793 4329/930/793
f 4328/931/794 4332/931/794 4330/928/794 4326/928/794
f 4329/930/795 4333/930/795 4332/931/795 4328/931/795
f 4326/928/796 4330/928/796 4331/929/796 4327/929/796
o Cube.002
v 0.250928 0.628372 0.411270
v 0.250928 0.637620 0.409157
v 0.249507 0.627191 0.406101
v 0.249507 0.636439 0.403987
v 0.321580 0.624155 0.392815
v 0.321580 0.633403 0.390701
v 0.320159 0.622973 0.387645
v 0.320159 0.632221 0.385532
v 0.284833 0.625082 0.396873
v 0.284833 0.634330 0.394759
v 0.286254 0.626264 0.402043
v 0.286254 0.635511 0.399929
vn -0.9659 0.0577 0.2523
vn -0.2588 -0.2152 -0.9416
vn 0.9659 -0.0577 -0.2523
vn 0.2588 0.2152 0.9416
vn -0.0000 -0.9749 0.2228
vn -0.0000 0.9749 -0.2228
vt 0.375000 0.000000
vt 0.625000 0.000000
vt 0.625000 0.250000
vt 0.375000 0.250000
vt 0.375000 0.375000
vt 0.625000 0.375000
vt 0.625000 0.500000
vt 0.375000 0.500000
vt 0.625000 0.750000
vt 0.375000 0.750000
vt 0.375000 0.875000
vt 0.625000 0.875000
vt 0.625000 1.000000
vt 0.375000 1.000000
vt 0.250000 0.500000
vt 0.250000 0.750000
vt 0.750000 0.500000
vt 0.875000 0.500000
vt 0.875000 0.750000
vt 0.750000 0.750000
vt 0.125000 0.500000
vt 0.125000 0.750000
s 0
f 4334/932/797 4335/933/797 4337/934/797 4336/935/797
f 4342/936/798 4343/937/798 4341/938/798 4340/939/798
f 4340/939/799 4341/938/799 4339/940/799 4338/941/799
f 4344/942/800 4345/943/800 4335/944/800 4334/945/800
f 4342/946/801 4340/939/801 4338/941/801 4344/947/801
f 4343/948/802 4337/949/802 4335/950/802 4345/951/802
f 4341/938/802 4343/948/802 4345/951/802 4339/940/802
f 4336/952/801 4342/946/801 4344/947/801 4334/953/801
f 4338/941/800 4339/940/800 4345/943/800 4344/942/800
f 4336/935/798 4337/934/798 4343/937/798 4342/936/798
o Cube.003
v 0.251006 0.674376 0.400966
v 0.251006 0.683613 0.398855
v 0.249586 0.673195 0.395796
v 0.249586 0.682432 0.393685
v 0.359503 0.667899 0.372625
v 0.359503 0.677136 0.370514
v 0.358082 0.666718 0.367455
v 0.358082 0.675955 0.365344
vn -0.9659 0.0577 0.2523
vn -0.2588 -0.2152 -0.9416
vn 0.9659 -0.0577 -0.2523
vn 0.2588 0.2152 0.9416
vn -0.0000 -0.9749 0.2228
vn -0.0000 0.9749 -0.2228
vt 0.375000 0.000000
vt 0.625000 0.000000
vt 0.625000 0.250000
vt 0.375000 0.250000
vt 0.625000 0.500000
vt 0.375000 0.500000
vt 0.625000 0.750000
vt 0.375000 0.750000
vt 0.625000 1.000000
vt 0.375000 1.000000
vt 0.125000 0.500000
vt 0.125000 0.750000
vt 0.875000 0.500000
vt 0.875000 0.750000
s 0
f 4346/954/803 4347/955/803 4349/956/803 4348/957/803
f 4348/957/804 4349/956/804 4353/958/804 4352/959/804
f 4352/959/805 4353/958/805 4351/960/805 4350/961/805
f 4350/961/806 4351/960/806 4347/962/806 4346/963/806
f 4348/964/807 4352/959/807 4350/961/807 4346/965/807
f 4353/958/808 4349/966/808 4347/967/808 4351/960/808
o Cube.006
v 0.250928 0.720113 0.390303
v 0.250928 0.729361 0.388190
v 0.249507 0.718931 0.385134
v 0.249507 0.728179 0.383020
v 0.321580 0.715895 0.371848
v 0.321580 0.725143 0.369734
v 0.320159 0.714713 0.366678
v 0.320159 0.723961 0.364565
v 0.284833 0.716822 0.375906
v 0.284833 0.726070 0.373792
v 0.286254 0.718004 0.381076
v 0.286254 0.727252 0.378962
vn -0.9659 0.0577 0.2523
vn -0.2588 -0.2152 -0.9416
vn 0.9659 -0.0577 -0.2523
vn 0.2588 0.2152 0.9416
vn -0.0000 -0.9749 0.2228
vn -0.0000 0.9749 -0.2228
vt 0.375000 0.000000
vt 0.625000 0.000000
vt 0.625000 0.250000
vt 0.375000 0.250000
vt 0.375000 0.375000
vt 0.625000 0.375000
vt 0.625000 0.500000
vt 0.375000 0.500000
vt 0.625000 0.750000
vt 0.375000 0.750000
vt 0.375000 0.875000
vt 0.625000 0.875000
vt 0.625000 1.000000
vt 0.375000 1.000000
vt 0.250000 0.500000
vt 0.250000 0.750000
vt 0.750000 0.500000
vt 0.875000 0.500000
vt 0.875000 0.750000
vt 0.750000 0.750000
vt 0.125000 0.500000
vt 0.125000 0.750000
s 0
f 4354/968/809 4355/969/809 4357/970/809 4356/971/809
f 4362/972/810 4363/973/810 4361/974/810 4360/975/810
f 4360/975/811 4361/974/811 4359/976/811 4358/977/811
f 4364/978/812 4365/979/812 4355/980/812 4354/981/812
f 4362/982/813 4360/975/813 4358/977/813 4364/983/813
f 4363/984/814 4357/985/814 4355/986/814 4365/987/814
f 4361/974/814 4363/984/814 4365/987/814 4359/976/814
f 4356/988/813 4362/982/813 4364/983/813 4354/989/813
f 4358/977/812 4359/976/812 4365/979/812 4364/978/812
f 4356/971/810 4357/970/810 4363/973/810 4362/972/810
